dataset	primary	processed	tier	status	nevents	nfiles	size_TB	created
/DYJetsToLL_M-10to50_TuneCP5_13TeV-amcatnloFXFX-pythia8/RunIISummer20UL16NanoAODv15-150X_mcRun2_asymptotic_v1-v1/NANOAODSIM	DYJetsToLL_M-10to50_TuneCP5_13TeV-amcatnloFXFX-pythia8	RunIISummer20UL16NanoAODv15-150X_mcRun2_asymptotic_v1-v1	NANOAODSIM	VALID	49267069	32	0.053	2025-10-18
/DYJetsToLL_M-10to50_TuneCP5_13TeV-madgraphMLM-pythia8/RunIISummer20UL16NanoAODv15-150X_mcRun2_asymptotic_v1-v1/NANOAODSIM	DYJetsToLL_M-10to50_TuneCP5_13TeV-madgraphMLM-pythia8	RunIISummer20UL16NanoAODv15-150X_mcRun2_asymptotic_v1-v1	NANOAODSIM	VALID	23500067	17	0.024	2025-12-25
/DYJetsToLL_M-50_HT-100to200_TuneCP5_PSweights_13TeV-madgraphMLM-pythia8/RunIISummer20UL16NanoAODv15-150X_mcRun2_asymptotic_v1-v1/NANOAODSIM	DYJetsToLL_M-50_HT-100to200_TuneCP5_PSweights_13TeV-madgraphMLM-pythia8	RunIISummer20UL16NanoAODv15-150X_mcRun2_asymptotic_v1-v1	NANOAODSIM	VALID	8316351	13	0.019	2026-03-02
/DYJetsToLL_M-50_HT-1200to2500_TuneCP5_PSweights_13TeV-madgraphMLM-pythia8/RunIISummer20UL16NanoAODv15-150X_mcRun2_asymptotic_v1-v1/NANOAODSIM	DYJetsToLL_M-50_HT-1200to2500_TuneCP5_PSweights_13TeV-madgraphMLM-pythia8	RunIISummer20UL16NanoAODv15-150X_mcRun2_asymptotic_v1-v1	NANOAODSIM	VALID	1970857	4	0.010	2025-10-23
/DYJetsToLL_M-50_HT-200to400_TuneCP5_PSweights_13TeV-madgraphMLM-pythia8/RunIISummer20UL16NanoAODv15-150X_mcRun2_asymptotic_v1-v1/NANOAODSIM	DYJetsToLL_M-50_HT-200to400_TuneCP5_PSweights_13TeV-madgraphMLM-pythia8	RunIISummer20UL16NanoAODv15-150X_mcRun2_asymptotic_v1-v1	NANOAODSIM	VALID	5653782	9	0.017	2025-10-18
/DYJetsToLL_M-50_HT-2500toInf_TuneCP5_PSweights_13TeV-madgraphMLM-pythia8/RunIISummer20UL16NanoAODv15-150X_mcRun2_asymptotic_v1-v1/NANOAODSIM	DYJetsToLL_M-50_HT-2500toInf_TuneCP5_PSweights_13TeV-madgraphMLM-pythia8	RunIISummer20UL16NanoAODv15-150X_mcRun2_asymptotic_v1-v1	NANOAODSIM	VALID	696811	2	0.004	2025-10-18
/DYJetsToLL_M-50_HT-400to600_TuneCP5_PSweights_13TeV-madgraphMLM-pythia8/RunIISummer20UL16NanoAODv15-150X_mcRun2_asymptotic_v1-v1/NANOAODSIM	DYJetsToLL_M-50_HT-400to600_TuneCP5_PSweights_13TeV-madgraphMLM-pythia8	RunIISummer20UL16NanoAODv15-150X_mcRun2_asymptotic_v1-v1	NANOAODSIM	VALID	2491416	6	0.010	2025-10-18
/DYJetsToLL_M-50_HT-600to800_TuneCP5_PSweights_13TeV-madgraphMLM-pythia8/RunIISummer20UL16NanoAODv15-150X_mcRun2_asymptotic_v1-v1/NANOAODSIM	DYJetsToLL_M-50_HT-600to800_TuneCP5_PSweights_13TeV-madgraphMLM-pythia8	RunIISummer20UL16NanoAODv15-150X_mcRun2_asymptotic_v1-v1	NANOAODSIM	VALID	2299853	6	0.010	2025-10-18
/DYJetsToLL_M-50_HT-70to100_TuneCP5_PSweights_13TeV-madgraphMLM-pythia8/RunIISummer20UL16NanoAODv15-150X_mcRun2_asymptotic_v1-v1/NANOAODSIM	DYJetsToLL_M-50_HT-70to100_TuneCP5_PSweights_13TeV-madgraphMLM-pythia8	RunIISummer20UL16NanoAODv15-150X_mcRun2_asymptotic_v1-v1	NANOAODSIM	VALID	5893910	8	0.012	2026-03-02
/DYJetsToLL_M-50_HT-800to1200_TuneCP5_PSweights_13TeV-madgraphMLM-pythia8/RunIISummer20UL16NanoAODv15-150X_mcRun2_asymptotic_v1-v1/NANOAODSIM	DYJetsToLL_M-50_HT-800to1200_TuneCP5_PSweights_13TeV-madgraphMLM-pythia8	RunIISummer20UL16NanoAODv15-150X_mcRun2_asymptotic_v1-v1	NANOAODSIM	VALID	2393976	7	0.011	2025-10-18
/DYJetsToLL_M-50_TuneCP5_13TeV-amcatnloFXFX-pythia8/RunIISummer20UL16NanoAODv15-150X_mcRun2_asymptotic_v1-v1/NANOAODSIM	DYJetsToLL_M-50_TuneCP5_13TeV-amcatnloFXFX-pythia8	RunIISummer20UL16NanoAODv15-150X_mcRun2_asymptotic_v1-v1	NANOAODSIM	VALID	73859224	58	0.128	2025-10-17
/DYJetsToLL_M-50_TuneCP5_13TeV-madgraphMLM-pythia8/RunIISummer20UL16NanoAODv15-150X_mcRun2_asymptotic_v1-v1/NANOAODSIM	DYJetsToLL_M-50_TuneCP5_13TeV-madgraphMLM-pythia8	RunIISummer20UL16NanoAODv15-150X_mcRun2_asymptotic_v1-v1	NANOAODSIM	VALID	82448537	78	0.133	2025-10-18
/QCD_HT1000to1500_TuneCP5_PSWeights_13TeV-madgraph-pythia8/RunIISummer20UL16NanoAODv15-150X_mcRun2_asymptotic_v1-v1/NANOAODSIM	QCD_HT1000to1500_TuneCP5_PSWeights_13TeV-madgraph-pythia8	RunIISummer20UL16NanoAODv15-150X_mcRun2_asymptotic_v1-v1	NANOAODSIM	VALID	4365993	10	0.017	2025-10-19
/QCD_HT100to200_TuneCP5_PSWeights_13TeV-madgraph-pythia8/RunIISummer20UL16NanoAODv15-150X_mcRun2_asymptotic_v1-v1/NANOAODSIM	QCD_HT100to200_TuneCP5_PSWeights_13TeV-madgraph-pythia8	RunIISummer20UL16NanoAODv15-150X_mcRun2_asymptotic_v1-v1	NANOAODSIM	VALID	23717410	24	0.034	2025-10-18
/QCD_HT1500to2000_TuneCP5_PSWeights_13TeV-madgraph-pythia8/RunIISummer20UL16NanoAODv15-150X_mcRun2_asymptotic_v1-v1/NANOAODSIM	QCD_HT1500to2000_TuneCP5_PSWeights_13TeV-madgraph-pythia8	RunIISummer20UL16NanoAODv15-150X_mcRun2_asymptotic_v1-v1	NANOAODSIM	VALID	3217830	8	0.014	2025-10-18
/QCD_HT2000toInf_TuneCP5_PSWeights_13TeV-madgraph-pythia8/RunIISummer20UL16NanoAODv15-150X_mcRun2_asymptotic_v1-v1/NANOAODSIM	QCD_HT2000toInf_TuneCP5_PSWeights_13TeV-madgraph-pythia8	RunIISummer20UL16NanoAODv15-150X_mcRun2_asymptotic_v1-v1	NANOAODSIM	VALID	1847781	5	0.009	2025-10-19
/QCD_HT200to300_TuneCP5_PSWeights_13TeV-madgraph-pythia8/RunIISummer20UL16NanoAODv15-150X_mcRun2_asymptotic_v1-v1/NANOAODSIM	QCD_HT200to300_TuneCP5_PSWeights_13TeV-madgraph-pythia8	RunIISummer20UL16NanoAODv15-150X_mcRun2_asymptotic_v1-v1	NANOAODSIM	VALID	17569141	17	0.031	2025-10-18
/QCD_HT300to500_TuneCP5_PSWeights_13TeV-madgraph-pythia8/RunIISummer20UL16NanoAODv15-150X_mcRun2_asymptotic_v1-v1/NANOAODSIM	QCD_HT300to500_TuneCP5_PSWeights_13TeV-madgraph-pythia8	RunIISummer20UL16NanoAODv15-150X_mcRun2_asymptotic_v1-v1	NANOAODSIM	VALID	16747056	22	0.040	2025-10-18
/QCD_HT500to700_TuneCP5_PSWeights_13TeV-madgraph-pythia8/RunIISummer20UL16NanoAODv15-150X_mcRun2_asymptotic_v1-v1/NANOAODSIM	QCD_HT500to700_TuneCP5_PSWeights_13TeV-madgraph-pythia8	RunIISummer20UL16NanoAODv15-150X_mcRun2_asymptotic_v1-v1	NANOAODSIM	VALID	15222746	23	0.049	2025-10-18
/QCD_HT700to1000_TuneCP5_PSWeights_13TeV-madgraph-pythia8/RunIISummer20UL16NanoAODv15-150X_mcRun2_asymptotic_v1-v1/NANOAODSIM	QCD_HT700to1000_TuneCP5_PSWeights_13TeV-madgraph-pythia8	RunIISummer20UL16NanoAODv15-150X_mcRun2_asymptotic_v1-v1	NANOAODSIM	VALID	13905714	22	0.051	2025-10-18
/QCD_Pt-1000_MuEnrichedPt5_TuneCP5_13TeV-pythia8/RunIISummer20UL16NanoAODv15-150X_mcRun2_asymptotic_v1-v1/NANOAODSIM	QCD_Pt-1000_MuEnrichedPt5_TuneCP5_13TeV-pythia8	RunIISummer20UL16NanoAODv15-150X_mcRun2_asymptotic_v1-v1	NANOAODSIM	VALID	14243204	28	0.069	2025-10-18
/QCD_Pt-120To170_MuEnrichedPt5_TuneCP5_13TeV-pythia8/RunIISummer20UL16NanoAODv15-150X_mcRun2_asymptotic_v1-v1/NANOAODSIM	QCD_Pt-120To170_MuEnrichedPt5_TuneCP5_13TeV-pythia8	RunIISummer20UL16NanoAODv15-150X_mcRun2_asymptotic_v1-v1	NANOAODSIM	VALID	19772747	24	0.049	2025-10-18
/QCD_Pt-15To20_MuEnrichedPt5_TuneCP5_13TeV-pythia8/RunIISummer20UL16NanoAODv15-150X_mcRun2_asymptotic_v1-v1/NANOAODSIM	QCD_Pt-15To20_MuEnrichedPt5_TuneCP5_13TeV-pythia8	RunIISummer20UL16NanoAODv15-150X_mcRun2_asymptotic_v1-v1	NANOAODSIM	VALID	4529975	5	0.006	2025-10-18
/QCD_Pt-170To300_MuEnrichedPt5_TuneCP5_13TeV-pythia8/RunIISummer20UL16NanoAODv15-150X_mcRun2_asymptotic_v1-v1/NANOAODSIM	QCD_Pt-170To300_MuEnrichedPt5_TuneCP5_13TeV-pythia8	RunIISummer20UL16NanoAODv15-150X_mcRun2_asymptotic_v1-v1	NANOAODSIM	VALID	34290911	53	0.110	2025-10-19
/QCD_Pt-20To30_MuEnrichedPt5_TuneCP5_13TeV-pythia8/RunIISummer20UL16NanoAODv15-150X_mcRun2_asymptotic_v1-v1/NANOAODSIM	QCD_Pt-20To30_MuEnrichedPt5_TuneCP5_13TeV-pythia8	RunIISummer20UL16NanoAODv15-150X_mcRun2_asymptotic_v1-v1	NANOAODSIM	VALID	30853571	25	0.043	2025-10-18
/QCD_Pt-300To470_MuEnrichedPt5_TuneCP5_13TeV-pythia8/RunIISummer20UL16NanoAODv15-150X_mcRun2_asymptotic_v1-v1/NANOAODSIM	QCD_Pt-300To470_MuEnrichedPt5_TuneCP5_13TeV-pythia8	RunIISummer20UL16NanoAODv15-150X_mcRun2_asymptotic_v1-v1	NANOAODSIM	VALID	29908653	55	0.115	2025-10-20
/QCD_Pt-30To50_MuEnrichedPt5_TuneCP5_13TeV-pythia8/RunIISummer20UL16NanoAODv15-150X_mcRun2_asymptotic_v1-v1/NANOAODSIM	QCD_Pt-30To50_MuEnrichedPt5_TuneCP5_13TeV-pythia8	RunIISummer20UL16NanoAODv15-150X_mcRun2_asymptotic_v1-v1	NANOAODSIM	VALID	35474172	30	0.055	2025-10-18
/QCD_Pt-30to40_DoubleEMEnriched_MGG-80toInf_TuneCP5_13TeV-pythia8/RunIISummer20UL16NanoAODv15-150X_mcRun2_asymptotic_v1-v1/NANOAODSIM	QCD_Pt-30to40_DoubleEMEnriched_MGG-80toInf_TuneCP5_13TeV-pythia8	RunIISummer20UL16NanoAODv15-150X_mcRun2_asymptotic_v1-v1	NANOAODSIM	VALID	1982850	3	0.003	2025-10-16
/QCD_Pt-30toInf_DoubleEMEnriched_MGG-40to80_TuneCP5_13TeV-pythia8/RunIISummer20UL16NanoAODv15-150X_mcRun2_asymptotic_v1-v1/NANOAODSIM	QCD_Pt-30toInf_DoubleEMEnriched_MGG-40to80_TuneCP5_13TeV-pythia8	RunIISummer20UL16NanoAODv15-150X_mcRun2_asymptotic_v1-v1	NANOAODSIM	PRODUCTION	4537039	7	0.007	2025-10-16
/QCD_Pt-30toInf_DoubleEMEnriched_MGG-40to80_TuneCP5_13TeV-pythia8/RunIISummer20UL16NanoAODv15-150X_mcRun2_asymptotic_v1-v2/NANOAODSIM	QCD_Pt-30toInf_DoubleEMEnriched_MGG-40to80_TuneCP5_13TeV-pythia8	RunIISummer20UL16NanoAODv15-150X_mcRun2_asymptotic_v1-v2	NANOAODSIM	VALID	4537039	7	0.007	2025-10-16
/QCD_Pt-40ToInf_DoubleEMEnriched_MGG-80ToInf_TuneCP5_13TeV-pythia8/RunIISummer20UL16NanoAODv15-150X_mcRun2_asymptotic_v1-v1/NANOAODSIM	QCD_Pt-40ToInf_DoubleEMEnriched_MGG-80ToInf_TuneCP5_13TeV-pythia8	RunIISummer20UL16NanoAODv15-150X_mcRun2_asymptotic_v1-v1	NANOAODSIM	VALID	4742487	5	0.008	2025-10-15
/QCD_Pt-470To600_MuEnrichedPt5_TuneCP5_13TeV-pythia8/RunIISummer20UL16NanoAODv15-150X_mcRun2_asymptotic_v1-v1/NANOAODSIM	QCD_Pt-470To600_MuEnrichedPt5_TuneCP5_13TeV-pythia8	RunIISummer20UL16NanoAODv15-150X_mcRun2_asymptotic_v1-v1	NANOAODSIM	VALID	19771458	36	0.083	2025-10-18
/QCD_Pt-50To80_MuEnrichedPt5_TuneCP5_13TeV-pythia8/RunIISummer20UL16NanoAODv15-150X_mcRun2_asymptotic_v1-v1/NANOAODSIM	QCD_Pt-50To80_MuEnrichedPt5_TuneCP5_13TeV-pythia8	RunIISummer20UL16NanoAODv15-150X_mcRun2_asymptotic_v1-v1	NANOAODSIM	VALID	21491325	23	0.037	2025-10-18
/QCD_Pt-600To800_MuEnrichedPt5_TuneCP5_13TeV-pythia8/RunIISummer20UL16NanoAODv15-150X_mcRun2_asymptotic_v1-v1/NANOAODSIM	QCD_Pt-600To800_MuEnrichedPt5_TuneCP5_13TeV-pythia8	RunIISummer20UL16NanoAODv15-150X_mcRun2_asymptotic_v1-v1	NANOAODSIM	VALID	18763139	34	0.082	2025-10-19
/QCD_Pt-800To1000_MuEnrichedPt5_TuneCP5_13TeV-pythia8/RunIISummer20UL16NanoAODv15-150X_mcRun2_asymptotic_v1-v1/NANOAODSIM	QCD_Pt-800To1000_MuEnrichedPt5_TuneCP5_13TeV-pythia8	RunIISummer20UL16NanoAODv15-150X_mcRun2_asymptotic_v1-v1	NANOAODSIM	VALID	38921526	73	0.179	2025-10-20
/QCD_Pt-80To120_MuEnrichedPt5_TuneCP5_13TeV-pythia8/RunIISummer20UL16NanoAODv15-150X_mcRun2_asymptotic_v1-v1/NANOAODSIM	QCD_Pt-80To120_MuEnrichedPt5_TuneCP5_13TeV-pythia8	RunIISummer20UL16NanoAODv15-150X_mcRun2_asymptotic_v1-v1	NANOAODSIM	VALID	22005632	23	0.044	2025-10-18
/QCD_Pt_1000to1400_TuneCP5_13TeV_pythia8/RunIISummer20UL16NanoAODv15-150X_mcRun2_asymptotic_v1-v1/NANOAODSIM	QCD_Pt_1000to1400_TuneCP5_13TeV_pythia8	RunIISummer20UL16NanoAODv15-150X_mcRun2_asymptotic_v1-v1	NANOAODSIM	VALID	19892000	33	0.079	2025-10-19
/QCD_Pt_120to170_TuneCP5_13TeV_pythia8/RunIISummer20UL16NanoAODv15-150X_mcRun2_asymptotic_v1-v1/NANOAODSIM	QCD_Pt_120to170_TuneCP5_13TeV_pythia8	RunIISummer20UL16NanoAODv15-150X_mcRun2_asymptotic_v1-v1	NANOAODSIM	VALID	27348000	27	0.053	2025-10-19
/QCD_Pt_1400to1800_TuneCP5_13TeV_pythia8/RunIISummer20UL16NanoAODv15-150X_mcRun2_asymptotic_v1-v1/NANOAODSIM	QCD_Pt_1400to1800_TuneCP5_13TeV_pythia8	RunIISummer20UL16NanoAODv15-150X_mcRun2_asymptotic_v1-v1	NANOAODSIM	VALID	10722000	23	0.044	2025-10-20
/QCD_Pt_15to30_TuneCP5_13TeV_pythia8/RunIISummer20UL16NanoAODv15-150X_mcRun2_asymptotic_v1-v1/NANOAODSIM	QCD_Pt_15to30_TuneCP5_13TeV_pythia8	RunIISummer20UL16NanoAODv15-150X_mcRun2_asymptotic_v1-v1	NANOAODSIM	PRODUCTION	19298000	14	0.016	2026-01-05
/QCD_Pt_15to30_TuneCP5_13TeV_pythia8/RunIISummer20UL16NanoAODv15-150X_mcRun2_asymptotic_v1-v2/NANOAODSIM	QCD_Pt_15to30_TuneCP5_13TeV_pythia8	RunIISummer20UL16NanoAODv15-150X_mcRun2_asymptotic_v1-v2	NANOAODSIM	VALID	19092000	13	0.016	2025-12-29
/QCD_Pt_170to300_TuneCP5_13TeV_pythia8/RunIISummer20UL16NanoAODv15-150X_mcRun2_asymptotic_v1-v1/NANOAODSIM	QCD_Pt_170to300_TuneCP5_13TeV_pythia8	RunIISummer20UL16NanoAODv15-150X_mcRun2_asymptotic_v1-v1	NANOAODSIM	VALID	29926000	37	0.079	2025-10-19
/QCD_Pt_1800to2400_TuneCP5_13TeV_pythia8/RunIISummer20UL16NanoAODv15-150X_mcRun2_asymptotic_v1-v1/NANOAODSIM	QCD_Pt_1800to2400_TuneCP5_13TeV_pythia8	RunIISummer20UL16NanoAODv15-150X_mcRun2_asymptotic_v1-v1	NANOAODSIM	VALID	5236000	13	0.023	2025-10-17
/QCD_Pt_2400to3200_TuneCP5_13TeV_pythia8/RunIISummer20UL16NanoAODv15-150X_mcRun2_asymptotic_v1-v1/NANOAODSIM	QCD_Pt_2400to3200_TuneCP5_13TeV_pythia8	RunIISummer20UL16NanoAODv15-150X_mcRun2_asymptotic_v1-v1	NANOAODSIM	VALID	2848000	6	0.013	2025-10-18
/QCD_Pt_300to470_TuneCP5_13TeV_pythia8/RunIISummer20UL16NanoAODv15-150X_mcRun2_asymptotic_v1-v1/NANOAODSIM	QCD_Pt_300to470_TuneCP5_13TeV_pythia8	RunIISummer20UL16NanoAODv15-150X_mcRun2_asymptotic_v1-v1	NANOAODSIM	VALID	55264000	83	0.174	2025-10-19
/QCD_Pt_30to50_TuneCP5_13TeV_pythia8/RunIISummer20UL16NanoAODv15-150X_mcRun2_asymptotic_v1-v1/NANOAODSIM	QCD_Pt_30to50_TuneCP5_13TeV_pythia8	RunIISummer20UL16NanoAODv15-150X_mcRun2_asymptotic_v1-v1	NANOAODSIM	PRODUCTION	19204000	15	0.020	2026-01-05
/QCD_Pt_30to50_TuneCP5_13TeV_pythia8/RunIISummer20UL16NanoAODv15-150X_mcRun2_asymptotic_v1-v2/NANOAODSIM	QCD_Pt_30to50_TuneCP5_13TeV_pythia8	RunIISummer20UL16NanoAODv15-150X_mcRun2_asymptotic_v1-v2	NANOAODSIM	PRODUCTION	19204000	17	0.020	2026-01-05
/QCD_Pt_30to50_TuneCP5_13TeV_pythia8/RunIISummer20UL16NanoAODv15-150X_mcRun2_asymptotic_v1-v3/NANOAODSIM	QCD_Pt_30to50_TuneCP5_13TeV_pythia8	RunIISummer20UL16NanoAODv15-150X_mcRun2_asymptotic_v1-v3	NANOAODSIM	VALID	19204000	15	0.020	2026-01-05
/QCD_Pt_3200toInf_TuneCP5_13TeV_pythia8/RunIISummer20UL16NanoAODv15-150X_mcRun2_asymptotic_v1-v1/NANOAODSIM	QCD_Pt_3200toInf_TuneCP5_13TeV_pythia8	RunIISummer20UL16NanoAODv15-150X_mcRun2_asymptotic_v1-v1	NANOAODSIM	VALID	996000	3	0.005	2025-10-19
/QCD_Pt_470to600_TuneCP5_13TeV_pythia8/RunIISummer20UL16NanoAODv15-150X_mcRun2_asymptotic_v1-v1/NANOAODSIM	QCD_Pt_470to600_TuneCP5_13TeV_pythia8	RunIISummer20UL16NanoAODv15-150X_mcRun2_asymptotic_v1-v1	NANOAODSIM	VALID	52408000	73	0.181	2025-10-18
/QCD_Pt_50to80_TuneCP5_13TeV_pythia8/RunIISummer20UL16NanoAODv15-150X_mcRun2_asymptotic_v1-v1/NANOAODSIM	QCD_Pt_50to80_TuneCP5_13TeV_pythia8	RunIISummer20UL16NanoAODv15-150X_mcRun2_asymptotic_v1-v1	NANOAODSIM	VALID	19776000	15	0.024	2025-12-25
/QCD_Pt_600to800_TuneCP5_13TeV_pythia8/RunIISummer20UL16NanoAODv15-150X_mcRun2_asymptotic_v1-v1/NANOAODSIM	QCD_Pt_600to800_TuneCP5_13TeV_pythia8	RunIISummer20UL16NanoAODv15-150X_mcRun2_asymptotic_v1-v1	NANOAODSIM	INVALID	0	0	0.000	2025-09-19
/QCD_Pt_600to800_TuneCP5_13TeV_pythia8/RunIISummer20UL16NanoAODv15-150X_mcRun2_asymptotic_v1-v2/NANOAODSIM	QCD_Pt_600to800_TuneCP5_13TeV_pythia8	RunIISummer20UL16NanoAODv15-150X_mcRun2_asymptotic_v1-v2	NANOAODSIM	VALID	65088000	98	0.236	2025-10-18
/QCD_Pt_800to1000_TuneCP5_13TeV_pythia8/RunIISummer20UL16NanoAODv15-150X_mcRun2_asymptotic_v1-v1/NANOAODSIM	QCD_Pt_800to1000_TuneCP5_13TeV_pythia8	RunIISummer20UL16NanoAODv15-150X_mcRun2_asymptotic_v1-v1	NANOAODSIM	VALID	37782000	62	0.144	2025-10-19
/QCD_Pt_80to120_TuneCP5_13TeV_pythia8/RunIISummer20UL16NanoAODv15-150X_mcRun2_asymptotic_v1-v1/NANOAODSIM	QCD_Pt_80to120_TuneCP5_13TeV_pythia8	RunIISummer20UL16NanoAODv15-150X_mcRun2_asymptotic_v1-v1	NANOAODSIM	PRODUCTION	29938000	25	0.044	2026-01-05
/QCD_Pt_80to120_TuneCP5_13TeV_pythia8/RunIISummer20UL16NanoAODv15-150X_mcRun2_asymptotic_v1-v2/NANOAODSIM	QCD_Pt_80to120_TuneCP5_13TeV_pythia8	RunIISummer20UL16NanoAODv15-150X_mcRun2_asymptotic_v1-v2	NANOAODSIM	VALID	29320000	25	0.043	2025-12-29
/ST_s-channel_4f_hadronicDecays_TuneCP5_13TeV-amcatnlo-pythia8/RunIISummer20UL16NanoAODv15-150X_mcRun2_asymptotic_v1-v1/NANOAODSIM	ST_s-channel_4f_hadronicDecays_TuneCP5_13TeV-amcatnlo-pythia8	RunIISummer20UL16NanoAODv15-150X_mcRun2_asymptotic_v1-v1	NANOAODSIM	VALID	5300000	8	0.012	2025-10-20
/ST_s-channel_4f_leptonDecays_TuneCP5_13TeV-amcatnlo-pythia8/RunIISummer20UL16NanoAODv15-150X_mcRun2_asymptotic_v1-v1/NANOAODSIM	ST_s-channel_4f_leptonDecays_TuneCP5_13TeV-amcatnlo-pythia8	RunIISummer20UL16NanoAODv15-150X_mcRun2_asymptotic_v1-v1	NANOAODSIM	VALID	5471000	6	0.012	2025-10-18
/ST_t-channel_antitop_4f_InclusiveDecays_TuneCP5_13TeV-powheg-madspin-pythia8/RunIISummer20UL16NanoAODv15-150X_mcRun2_asymptotic_v1-v1/NANOAODSIM	ST_t-channel_antitop_4f_InclusiveDecays_TuneCP5_13TeV-powheg-madspin-pythia8	RunIISummer20UL16NanoAODv15-150X_mcRun2_asymptotic_v1-v1	NANOAODSIM	VALID	30609000	35	0.070	2025-10-18
/ST_t-channel_top_4f_InclusiveDecays_TuneCP5_13TeV-powheg-madspin-pythia8/RunIISummer20UL16NanoAODv15-150X_mcRun2_asymptotic_v1-v1/NANOAODSIM	ST_t-channel_top_4f_InclusiveDecays_TuneCP5_13TeV-powheg-madspin-pythia8	RunIISummer20UL16NanoAODv15-150X_mcRun2_asymptotic_v1-v1	NANOAODSIM	VALID	63073000	66	0.143	2025-10-18
/ST_tW_antitop_5f_NoFullyHadronicDecays_TuneCP5_13TeV-powheg-pythia8/RunIISummer20UL16NanoAODv15-150X_mcRun2_asymptotic_v1-v1/NANOAODSIM	ST_tW_antitop_5f_NoFullyHadronicDecays_TuneCP5_13TeV-powheg-pythia8	RunIISummer20UL16NanoAODv15-150X_mcRun2_asymptotic_v1-v1	NANOAODSIM	PRODUCTION	3654510	5	0.010	2026-01-05
/ST_tW_antitop_5f_NoFullyHadronicDecays_TuneCP5_13TeV-powheg-pythia8/RunIISummer20UL16NanoAODv15-150X_mcRun2_asymptotic_v1-v2/NANOAODSIM	ST_tW_antitop_5f_NoFullyHadronicDecays_TuneCP5_13TeV-powheg-pythia8	RunIISummer20UL16NanoAODv15-150X_mcRun2_asymptotic_v1-v2	NANOAODSIM	VALID	3654510	6	0.010	2025-12-29
/ST_tW_antitop_5f_inclusiveDecays_TuneCP5_13TeV-powheg-pythia8/RunIISummer20UL16NanoAODv15-150X_mcRun2_asymptotic_v1-v1/NANOAODSIM	ST_tW_antitop_5f_inclusiveDecays_TuneCP5_13TeV-powheg-pythia8	RunIISummer20UL16NanoAODv15-150X_mcRun2_asymptotic_v1-v1	NANOAODSIM	VALID	2554000	4	0.007	2025-10-18
/ST_tW_top_5f_NoFullyHadronicDecays_TuneCP5_13TeV-powheg-pythia8/RunIISummer20UL16NanoAODv15-150X_mcRun2_asymptotic_v1-v1/NANOAODSIM	ST_tW_top_5f_NoFullyHadronicDecays_TuneCP5_13TeV-powheg-pythia8	RunIISummer20UL16NanoAODv15-150X_mcRun2_asymptotic_v1-v1	NANOAODSIM	PRODUCTION	3368375	6	0.009	2026-01-05
/ST_tW_top_5f_NoFullyHadronicDecays_TuneCP5_13TeV-powheg-pythia8/RunIISummer20UL16NanoAODv15-150X_mcRun2_asymptotic_v1-v2/NANOAODSIM	ST_tW_top_5f_NoFullyHadronicDecays_TuneCP5_13TeV-powheg-pythia8	RunIISummer20UL16NanoAODv15-150X_mcRun2_asymptotic_v1-v2	NANOAODSIM	VALID	3368375	5	0.009	2025-12-29
/ST_tW_top_5f_inclusiveDecays_TuneCP5_13TeV-powheg-pythia8/RunIISummer20UL16NanoAODv15-150X_mcRun2_asymptotic_v1-v1/NANOAODSIM	ST_tW_top_5f_inclusiveDecays_TuneCP5_13TeV-powheg-pythia8	RunIISummer20UL16NanoAODv15-150X_mcRun2_asymptotic_v1-v1	NANOAODSIM	VALID	2491000	4	0.007	2025-10-18
/THQ_ctcvcp_4f_Hincl_TuneCP5_13TeV_madgraph_pythia8/RunIISummer20UL16NanoAODv15-150X_mcRun2_asymptotic_v1-v1/NANOAODSIM	THQ_ctcvcp_4f_Hincl_TuneCP5_13TeV_madgraph_pythia8	RunIISummer20UL16NanoAODv15-150X_mcRun2_asymptotic_v1-v1	NANOAODSIM	VALID	14939986	20	0.049	2025-10-19
/TTJets_TuneCP5_13TeV-amcatnloFXFX-pythia8/RunIISummer20UL16NanoAODv15-150X_mcRun2_asymptotic_v1-v1/NANOAODSIM	TTJets_TuneCP5_13TeV-amcatnloFXFX-pythia8	RunIISummer20UL16NanoAODv15-150X_mcRun2_asymptotic_v1-v1	NANOAODSIM	VALID	90609841	123	0.296	2025-10-15
/TTTT_TuneCP5_13TeV-amcatnlo-pythia8/RunIISummer20UL16NanoAODv15-150X_mcRun2_asymptotic_v1-v1/NANOAODSIM	TTTT_TuneCP5_13TeV-amcatnlo-pythia8	RunIISummer20UL16NanoAODv15-150X_mcRun2_asymptotic_v1-v1	NANOAODSIM	VALID	4602000	13	0.028	2025-10-19
/TTTo2L2Nu_TuneCP5_13TeV-powheg-pythia8/RunIISummer20UL16NanoAODv15-150X_mcRun2_asymptotic_v1-v1/NANOAODSIM	TTTo2L2Nu_TuneCP5_13TeV-powheg-pythia8	RunIISummer20UL16NanoAODv15-150X_mcRun2_asymptotic_v1-v1	NANOAODSIM	INVALID	0	0	0.000	2025-09-17
/TTTo2L2Nu_TuneCP5_13TeV-powheg-pythia8/RunIISummer20UL16NanoAODv15-150X_mcRun2_asymptotic_v1-v2/NANOAODSIM	TTTo2L2Nu_TuneCP5_13TeV-powheg-pythia8	RunIISummer20UL16NanoAODv15-150X_mcRun2_asymptotic_v1-v2	NANOAODSIM	VALID	43630000	63	0.130	2025-10-17
/TTToHadronic_TuneCP5_13TeV-powheg-pythia8/RunIISummer20UL16NanoAODv15-150X_mcRun2_asymptotic_v1-v1/NANOAODSIM	TTToHadronic_TuneCP5_13TeV-powheg-pythia8	RunIISummer20UL16NanoAODv15-150X_mcRun2_asymptotic_v1-v1	NANOAODSIM	INVALID	0	0	0.000	2025-09-17
/TTToHadronic_TuneCP5_13TeV-powheg-pythia8/RunIISummer20UL16NanoAODv15-150X_mcRun2_asymptotic_v1-v2/NANOAODSIM	TTToHadronic_TuneCP5_13TeV-powheg-pythia8	RunIISummer20UL16NanoAODv15-150X_mcRun2_asymptotic_v1-v2	NANOAODSIM	VALID	108556000	136	0.336	2025-10-18
/TTToSemiLeptonic_TuneCP5_13TeV-powheg-pythia8/RunIISummer20UL16NanoAODv15-150X_mcRun2_asymptotic_v1-v1/NANOAODSIM	TTToSemiLeptonic_TuneCP5_13TeV-powheg-pythia8	RunIISummer20UL16NanoAODv15-150X_mcRun2_asymptotic_v1-v1	NANOAODSIM	INVALID	0	0	0.000	2025-09-17
/TTToSemiLeptonic_TuneCP5_13TeV-powheg-pythia8/RunIISummer20UL16NanoAODv15-150X_mcRun2_asymptotic_v1-v2/NANOAODSIM	TTToSemiLeptonic_TuneCP5_13TeV-powheg-pythia8	RunIISummer20UL16NanoAODv15-150X_mcRun2_asymptotic_v1-v2	NANOAODSIM	VALID	144974000	185	0.446	2025-10-17
/TTWH_TuneCP5_13TeV-madgraph-pythia8/RunIISummer20UL16NanoAODv15-150X_mcRun2_asymptotic_v1-v1/NANOAODSIM	TTWH_TuneCP5_13TeV-madgraph-pythia8	RunIISummer20UL16NanoAODv15-150X_mcRun2_asymptotic_v1-v1	NANOAODSIM	VALID	160000	1	0.001	2025-10-18
/TTWJetsToLNu_TuneCP5_13TeV-amcatnloFXFX-madspin-pythia8/RunIISummer20UL16NanoAODv15-150X_mcRun2_asymptotic_v1-v1/NANOAODSIM	TTWJetsToLNu_TuneCP5_13TeV-amcatnloFXFX-madspin-pythia8	RunIISummer20UL16NanoAODv15-150X_mcRun2_asymptotic_v1-v1	NANOAODSIM	VALID	3322643	8	0.013	2025-10-18
/TTWJetsToQQ_TuneCP5_13TeV-amcatnloFXFX-madspin-pythia8/RunIISummer20UL16NanoAODv15-150X_mcRun2_asymptotic_v1-v1/NANOAODSIM	TTWJetsToQQ_TuneCP5_13TeV-amcatnloFXFX-madspin-pythia8	RunIISummer20UL16NanoAODv15-150X_mcRun2_asymptotic_v1-v1	NANOAODSIM	VALID	308983	1	0.001	2025-10-18
/TTWW_TuneCP5_13TeV-madgraph-pythia8/RunIISummer20UL16NanoAODv15-150X_mcRun2_asymptotic_v1-v1/NANOAODSIM	TTWW_TuneCP5_13TeV-madgraph-pythia8	RunIISummer20UL16NanoAODv15-150X_mcRun2_asymptotic_v1-v1	NANOAODSIM	VALID	309000	1	0.001	2025-10-18
/TTWW_TuneCP5_13TeV-madgraph-pythia8/RunIISummer20UL16NanoAODv15-150X_mcRun2_asymptotic_v1_ext1-v1/NANOAODSIM	TTWW_TuneCP5_13TeV-madgraph-pythia8	RunIISummer20UL16NanoAODv15-150X_mcRun2_asymptotic_v1_ext1-v1	NANOAODSIM	VALID	3985552	10	0.018	2025-10-18
/TTWZ_TuneCP5_13TeV-madgraph-pythia8/RunIISummer20UL16NanoAODv15-150X_mcRun2_asymptotic_v1-v1/NANOAODSIM	TTWZ_TuneCP5_13TeV-madgraph-pythia8	RunIISummer20UL16NanoAODv15-150X_mcRun2_asymptotic_v1-v1	NANOAODSIM	VALID	159000	1	0.001	2025-10-18
/TTZToLLNuNu_M-10_TuneCP5_13TeV-amcatnlo-pythia8/RunIISummer20UL16NanoAODv15-150X_mcRun2_asymptotic_v1-v1/NANOAODSIM	TTZToLLNuNu_M-10_TuneCP5_13TeV-amcatnlo-pythia8	RunIISummer20UL16NanoAODv15-150X_mcRun2_asymptotic_v1-v1	NANOAODSIM	VALID	6057000	10	0.023	2025-10-18
/TTZToQQ_TuneCP5_13TeV-amcatnlo-pythia8/RunIISummer20UL16NanoAODv15-150X_mcRun2_asymptotic_v1-v1/NANOAODSIM	TTZToQQ_TuneCP5_13TeV-amcatnlo-pythia8	RunIISummer20UL16NanoAODv15-150X_mcRun2_asymptotic_v1-v1	NANOAODSIM	VALID	5401000	12	0.022	2025-10-19
/TTbb_4f_TTTo2L2Nu_TuneCP5-Powheg-Openloops-Pythia8/RunIISummer20UL16NanoAODv15-150X_mcRun2_asymptotic_v1-v1/NANOAODSIM	TTbb_4f_TTTo2L2Nu_TuneCP5-Powheg-Openloops-Pythia8	RunIISummer20UL16NanoAODv15-150X_mcRun2_asymptotic_v1-v1	NANOAODSIM	VALID	1571799	3	0.005	2026-03-05
/TTbb_4f_TTToHadronic_TuneCP5-Powheg-Openloops-Pythia8/RunIISummer20UL16NanoAODv15-150X_mcRun2_asymptotic_v1-v1/NANOAODSIM	TTbb_4f_TTToHadronic_TuneCP5-Powheg-Openloops-Pythia8	RunIISummer20UL16NanoAODv15-150X_mcRun2_asymptotic_v1-v1	NANOAODSIM	VALID	2597868	5	0.009	2026-03-05
/TTbb_4f_TTToSemiLeptonic_TuneCP5-Powheg-Openloops-Pythia8/RunIISummer20UL16NanoAODv15-150X_mcRun2_asymptotic_v1-v1/NANOAODSIM	TTbb_4f_TTToSemiLeptonic_TuneCP5-Powheg-Openloops-Pythia8	RunIISummer20UL16NanoAODv15-150X_mcRun2_asymptotic_v1-v1	NANOAODSIM	VALID	3337118	7	0.012	2026-03-05
/WJetsToLNu_HT-100To200_TuneCP5_13TeV-madgraphMLM-pythia8/RunIISummer20UL16NanoAODv15-150X_mcRun2_asymptotic_v1-v1/NANOAODSIM	WJetsToLNu_HT-100To200_TuneCP5_13TeV-madgraphMLM-pythia8	RunIISummer20UL16NanoAODv15-150X_mcRun2_asymptotic_v1-v1	NANOAODSIM	VALID	19753958	19	0.038	2025-10-18
/WJetsToLNu_HT-100To200_TuneCP5_13TeV-madgraphMLM-pythia8/RunIISummer20UL16NanoAODv15-150X_mcRun2_asymptotic_v1_ext1-v1/NANOAODSIM	WJetsToLNu_HT-100To200_TuneCP5_13TeV-madgraphMLM-pythia8	RunIISummer20UL16NanoAODv15-150X_mcRun2_asymptotic_v1_ext1-v1	NANOAODSIM	VALID	20479332	19	0.040	2025-10-17
/WJetsToLNu_HT-1200To2500_TuneCP5_13TeV-madgraphMLM-pythia8/RunIISummer20UL16NanoAODv15-150X_mcRun2_asymptotic_v1-v1/NANOAODSIM	WJetsToLNu_HT-1200To2500_TuneCP5_13TeV-madgraphMLM-pythia8	RunIISummer20UL16NanoAODv15-150X_mcRun2_asymptotic_v1-v1	NANOAODSIM	VALID	2090561	6	0.010	2025-10-20
/WJetsToLNu_HT-1200To2500_TuneCP5_13TeV-madgraphMLM-pythia8/RunIISummer20UL16NanoAODv15-150X_mcRun2_asymptotic_v1_ext2-v1/NANOAODSIM	WJetsToLNu_HT-1200To2500_TuneCP5_13TeV-madgraphMLM-pythia8	RunIISummer20UL16NanoAODv15-150X_mcRun2_asymptotic_v1_ext2-v1	NANOAODSIM	VALID	3902685	9	0.018	2025-10-19
/WJetsToLNu_HT-200To400_TuneCP5_13TeV-madgraphMLM-pythia8/RunIISummer20UL16NanoAODv15-150X_mcRun2_asymptotic_v1-v1/NANOAODSIM	WJetsToLNu_HT-200To400_TuneCP5_13TeV-madgraphMLM-pythia8	RunIISummer20UL16NanoAODv15-150X_mcRun2_asymptotic_v1-v1	NANOAODSIM	VALID	15067621	21	0.038	2025-10-19
/WJetsToLNu_HT-200To400_TuneCP5_13TeV-madgraphMLM-pythia8/RunIISummer20UL16NanoAODv15-150X_mcRun2_asymptotic_v1_ext1-v1/NANOAODSIM	WJetsToLNu_HT-200To400_TuneCP5_13TeV-madgraphMLM-pythia8	RunIISummer20UL16NanoAODv15-150X_mcRun2_asymptotic_v1_ext1-v1	NANOAODSIM	VALID	18440960	23	0.047	2025-10-24
/WJetsToLNu_HT-2500ToInf_TuneCP5_13TeV-madgraphMLM-pythia8/RunIISummer20UL16NanoAODv15-150X_mcRun2_asymptotic_v1-v1/NANOAODSIM	WJetsToLNu_HT-2500ToInf_TuneCP5_13TeV-madgraphMLM-pythia8	RunIISummer20UL16NanoAODv15-150X_mcRun2_asymptotic_v1-v1	NANOAODSIM	VALID	709514	2	0.004	2025-10-18
/WJetsToLNu_HT-2500ToInf_TuneCP5_13TeV-madgraphMLM-pythia8/RunIISummer20UL16NanoAODv15-150X_mcRun2_asymptotic_v1_ext2-v1/NANOAODSIM	WJetsToLNu_HT-2500ToInf_TuneCP5_13TeV-madgraphMLM-pythia8	RunIISummer20UL16NanoAODv15-150X_mcRun2_asymptotic_v1_ext2-v1	NANOAODSIM	VALID	4287657	11	0.022	2025-10-18
/WJetsToLNu_HT-400To600_TuneCP5_13TeV-madgraphMLM-pythia8/RunIISummer20UL16NanoAODv15-150X_mcRun2_asymptotic_v1-v1/NANOAODSIM	WJetsToLNu_HT-400To600_TuneCP5_13TeV-madgraphMLM-pythia8	RunIISummer20UL16NanoAODv15-150X_mcRun2_asymptotic_v1-v1	NANOAODSIM	VALID	2115509	4	0.007	2025-10-19
/WJetsToLNu_HT-400To600_TuneCP5_13TeV-madgraphMLM-pythia8/RunIISummer20UL16NanoAODv15-150X_mcRun2_asymptotic_v1_ext2-v1/NANOAODSIM	WJetsToLNu_HT-400To600_TuneCP5_13TeV-madgraphMLM-pythia8	RunIISummer20UL16NanoAODv15-150X_mcRun2_asymptotic_v1_ext2-v1	NANOAODSIM	VALID	2934047	5	0.010	2025-10-18
/WJetsToLNu_HT-600To800_TuneCP5_13TeV-madgraphMLM-pythia8/RunIISummer20UL16NanoAODv15-150X_mcRun2_asymptotic_v1-v1/NANOAODSIM	WJetsToLNu_HT-600To800_TuneCP5_13TeV-madgraphMLM-pythia8	RunIISummer20UL16NanoAODv15-150X_mcRun2_asymptotic_v1-v1	NANOAODSIM	VALID	2251807	4	0.009	2025-10-19
/WJetsToLNu_HT-600To800_TuneCP5_13TeV-madgraphMLM-pythia8/RunIISummer20UL16NanoAODv15-150X_mcRun2_asymptotic_v1_ext2-v1/NANOAODSIM	WJetsToLNu_HT-600To800_TuneCP5_13TeV-madgraphMLM-pythia8	RunIISummer20UL16NanoAODv15-150X_mcRun2_asymptotic_v1_ext2-v1	NANOAODSIM	VALID	4519055	9	0.017	2025-10-18
/WJetsToLNu_HT-70To100_TuneCP5_13TeV-madgraphMLM-pythia8/RunIISummer20UL16NanoAODv15-150X_mcRun2_asymptotic_v1-v1/NANOAODSIM	WJetsToLNu_HT-70To100_TuneCP5_13TeV-madgraphMLM-pythia8	RunIISummer20UL16NanoAODv15-150X_mcRun2_asymptotic_v1-v1	NANOAODSIM	VALID	19439931	22	0.033	2025-10-18
/WJetsToLNu_HT-70To100_TuneCP5_13TeV-madgraphMLM-pythia8/RunIISummer20UL16NanoAODv15-150X_mcRun2_asymptotic_v1_ext1-v1/NANOAODSIM	WJetsToLNu_HT-70To100_TuneCP5_13TeV-madgraphMLM-pythia8	RunIISummer20UL16NanoAODv15-150X_mcRun2_asymptotic_v1_ext1-v1	NANOAODSIM	VALID	20618288	21	0.035	2025-10-24
/WJetsToLNu_HT-800To1200_TuneCP5_13TeV-madgraphMLM-pythia8/RunIISummer20UL16NanoAODv15-150X_mcRun2_asymptotic_v1-v1/NANOAODSIM	WJetsToLNu_HT-800To1200_TuneCP5_13TeV-madgraphMLM-pythia8	RunIISummer20UL16NanoAODv15-150X_mcRun2_asymptotic_v1-v1	NANOAODSIM	VALID	2132228	4	0.009	2025-10-19
/WJetsToLNu_HT-800To1200_TuneCP5_13TeV-madgraphMLM-pythia8/RunIISummer20UL16NanoAODv15-150X_mcRun2_asymptotic_v1_ext2-v1/NANOAODSIM	WJetsToLNu_HT-800To1200_TuneCP5_13TeV-madgraphMLM-pythia8	RunIISummer20UL16NanoAODv15-150X_mcRun2_asymptotic_v1_ext2-v1	NANOAODSIM	VALID	4448546	12	0.019	2025-10-19
/WJetsToLNu_TuneCP5_13TeV-amcatnloFXFX-pythia8/RunIISummer20UL16NanoAODv15-150X_mcRun2_asymptotic_v1-v1/NANOAODSIM	WJetsToLNu_TuneCP5_13TeV-amcatnloFXFX-pythia8	RunIISummer20UL16NanoAODv15-150X_mcRun2_asymptotic_v1-v1	NANOAODSIM	VALID	28268221	27	0.040	2025-10-18
/WJetsToLNu_TuneCP5_13TeV-madgraphMLM-pythia8/RunIISummer20UL16NanoAODv15-150X_mcRun2_asymptotic_v1-v1/NANOAODSIM	WJetsToLNu_TuneCP5_13TeV-madgraphMLM-pythia8	RunIISummer20UL16NanoAODv15-150X_mcRun2_asymptotic_v1-v1	NANOAODSIM	PRODUCTION	82754918	64	0.107	2026-01-05
/WJetsToLNu_TuneCP5_13TeV-madgraphMLM-pythia8/RunIISummer20UL16NanoAODv15-150X_mcRun2_asymptotic_v1-v2/NANOAODSIM	WJetsToLNu_TuneCP5_13TeV-madgraphMLM-pythia8	RunIISummer20UL16NanoAODv15-150X_mcRun2_asymptotic_v1-v2	NANOAODSIM	VALID	82035409	60	0.106	2025-12-29
/WJetsToQQ_HT-400to600_TuneCP5_13TeV-madgraphMLM-pythia8/RunIISummer20UL16NanoAODv15-150X_mcRun2_asymptotic_v1-v1/NANOAODSIM	WJetsToQQ_HT-400to600_TuneCP5_13TeV-madgraphMLM-pythia8	RunIISummer20UL16NanoAODv15-150X_mcRun2_asymptotic_v1-v1	NANOAODSIM	VALID	4455853	8	0.013	2025-10-19
/WJetsToQQ_HT-600to800_TuneCP5_13TeV-madgraphMLM-pythia8/RunIISummer20UL16NanoAODv15-150X_mcRun2_asymptotic_v1-v1/NANOAODSIM	WJetsToQQ_HT-600to800_TuneCP5_13TeV-madgraphMLM-pythia8	RunIISummer20UL16NanoAODv15-150X_mcRun2_asymptotic_v1-v1	NANOAODSIM	VALID	6793578	13	0.024	2025-10-22
/WJetsToQQ_HT-800toInf_TuneCP5_13TeV-madgraphMLM-pythia8/RunIISummer20UL16NanoAODv15-150X_mcRun2_asymptotic_v1-v1/NANOAODSIM	WJetsToQQ_HT-800toInf_TuneCP5_13TeV-madgraphMLM-pythia8	RunIISummer20UL16NanoAODv15-150X_mcRun2_asymptotic_v1-v1	NANOAODSIM	VALID	6769101	15	0.027	2025-10-24
/WW_TuneCP5_13TeV-pythia8/RunIISummer20UL16NanoAODv15-150X_mcRun2_asymptotic_v1-v1/NANOAODSIM	WW_TuneCP5_13TeV-pythia8	RunIISummer20UL16NanoAODv15-150X_mcRun2_asymptotic_v1-v1	NANOAODSIM	VALID	15821000	15	0.026	2025-10-17
/WZ_TuneCP5_13TeV-pythia8/RunIISummer20UL16NanoAODv15-150X_mcRun2_asymptotic_v1-v1/NANOAODSIM	WZ_TuneCP5_13TeV-pythia8	RunIISummer20UL16NanoAODv15-150X_mcRun2_asymptotic_v1-v1	NANOAODSIM	VALID	7584000	13	0.013	2025-10-22
/ZJetsToQQ_HT-400to600_TuneCP5_13TeV-madgraphMLM-pythia8/RunIISummer20UL16NanoAODv15-150X_mcRun2_asymptotic_v1-v1/NANOAODSIM	ZJetsToQQ_HT-400to600_TuneCP5_13TeV-madgraphMLM-pythia8	RunIISummer20UL16NanoAODv15-150X_mcRun2_asymptotic_v1-v1	NANOAODSIM	VALID	6942718	11	0.021	2025-10-19
/ZJetsToQQ_HT-600to800_TuneCP5_13TeV-madgraphMLM-pythia8/RunIISummer20UL16NanoAODv15-150X_mcRun2_asymptotic_v1-v1/NANOAODSIM	ZJetsToQQ_HT-600to800_TuneCP5_13TeV-madgraphMLM-pythia8	RunIISummer20UL16NanoAODv15-150X_mcRun2_asymptotic_v1-v1	NANOAODSIM	VALID	5500386	8	0.020	2025-10-19
/ZJetsToQQ_HT-800toInf_TuneCP5_13TeV-madgraphMLM-pythia8/RunIISummer20UL16NanoAODv15-150X_mcRun2_asymptotic_v1-v1/NANOAODSIM	ZJetsToQQ_HT-800toInf_TuneCP5_13TeV-madgraphMLM-pythia8	RunIISummer20UL16NanoAODv15-150X_mcRun2_asymptotic_v1-v1	NANOAODSIM	VALID	4388402	8	0.018	2025-10-19
/ZZ_TuneCP5_13TeV-pythia8/RunIISummer20UL16NanoAODv15-150X_mcRun2_asymptotic_v1-v1/NANOAODSIM	ZZ_TuneCP5_13TeV-pythia8	RunIISummer20UL16NanoAODv15-150X_mcRun2_asymptotic_v1-v1	NANOAODSIM	VALID	1151000	2	0.002	2025-10-18
/ttHToNonbb_M125_TuneCP5_13TeV-powheg-pythia8/RunIISummer20UL16NanoAODv15-150X_mcRun2_asymptotic_v1-v1/NANOAODSIM	ttHToNonbb_M125_TuneCP5_13TeV-powheg-pythia8	RunIISummer20UL16NanoAODv15-150X_mcRun2_asymptotic_v1-v1	NANOAODSIM	VALID	2240994	6	0.010	2025-11-28
/ttHTobb_M125_TuneCP5_13TeV-powheg-pythia8/RunIISummer20UL16NanoAODv15-150X_mcRun2_asymptotic_v1-v1/NANOAODSIM	ttHTobb_M125_TuneCP5_13TeV-powheg-pythia8	RunIISummer20UL16NanoAODv15-150X_mcRun2_asymptotic_v1-v1	NANOAODSIM	VALID	4937000	11	0.021	2025-10-19
/DiPhotonJetsBox_MGG-80toInf_13TeV-sherpa/RunIISummer20UL16NanoAODv15-150X_mcRun2_asymptotic_v1-v1/NANOAODSIM	DiPhotonJetsBox_MGG-80toInf_13TeV-sherpa	RunIISummer20UL16NanoAODv15-150X_mcRun2_asymptotic_v1-v1	NANOAODSIM	-	-	-	-	-
/DY1JetsToLL_M-10to50_MatchEWPDG20_TuneCP5_13TeV-madgraphMLM-pythia8/RunIISummer20UL16NanoAODv15-150X_mcRun2_asymptotic_v1_ext1-v1/NANOAODSIM	DY1JetsToLL_M-10to50_MatchEWPDG20_TuneCP5_13TeV-madgraphMLM-pythia8	RunIISummer20UL16NanoAODv15-150X_mcRun2_asymptotic_v1_ext1-v1	NANOAODSIM	-	-	-	-	-
/DY1JetsToLL_M-10to50_MatchEWPDG20_TuneCP5_13TeV-madgraphMLM-pythia8/RunIISummer20UL16NanoAODv15-150X_mcRun2_asymptotic_v1-v1/NANOAODSIM	DY1JetsToLL_M-10to50_MatchEWPDG20_TuneCP5_13TeV-madgraphMLM-pythia8	RunIISummer20UL16NanoAODv15-150X_mcRun2_asymptotic_v1-v1	NANOAODSIM	-	-	-	-	-
/DY2JetsToLL_M-10to50_MatchEWPDG20_TuneCP5_13TeV-madgraphMLM-pythia8/RunIISummer20UL16NanoAODv15-150X_mcRun2_asymptotic_v1_ext1-v1/NANOAODSIM	DY2JetsToLL_M-10to50_MatchEWPDG20_TuneCP5_13TeV-madgraphMLM-pythia8	RunIISummer20UL16NanoAODv15-150X_mcRun2_asymptotic_v1_ext1-v1	NANOAODSIM	-	-	-	-	-
/DY2JetsToLL_M-10to50_MatchEWPDG20_TuneCP5_13TeV-madgraphMLM-pythia8/RunIISummer20UL16NanoAODv15-150X_mcRun2_asymptotic_v1-v1/NANOAODSIM	DY2JetsToLL_M-10to50_MatchEWPDG20_TuneCP5_13TeV-madgraphMLM-pythia8	RunIISummer20UL16NanoAODv15-150X_mcRun2_asymptotic_v1-v1	NANOAODSIM	-	-	-	-	-
/DY3JetsToLL_M-10to50_MatchEWPDG20_TuneCP5_13TeV-madgraphMLM-pythia8/RunIISummer20UL16NanoAODv15-150X_mcRun2_asymptotic_v1_ext1-v1/NANOAODSIM	DY3JetsToLL_M-10to50_MatchEWPDG20_TuneCP5_13TeV-madgraphMLM-pythia8	RunIISummer20UL16NanoAODv15-150X_mcRun2_asymptotic_v1_ext1-v1	NANOAODSIM	-	-	-	-	-
/DY3JetsToLL_M-10to50_MatchEWPDG20_TuneCP5_13TeV-madgraphMLM-pythia8/RunIISummer20UL16NanoAODv15-150X_mcRun2_asymptotic_v1-v1/NANOAODSIM	DY3JetsToLL_M-10to50_MatchEWPDG20_TuneCP5_13TeV-madgraphMLM-pythia8	RunIISummer20UL16NanoAODv15-150X_mcRun2_asymptotic_v1-v1	NANOAODSIM	-	-	-	-	-
/DY3JetsToLL_M-10to50_MatchEWPDG20_TuneCP5_13TeV-madgraphMLM-pythia8/RunIISummer20UL16NanoAODv15-150X_mcRun2_asymptotic_v1-v3/NANOAODSIM	DY3JetsToLL_M-10to50_MatchEWPDG20_TuneCP5_13TeV-madgraphMLM-pythia8	RunIISummer20UL16NanoAODv15-150X_mcRun2_asymptotic_v1-v3	NANOAODSIM	-	-	-	-	-
/DY4JetsToLL_M-10to50_MatchEWPDG20_TuneCP5_13TeV-madgraphMLM-pythia8/RunIISummer20UL16NanoAODv15-150X_mcRun2_asymptotic_v1-v1/NANOAODSIM	DY4JetsToLL_M-10to50_MatchEWPDG20_TuneCP5_13TeV-madgraphMLM-pythia8	RunIISummer20UL16NanoAODv15-150X_mcRun2_asymptotic_v1-v1	NANOAODSIM	-	-	-	-	-
/DY4JetsToLL_M-50_MatchEWPDG20_TuneCP5_13TeV-madgraphMLM-pythia8/RunIISummer20UL16NanoAODv15-150X_mcRun2_asymptotic_v1-v1/NANOAODSIM	DY4JetsToLL_M-50_MatchEWPDG20_TuneCP5_13TeV-madgraphMLM-pythia8	RunIISummer20UL16NanoAODv15-150X_mcRun2_asymptotic_v1-v1	NANOAODSIM	-	-	-	-	-
/DYJetsToLL_0J_TuneCP5_13TeV-amcatnloFXFX-pythia8/RunIISummer20UL16NanoAODv15-150X_mcRun2_asymptotic_v1-v1/NANOAODSIM	DYJetsToLL_0J_TuneCP5_13TeV-amcatnloFXFX-pythia8	RunIISummer20UL16NanoAODv15-150X_mcRun2_asymptotic_v1-v1	NANOAODSIM	-	-	-	-	-
/DYJetsToLL_1J_TuneCP5_13TeV-amcatnloFXFX-pythia8/RunIISummer20UL16NanoAODv15-150X_mcRun2_asymptotic_v1-v1/NANOAODSIM	DYJetsToLL_1J_TuneCP5_13TeV-amcatnloFXFX-pythia8	RunIISummer20UL16NanoAODv15-150X_mcRun2_asymptotic_v1-v1	NANOAODSIM	-	-	-	-	-
/DYJetsToLL_2J_TuneCP5_13TeV-amcatnloFXFX-pythia8/RunIISummer20UL16NanoAODv15-150X_mcRun2_asymptotic_v1-v1/NANOAODSIM	DYJetsToLL_2J_TuneCP5_13TeV-amcatnloFXFX-pythia8	RunIISummer20UL16NanoAODv15-150X_mcRun2_asymptotic_v1-v1	NANOAODSIM	-	-	-	-	-
/DYJetsToLL_LHEFilterPtZ-0To50_MatchEWPDG20_TuneCP5_13TeV-amcatnloFXFX-pythia8/RunIISummer20UL16NanoAODv15-150X_mcRun2_asymptotic_v1-v1/NANOAODSIM	DYJetsToLL_LHEFilterPtZ-0To50_MatchEWPDG20_TuneCP5_13TeV-amcatnloFXFX-pythia8	RunIISummer20UL16NanoAODv15-150X_mcRun2_asymptotic_v1-v1	NANOAODSIM	-	-	-	-	-
/DYJetsToLL_LHEFilterPtZ-100To250_MatchEWPDG20_TuneCP5_13TeV-amcatnloFXFX-pythia8/RunIISummer20UL16NanoAODv15-150X_mcRun2_asymptotic_v1-v1/NANOAODSIM	DYJetsToLL_LHEFilterPtZ-100To250_MatchEWPDG20_TuneCP5_13TeV-amcatnloFXFX-pythia8	RunIISummer20UL16NanoAODv15-150X_mcRun2_asymptotic_v1-v1	NANOAODSIM	-	-	-	-	-
/DYJetsToLL_LHEFilterPtZ-250To400_MatchEWPDG20_TuneCP5_13TeV-amcatnloFXFX-pythia8/RunIISummer20UL16NanoAODv15-150X_mcRun2_asymptotic_v1-v1/NANOAODSIM	DYJetsToLL_LHEFilterPtZ-250To400_MatchEWPDG20_TuneCP5_13TeV-amcatnloFXFX-pythia8	RunIISummer20UL16NanoAODv15-150X_mcRun2_asymptotic_v1-v1	NANOAODSIM	-	-	-	-	-
/DYJetsToLL_LHEFilterPtZ-400To650_MatchEWPDG20_TuneCP5_13TeV-amcatnloFXFX-pythia8/RunIISummer20UL16NanoAODv15-150X_mcRun2_asymptotic_v1-v1/NANOAODSIM	DYJetsToLL_LHEFilterPtZ-400To650_MatchEWPDG20_TuneCP5_13TeV-amcatnloFXFX-pythia8	RunIISummer20UL16NanoAODv15-150X_mcRun2_asymptotic_v1-v1	NANOAODSIM	-	-	-	-	-
/DYJetsToLL_LHEFilterPtZ-50To100_MatchEWPDG20_TuneCP5_13TeV-amcatnloFXFX-pythia8/RunIISummer20UL16NanoAODv15-150X_mcRun2_asymptotic_v1-v1/NANOAODSIM	DYJetsToLL_LHEFilterPtZ-50To100_MatchEWPDG20_TuneCP5_13TeV-amcatnloFXFX-pythia8	RunIISummer20UL16NanoAODv15-150X_mcRun2_asymptotic_v1-v1	NANOAODSIM	-	-	-	-	-
/DYJetsToLL_LHEFilterPtZ-650ToInf_MatchEWPDG20_TuneCP5_13TeV-amcatnloFXFX-pythia8/RunIISummer20UL16NanoAODv15-150X_mcRun2_asymptotic_v1-v1/NANOAODSIM	DYJetsToLL_LHEFilterPtZ-650ToInf_MatchEWPDG20_TuneCP5_13TeV-amcatnloFXFX-pythia8	RunIISummer20UL16NanoAODv15-150X_mcRun2_asymptotic_v1-v1	NANOAODSIM	-	-	-	-	-
/DYJetsToMuMu_M-100to200_H2ErratumFix_TuneCP5_13TeV-powhegMiNNLO-pythia8-photos/RunIISummer20UL16NanoAODv15-150X_mcRun2_asymptotic_v1-v1/NANOAODSIM	DYJetsToMuMu_M-100to200_H2ErratumFix_TuneCP5_13TeV-powhegMiNNLO-pythia8-photos	RunIISummer20UL16NanoAODv15-150X_mcRun2_asymptotic_v1-v1	NANOAODSIM	-	-	-	-	-
/DYJetsToMuMu_M-50_TuneCP5_13TeV-powhegMiNNLO-pythia8-photos/RunIISummer20UL16NanoAODv15-150X_mcRun2_asymptotic_v1-v1/NANOAODSIM	DYJetsToMuMu_M-50_TuneCP5_13TeV-powhegMiNNLO-pythia8-photos	RunIISummer20UL16NanoAODv15-150X_mcRun2_asymptotic_v1-v1	NANOAODSIM	-	-	-	-	-
/EWKWMinus2Jets_WToLNu_M-50_TuneCP5_withDipoleRecoil_13TeV-madgraph-pythia8/RunIISummer20UL16NanoAODv15-150X_mcRun2_asymptotic_v1-v1/NANOAODSIM	EWKWMinus2Jets_WToLNu_M-50_TuneCP5_withDipoleRecoil_13TeV-madgraph-pythia8	RunIISummer20UL16NanoAODv15-150X_mcRun2_asymptotic_v1-v1	NANOAODSIM	-	-	-	-	-
/EWKWminus2Jets_WToQQ_dipoleRecoilOn_TuneCP5_13TeV-madgraph-pythia8/RunIISummer20UL16NanoAODv15-150X_mcRun2_asymptotic_v1-v1/NANOAODSIM	EWKWminus2Jets_WToQQ_dipoleRecoilOn_TuneCP5_13TeV-madgraph-pythia8	RunIISummer20UL16NanoAODv15-150X_mcRun2_asymptotic_v1-v1	NANOAODSIM	-	-	-	-	-
/EWKWPlus2Jets_WToLNu_M-50_TuneCP5_withDipoleRecoil_13TeV-madgraph-pythia8/RunIISummer20UL16NanoAODv15-150X_mcRun2_asymptotic_v1-v1/NANOAODSIM	EWKWPlus2Jets_WToLNu_M-50_TuneCP5_withDipoleRecoil_13TeV-madgraph-pythia8	RunIISummer20UL16NanoAODv15-150X_mcRun2_asymptotic_v1-v1	NANOAODSIM	-	-	-	-	-
/EWKWplus2Jets_WToQQ_dipoleRecoilOn_TuneCP5_13TeV-madgraph-pythia8/RunIISummer20UL16NanoAODv15-150X_mcRun2_asymptotic_v1-v1/NANOAODSIM	EWKWplus2Jets_WToQQ_dipoleRecoilOn_TuneCP5_13TeV-madgraph-pythia8	RunIISummer20UL16NanoAODv15-150X_mcRun2_asymptotic_v1-v1	NANOAODSIM	-	-	-	-	-
/EWKZ2Jets_ZToLL_M-50_TuneCP5_withDipoleRecoil_13TeV-madgraph-pythia8/RunIISummer20UL16NanoAODv15-150X_mcRun2_asymptotic_v1-v1/NANOAODSIM	EWKZ2Jets_ZToLL_M-50_TuneCP5_withDipoleRecoil_13TeV-madgraph-pythia8	RunIISummer20UL16NanoAODv15-150X_mcRun2_asymptotic_v1-v1	NANOAODSIM	-	-	-	-	-
/EWKZ2Jets_ZToNuNu_M-50_TuneCP5_withDipoleRecoil_13TeV-madgraph-pythia8/RunIISummer20UL16NanoAODv15-150X_mcRun2_asymptotic_v1-v1/NANOAODSIM	EWKZ2Jets_ZToNuNu_M-50_TuneCP5_withDipoleRecoil_13TeV-madgraph-pythia8	RunIISummer20UL16NanoAODv15-150X_mcRun2_asymptotic_v1-v1	NANOAODSIM	-	-	-	-	-
/EWKZ2Jets_ZToQQ_dipoleRecoilOn_TuneCP5_13TeV-madgraph-pythia8/RunIISummer20UL16NanoAODv15-150X_mcRun2_asymptotic_v1-v1/NANOAODSIM	EWKZ2Jets_ZToQQ_dipoleRecoilOn_TuneCP5_13TeV-madgraph-pythia8	RunIISummer20UL16NanoAODv15-150X_mcRun2_asymptotic_v1-v1	NANOAODSIM	-	-	-	-	-
/GGToEE_Pt-2_Mll-10To30_El-El_13TeV-CepGen-lpair/RunIISummer20UL16NanoAODv15-150X_mcRun2_asymptotic_v1-v1/NANOAODSIM	GGToEE_Pt-2_Mll-10To30_El-El_13TeV-CepGen-lpair	RunIISummer20UL16NanoAODv15-150X_mcRun2_asymptotic_v1-v1	NANOAODSIM	-	-	-	-	-
/GGToEE_Pt-2_Mll-10To30_Inel-El_El-Inel_13TeV-CepGen-lpair-SY-pythia6/RunIISummer20UL16NanoAODv15-150X_mcRun2_asymptotic_v1-v1/NANOAODSIM	GGToEE_Pt-2_Mll-10To30_Inel-El_El-Inel_13TeV-CepGen-lpair-SY-pythia6	RunIISummer20UL16NanoAODv15-150X_mcRun2_asymptotic_v1-v1	NANOAODSIM	-	-	-	-	-
/GGToEE_Pt-2_Mll-10To30_Inel-Inel_13TeV-CepGen-lpair-SY-pythia6/RunIISummer20UL16NanoAODv15-150X_mcRun2_asymptotic_v1-v1/NANOAODSIM	GGToEE_Pt-2_Mll-10To30_Inel-Inel_13TeV-CepGen-lpair-SY-pythia6	RunIISummer20UL16NanoAODv15-150X_mcRun2_asymptotic_v1-v1	NANOAODSIM	-	-	-	-	-
/GGToEE_Pt-2_Mll-30To50_El-El_13TeV-CepGen-lpair/RunIISummer20UL16NanoAODv15-150X_mcRun2_asymptotic_v1-v1/NANOAODSIM	GGToEE_Pt-2_Mll-30To50_El-El_13TeV-CepGen-lpair	RunIISummer20UL16NanoAODv15-150X_mcRun2_asymptotic_v1-v1	NANOAODSIM	-	-	-	-	-
/GGToEE_Pt-2_Mll-30To50_Inel-El_El-Inel_13TeV-CepGen-lpair-SY-pythia6/RunIISummer20UL16NanoAODv15-150X_mcRun2_asymptotic_v1-v1/NANOAODSIM	GGToEE_Pt-2_Mll-30To50_Inel-El_El-Inel_13TeV-CepGen-lpair-SY-pythia6	RunIISummer20UL16NanoAODv15-150X_mcRun2_asymptotic_v1-v1	NANOAODSIM	-	-	-	-	-
/GGToEE_Pt-2_Mll-30To50_Inel-Inel_13TeV-CepGen-lpair-SY-pythia6/RunIISummer20UL16NanoAODv15-150X_mcRun2_asymptotic_v1-v1/NANOAODSIM	GGToEE_Pt-2_Mll-30To50_Inel-Inel_13TeV-CepGen-lpair-SY-pythia6	RunIISummer20UL16NanoAODv15-150X_mcRun2_asymptotic_v1-v1	NANOAODSIM	-	-	-	-	-
/GGToEE_Pt-35_Elastic_13TeV-lpair/RunIISummer20UL16NanoAODv15-150X_mcRun2_asymptotic_v1-v2/NANOAODSIM	GGToEE_Pt-35_Elastic_13TeV-lpair	RunIISummer20UL16NanoAODv15-150X_mcRun2_asymptotic_v1-v2	NANOAODSIM	-	-	-	-	-
/GGToEE_Pt-35_Inel-El_13TeV-lpair/RunIISummer20UL16NanoAODv15-150X_mcRun2_asymptotic_v1-v1/NANOAODSIM	GGToEE_Pt-35_Inel-El_13TeV-lpair	RunIISummer20UL16NanoAODv15-150X_mcRun2_asymptotic_v1-v1	NANOAODSIM	-	-	-	-	-
/GGToEE_Pt-35_Inel-Inel_13TeV-lpair/RunIISummer20UL16NanoAODv15-150X_mcRun2_asymptotic_v1-v1/NANOAODSIM	GGToEE_Pt-35_Inel-Inel_13TeV-lpair	RunIISummer20UL16NanoAODv15-150X_mcRun2_asymptotic_v1-v1	NANOAODSIM	-	-	-	-	-
/GGToEE_Pt-5_Mll-1500ToInf_El-El_13TeV-CepGen-lpair/RunIISummer20UL16NanoAODv15-150X_mcRun2_asymptotic_v1-v1/NANOAODSIM	GGToEE_Pt-5_Mll-1500ToInf_El-El_13TeV-CepGen-lpair	RunIISummer20UL16NanoAODv15-150X_mcRun2_asymptotic_v1-v1	NANOAODSIM	-	-	-	-	-
/GGToEE_Pt-5_Mll-1500ToInf_Inel-El_El-Inel_13TeV-CepGen-lpair-SY-pythia6/RunIISummer20UL16NanoAODv15-150X_mcRun2_asymptotic_v1-v1/NANOAODSIM	GGToEE_Pt-5_Mll-1500ToInf_Inel-El_El-Inel_13TeV-CepGen-lpair-SY-pythia6	RunIISummer20UL16NanoAODv15-150X_mcRun2_asymptotic_v1-v1	NANOAODSIM	-	-	-	-	-
/GGToEE_Pt-5_Mll-1500ToInf_Inel-Inel_13TeV-CepGen-lpair-SY-pythia6/RunIISummer20UL16NanoAODv15-150X_mcRun2_asymptotic_v1-v1/NANOAODSIM	GGToEE_Pt-5_Mll-1500ToInf_Inel-Inel_13TeV-CepGen-lpair-SY-pythia6	RunIISummer20UL16NanoAODv15-150X_mcRun2_asymptotic_v1-v1	NANOAODSIM	-	-	-	-	-
/GGToEE_Pt-5_Mll-200To1500_El-El_13TeV-CepGen-lpair/RunIISummer20UL16NanoAODv15-150X_mcRun2_asymptotic_v1-v1/NANOAODSIM	GGToEE_Pt-5_Mll-200To1500_El-El_13TeV-CepGen-lpair	RunIISummer20UL16NanoAODv15-150X_mcRun2_asymptotic_v1-v1	NANOAODSIM	-	-	-	-	-
/GGToEE_Pt-5_Mll-200To1500_Inel-El_El-Inel_13TeV-CepGen-lpair-SY-pythia6/RunIISummer20UL16NanoAODv15-150X_mcRun2_asymptotic_v1-v1/NANOAODSIM	GGToEE_Pt-5_Mll-200To1500_Inel-El_El-Inel_13TeV-CepGen-lpair-SY-pythia6	RunIISummer20UL16NanoAODv15-150X_mcRun2_asymptotic_v1-v1	NANOAODSIM	-	-	-	-	-
/GGToEE_Pt-5_Mll-200To1500_Inel-Inel_13TeV-CepGen-lpair-SY-pythia6/RunIISummer20UL16NanoAODv15-150X_mcRun2_asymptotic_v1-v1/NANOAODSIM	GGToEE_Pt-5_Mll-200To1500_Inel-Inel_13TeV-CepGen-lpair-SY-pythia6	RunIISummer20UL16NanoAODv15-150X_mcRun2_asymptotic_v1-v1	NANOAODSIM	-	-	-	-	-
/GGToEE_Pt-5_Mll-50To200_El-El_13TeV-CepGen-lpair/RunIISummer20UL16NanoAODv15-150X_mcRun2_asymptotic_v1-v1/NANOAODSIM	GGToEE_Pt-5_Mll-50To200_El-El_13TeV-CepGen-lpair	RunIISummer20UL16NanoAODv15-150X_mcRun2_asymptotic_v1-v1	NANOAODSIM	-	-	-	-	-
/GGToEE_Pt-5_Mll-50To200_Inel-El_El-Inel_13TeV-CepGen-lpair-SY-pythia6/RunIISummer20UL16NanoAODv15-150X_mcRun2_asymptotic_v1-v1/NANOAODSIM	GGToEE_Pt-5_Mll-50To200_Inel-El_El-Inel_13TeV-CepGen-lpair-SY-pythia6	RunIISummer20UL16NanoAODv15-150X_mcRun2_asymptotic_v1-v1	NANOAODSIM	-	-	-	-	-
/GGToEE_Pt-5_Mll-50To200_Inel-Inel_13TeV-CepGen-lpair-SY-pythia6/RunIISummer20UL16NanoAODv15-150X_mcRun2_asymptotic_v1-v1/NANOAODSIM	GGToEE_Pt-5_Mll-50To200_Inel-Inel_13TeV-CepGen-lpair-SY-pythia6	RunIISummer20UL16NanoAODv15-150X_mcRun2_asymptotic_v1-v1	NANOAODSIM	-	-	-	-	-
/GGToLL_TuneCP5_13TeV-pythia8/RunIISummer20UL16NanoAODv15-150X_mcRun2_asymptotic_v1-v1/NANOAODSIM	GGToLL_TuneCP5_13TeV-pythia8	RunIISummer20UL16NanoAODv15-150X_mcRun2_asymptotic_v1-v1	NANOAODSIM	-	-	-	-	-
/GGToMuMu_Pt-25_Elastic_13TeV-lpair/RunIISummer20UL16NanoAODv15-150X_mcRun2_asymptotic_v1-v2/NANOAODSIM	GGToMuMu_Pt-25_Elastic_13TeV-lpair	RunIISummer20UL16NanoAODv15-150X_mcRun2_asymptotic_v1-v2	NANOAODSIM	-	-	-	-	-
/GGToMuMu_Pt-25_Inel-El_13TeV-lpair/RunIISummer20UL16NanoAODv15-150X_mcRun2_asymptotic_v1-v1/NANOAODSIM	GGToMuMu_Pt-25_Inel-El_13TeV-lpair	RunIISummer20UL16NanoAODv15-150X_mcRun2_asymptotic_v1-v1	NANOAODSIM	-	-	-	-	-
/GGToMuMu_Pt-25_Inel-Inel_13TeV-lpair/RunIISummer20UL16NanoAODv15-150X_mcRun2_asymptotic_v1-v1/NANOAODSIM	GGToMuMu_Pt-25_Inel-Inel_13TeV-lpair	RunIISummer20UL16NanoAODv15-150X_mcRun2_asymptotic_v1-v1	NANOAODSIM	-	-	-	-	-
/GGToMuMu_Pt-2_Mll-10To30_El-El_13TeV-CepGen-lpair/RunIISummer20UL16NanoAODv15-150X_mcRun2_asymptotic_v1-v1/NANOAODSIM	GGToMuMu_Pt-2_Mll-10To30_El-El_13TeV-CepGen-lpair	RunIISummer20UL16NanoAODv15-150X_mcRun2_asymptotic_v1-v1	NANOAODSIM	-	-	-	-	-
/GGToMuMu_Pt-2_Mll-10To30_Inel-El_El-Inel_13TeV-CepGen-lpair-SY-pythia6/RunIISummer20UL16NanoAODv15-150X_mcRun2_asymptotic_v1-v1/NANOAODSIM	GGToMuMu_Pt-2_Mll-10To30_Inel-El_El-Inel_13TeV-CepGen-lpair-SY-pythia6	RunIISummer20UL16NanoAODv15-150X_mcRun2_asymptotic_v1-v1	NANOAODSIM	-	-	-	-	-
/GGToMuMu_Pt-2_Mll-10To30_Inel-Inel_13TeV-CepGen-lpair-SY-pythia6/RunIISummer20UL16NanoAODv15-150X_mcRun2_asymptotic_v1-v1/NANOAODSIM	GGToMuMu_Pt-2_Mll-10To30_Inel-Inel_13TeV-CepGen-lpair-SY-pythia6	RunIISummer20UL16NanoAODv15-150X_mcRun2_asymptotic_v1-v1	NANOAODSIM	-	-	-	-	-
/GGToMuMu_Pt-2_Mll-30To50_El-El_13TeV-CepGen-lpair/RunIISummer20UL16NanoAODv15-150X_mcRun2_asymptotic_v1-v1/NANOAODSIM	GGToMuMu_Pt-2_Mll-30To50_El-El_13TeV-CepGen-lpair	RunIISummer20UL16NanoAODv15-150X_mcRun2_asymptotic_v1-v1	NANOAODSIM	-	-	-	-	-
/GGToMuMu_Pt-2_Mll-30To50_Inel-El_El-Inel_13TeV-CepGen-lpair-SY-pythia6/RunIISummer20UL16NanoAODv15-150X_mcRun2_asymptotic_v1-v1/NANOAODSIM	GGToMuMu_Pt-2_Mll-30To50_Inel-El_El-Inel_13TeV-CepGen-lpair-SY-pythia6	RunIISummer20UL16NanoAODv15-150X_mcRun2_asymptotic_v1-v1	NANOAODSIM	-	-	-	-	-
/GGToMuMu_Pt-2_Mll-30To50_Inel-Inel_13TeV-CepGen-lpair-SY-pythia6/RunIISummer20UL16NanoAODv15-150X_mcRun2_asymptotic_v1-v1/NANOAODSIM	GGToMuMu_Pt-2_Mll-30To50_Inel-Inel_13TeV-CepGen-lpair-SY-pythia6	RunIISummer20UL16NanoAODv15-150X_mcRun2_asymptotic_v1-v1	NANOAODSIM	-	-	-	-	-
/GGToMuMu_Pt-5_Mll-1500ToInf_El-El_13TeV-CepGen-lpair/RunIISummer20UL16NanoAODv15-150X_mcRun2_asymptotic_v1-v1/NANOAODSIM	GGToMuMu_Pt-5_Mll-1500ToInf_El-El_13TeV-CepGen-lpair	RunIISummer20UL16NanoAODv15-150X_mcRun2_asymptotic_v1-v1	NANOAODSIM	-	-	-	-	-
/GGToMuMu_Pt-5_Mll-1500ToInf_Inel-El_El-Inel_13TeV-CepGen-lpair-SY-pythia6/RunIISummer20UL16NanoAODv15-150X_mcRun2_asymptotic_v1-v1/NANOAODSIM	GGToMuMu_Pt-5_Mll-1500ToInf_Inel-El_El-Inel_13TeV-CepGen-lpair-SY-pythia6	RunIISummer20UL16NanoAODv15-150X_mcRun2_asymptotic_v1-v1	NANOAODSIM	-	-	-	-	-
/GGToMuMu_Pt-5_Mll-1500ToInf_Inel-Inel_13TeV-CepGen-lpair-SY-pythia6/RunIISummer20UL16NanoAODv15-150X_mcRun2_asymptotic_v1-v1/NANOAODSIM	GGToMuMu_Pt-5_Mll-1500ToInf_Inel-Inel_13TeV-CepGen-lpair-SY-pythia6	RunIISummer20UL16NanoAODv15-150X_mcRun2_asymptotic_v1-v1	NANOAODSIM	-	-	-	-	-
/GGToMuMu_Pt-5_Mll-200To1500_El-El_13TeV-CepGen-lpair/RunIISummer20UL16NanoAODv15-150X_mcRun2_asymptotic_v1-v1/NANOAODSIM	GGToMuMu_Pt-5_Mll-200To1500_El-El_13TeV-CepGen-lpair	RunIISummer20UL16NanoAODv15-150X_mcRun2_asymptotic_v1-v1	NANOAODSIM	-	-	-	-	-
/GGToMuMu_Pt-5_Mll-200To1500_Inel-El_El-Inel_13TeV-CepGen-lpair-SY-pythia6/RunIISummer20UL16NanoAODv15-150X_mcRun2_asymptotic_v1-v1/NANOAODSIM	GGToMuMu_Pt-5_Mll-200To1500_Inel-El_El-Inel_13TeV-CepGen-lpair-SY-pythia6	RunIISummer20UL16NanoAODv15-150X_mcRun2_asymptotic_v1-v1	NANOAODSIM	-	-	-	-	-
/GGToMuMu_Pt-5_Mll-200To1500_Inel-Inel_13TeV-CepGen-lpair-SY-pythia6/RunIISummer20UL16NanoAODv15-150X_mcRun2_asymptotic_v1-v1/NANOAODSIM	GGToMuMu_Pt-5_Mll-200To1500_Inel-Inel_13TeV-CepGen-lpair-SY-pythia6	RunIISummer20UL16NanoAODv15-150X_mcRun2_asymptotic_v1-v1	NANOAODSIM	-	-	-	-	-
/GGToMuMu_Pt-5_Mll-50To200_El-El_13TeV-CepGen-lpair/RunIISummer20UL16NanoAODv15-150X_mcRun2_asymptotic_v1-v1/NANOAODSIM	GGToMuMu_Pt-5_Mll-50To200_El-El_13TeV-CepGen-lpair	RunIISummer20UL16NanoAODv15-150X_mcRun2_asymptotic_v1-v1	NANOAODSIM	-	-	-	-	-
/GGToMuMu_Pt-5_Mll-50To200_Inel-El_El-Inel_13TeV-CepGen-lpair-SY-pythia6/RunIISummer20UL16NanoAODv15-150X_mcRun2_asymptotic_v1-v1/NANOAODSIM	GGToMuMu_Pt-5_Mll-50To200_Inel-El_El-Inel_13TeV-CepGen-lpair-SY-pythia6	RunIISummer20UL16NanoAODv15-150X_mcRun2_asymptotic_v1-v1	NANOAODSIM	-	-	-	-	-
/GGToMuMu_Pt-5_Mll-50To200_Inel-Inel_13TeV-CepGen-lpair-SY-pythia6/RunIISummer20UL16NanoAODv15-150X_mcRun2_asymptotic_v1-v1/NANOAODSIM	GGToMuMu_Pt-5_Mll-50To200_Inel-Inel_13TeV-CepGen-lpair-SY-pythia6	RunIISummer20UL16NanoAODv15-150X_mcRun2_asymptotic_v1-v1	NANOAODSIM	-	-	-	-	-
/ggZH_HToBB_ZToBB_M-125_TuneCP5_13TeV-powheg-pythia8/RunIISummer20UL16NanoAODv15-150X_mcRun2_asymptotic_v1-v1/NANOAODSIM	ggZH_HToBB_ZToBB_M-125_TuneCP5_13TeV-powheg-pythia8	RunIISummer20UL16NanoAODv15-150X_mcRun2_asymptotic_v1-v1	NANOAODSIM	-	-	-	-	-
/ggZH_HToBB_ZToLL_M-125_TuneCP5_13TeV-powheg-pythia8/RunIISummer20UL16NanoAODv15-150X_mcRun2_asymptotic_v1-v1/NANOAODSIM	ggZH_HToBB_ZToLL_M-125_TuneCP5_13TeV-powheg-pythia8	RunIISummer20UL16NanoAODv15-150X_mcRun2_asymptotic_v1-v1	NANOAODSIM	-	-	-	-	-
/ggZH_HToBB_ZToNuNu_M-125_TuneCP5_13TeV-powheg-pythia8/RunIISummer20UL16NanoAODv15-150X_mcRun2_asymptotic_v1-v1/NANOAODSIM	ggZH_HToBB_ZToNuNu_M-125_TuneCP5_13TeV-powheg-pythia8	RunIISummer20UL16NanoAODv15-150X_mcRun2_asymptotic_v1-v1	NANOAODSIM	-	-	-	-	-
/ggZH_HToBB_ZToQQ_M-125_TuneCP5_13TeV-powheg-pythia8/RunIISummer20UL16NanoAODv15-150X_mcRun2_asymptotic_v1-v1/NANOAODSIM	ggZH_HToBB_ZToQQ_M-125_TuneCP5_13TeV-powheg-pythia8	RunIISummer20UL16NanoAODv15-150X_mcRun2_asymptotic_v1-v1	NANOAODSIM	-	-	-	-	-
/ggZH_HToCC_ZToLL_M-125_TuneCP5_13TeV-powheg-pythia8/RunIISummer20UL16NanoAODv15-150X_mcRun2_asymptotic_v1-v1/NANOAODSIM	ggZH_HToCC_ZToLL_M-125_TuneCP5_13TeV-powheg-pythia8	RunIISummer20UL16NanoAODv15-150X_mcRun2_asymptotic_v1-v1	NANOAODSIM	-	-	-	-	-
/ggZH_HToCC_ZToNuNu_M-125_TuneCP5_13TeV-powheg-pythia8/RunIISummer20UL16NanoAODv15-150X_mcRun2_asymptotic_v1-v1/NANOAODSIM	ggZH_HToCC_ZToNuNu_M-125_TuneCP5_13TeV-powheg-pythia8	RunIISummer20UL16NanoAODv15-150X_mcRun2_asymptotic_v1-v1	NANOAODSIM	-	-	-	-	-
/GJets_HT-200To400_TuneCP5_13TeV-madgraphMLM-pythia8/RunIISummer20UL16NanoAODv15-150X_mcRun2_asymptotic_v1-v1/NANOAODSIM	GJets_HT-200To400_TuneCP5_13TeV-madgraphMLM-pythia8	RunIISummer20UL16NanoAODv15-150X_mcRun2_asymptotic_v1-v1	NANOAODSIM	-	-	-	-	-
/GJets_HT-400To600_TuneCP5_13TeV-madgraphMLM-pythia8/RunIISummer20UL16NanoAODv15-150X_mcRun2_asymptotic_v1-v1/NANOAODSIM	GJets_HT-400To600_TuneCP5_13TeV-madgraphMLM-pythia8	RunIISummer20UL16NanoAODv15-150X_mcRun2_asymptotic_v1-v1	NANOAODSIM	-	-	-	-	-
/GJets_HT-40To100_TuneCP5_13TeV-madgraphMLM-pythia8/RunIISummer20UL16NanoAODv15-150X_mcRun2_asymptotic_v1-v1/NANOAODSIM	GJets_HT-40To100_TuneCP5_13TeV-madgraphMLM-pythia8	RunIISummer20UL16NanoAODv15-150X_mcRun2_asymptotic_v1-v1	NANOAODSIM	-	-	-	-	-
/GJets_HT-600ToInf_TuneCP5_13TeV-madgraphMLM-pythia8/RunIISummer20UL16NanoAODv15-150X_mcRun2_asymptotic_v1-v1/NANOAODSIM	GJets_HT-600ToInf_TuneCP5_13TeV-madgraphMLM-pythia8	RunIISummer20UL16NanoAODv15-150X_mcRun2_asymptotic_v1-v1	NANOAODSIM	-	-	-	-	-
/GluGluHToBB_M-125_TuneCP5_MINLO_NNLOPS_13TeV-powheg-pythia8/RunIISummer20UL16NanoAODv15-150X_mcRun2_asymptotic_v1-v1/NANOAODSIM	GluGluHToBB_M-125_TuneCP5_MINLO_NNLOPS_13TeV-powheg-pythia8	RunIISummer20UL16NanoAODv15-150X_mcRun2_asymptotic_v1-v1	NANOAODSIM	-	-	-	-	-
/GluGluHToBB_Pt-200ToInf_M-125_TuneCP5_MINLO_13TeV-powheg-pythia8/RunIISummer20UL16NanoAODv15-150X_mcRun2_asymptotic_v1-v1/NANOAODSIM	GluGluHToBB_Pt-200ToInf_M-125_TuneCP5_MINLO_13TeV-powheg-pythia8	RunIISummer20UL16NanoAODv15-150X_mcRun2_asymptotic_v1-v1	NANOAODSIM	-	-	-	-	-
/GluGluHToBB_Pt-200ToInf_M-125_TuneCP5_MINLO_13TeV-powheg-pythia8/RunIISummer20UL16NanoAODv15-150X_mcRun2_asymptotic_v1-v2/NANOAODSIM	GluGluHToBB_Pt-200ToInf_M-125_TuneCP5_MINLO_13TeV-powheg-pythia8	RunIISummer20UL16NanoAODv15-150X_mcRun2_asymptotic_v1-v2	NANOAODSIM	-	-	-	-	-
/GluGluHToCC_Pt-200ToInf_M-125_TuneCP5_MINLO_13TeV-powheg-pythia8/RunIISummer20UL16NanoAODv15-150X_mcRun2_asymptotic_v1-v1/NANOAODSIM	GluGluHToCC_Pt-200ToInf_M-125_TuneCP5_MINLO_13TeV-powheg-pythia8	RunIISummer20UL16NanoAODv15-150X_mcRun2_asymptotic_v1-v1	NANOAODSIM	-	-	-	-	-
/GluGluHToCC_Pt-200ToInf_M-125_TuneCP5_MINLO_13TeV-powheg-pythia8/RunIISummer20UL16NanoAODv15-150X_mcRun2_asymptotic_v1-v2/NANOAODSIM	GluGluHToCC_Pt-200ToInf_M-125_TuneCP5_MINLO_13TeV-powheg-pythia8	RunIISummer20UL16NanoAODv15-150X_mcRun2_asymptotic_v1-v2	NANOAODSIM	-	-	-	-	-
/GluGluHToGG_M120_TuneCP5_13TeV-amcatnloFXFX-pythia8/RunIISummer20UL16NanoAODv15-150X_mcRun2_asymptotic_v1-v1/NANOAODSIM	GluGluHToGG_M120_TuneCP5_13TeV-amcatnloFXFX-pythia8	RunIISummer20UL16NanoAODv15-150X_mcRun2_asymptotic_v1-v1	NANOAODSIM	-	-	-	-	-
/GluGluHToGG_M125_TuneCP5_13TeV-amcatnloFXFX-pythia8/RunIISummer20UL16NanoAODv15-150X_mcRun2_asymptotic_v1_ext1-v1/NANOAODSIM	GluGluHToGG_M125_TuneCP5_13TeV-amcatnloFXFX-pythia8	RunIISummer20UL16NanoAODv15-150X_mcRun2_asymptotic_v1_ext1-v1	NANOAODSIM	-	-	-	-	-
/GluGluHToGG_M125_TuneCP5_13TeV-amcatnloFXFX-pythia8/RunIISummer20UL16NanoAODv15-150X_mcRun2_asymptotic_v1-v1/NANOAODSIM	GluGluHToGG_M125_TuneCP5_13TeV-amcatnloFXFX-pythia8	RunIISummer20UL16NanoAODv15-150X_mcRun2_asymptotic_v1-v1	NANOAODSIM	-	-	-	-	-
/GluGluHToGG_M-125_TuneCP5_13TeV-powheg-pythia8/RunIISummer20UL16NanoAODv15-150X_mcRun2_asymptotic_v1-v1/NANOAODSIM	GluGluHToGG_M-125_TuneCP5_13TeV-powheg-pythia8	RunIISummer20UL16NanoAODv15-150X_mcRun2_asymptotic_v1-v1	NANOAODSIM	-	-	-	-	-
/GluGluHToGG_M130_TuneCP5_13TeV-amcatnloFXFX-pythia8/RunIISummer20UL16NanoAODv15-150X_mcRun2_asymptotic_v1-v1/NANOAODSIM	GluGluHToGG_M130_TuneCP5_13TeV-amcatnloFXFX-pythia8	RunIISummer20UL16NanoAODv15-150X_mcRun2_asymptotic_v1-v1	NANOAODSIM	-	-	-	-	-
/GluGluHToMuMu_M125_TuneCP5_13TeV-powheg-pythia8/RunIISummer20UL16NanoAODv15-150X_mcRun2_asymptotic_v1-v1/NANOAODSIM	GluGluHToMuMu_M125_TuneCP5_13TeV-powheg-pythia8	RunIISummer20UL16NanoAODv15-150X_mcRun2_asymptotic_v1-v1	NANOAODSIM	-	-	-	-	-
/GluGluHToTauTau_M125_TuneCP5_13TeV-powheg-pythia8/RunIISummer20UL16NanoAODv15-150X_mcRun2_asymptotic_v1-v1/NANOAODSIM	GluGluHToTauTau_M125_TuneCP5_13TeV-powheg-pythia8	RunIISummer20UL16NanoAODv15-150X_mcRun2_asymptotic_v1-v1	NANOAODSIM	-	-	-	-	-
/GluGluHToWWTo2L2Nu_M-125_TuneCP5_13TeV-powheg-pythia8/RunIISummer20UL16NanoAODv15-150X_mcRun2_asymptotic_v1-v1/NANOAODSIM	GluGluHToWWTo2L2Nu_M-125_TuneCP5_13TeV-powheg-pythia8	RunIISummer20UL16NanoAODv15-150X_mcRun2_asymptotic_v1-v1	NANOAODSIM	-	-	-	-	-
/GluGluHToZZTo2L2Nu_M125_TuneCP5_13TeV_powheg2_minloHJJ_JHUGenV735_pythia8/RunIISummer20UL16NanoAODv15-150X_mcRun2_asymptotic_v1-v1/NANOAODSIM	GluGluHToZZTo2L2Nu_M125_TuneCP5_13TeV_powheg2_minloHJJ_JHUGenV735_pythia8	RunIISummer20UL16NanoAODv15-150X_mcRun2_asymptotic_v1-v1	NANOAODSIM	-	-	-	-	-
/GluGluHToZZTo2L2Nu_M2000_TuneCP5_13TeV_powheg2_JHUGenV7011_pythia8/RunIISummer20UL16NanoAODv15-150X_mcRun2_asymptotic_v1-v1/NANOAODSIM	GluGluHToZZTo2L2Nu_M2000_TuneCP5_13TeV_powheg2_JHUGenV7011_pythia8	RunIISummer20UL16NanoAODv15-150X_mcRun2_asymptotic_v1-v1	NANOAODSIM	-	-	-	-	-
/GluGluHToZZTo2L2Nu_M210_TuneCP5_13TeV_powheg2_JHUGenV735_pythia8/RunIISummer20UL16NanoAODv15-150X_mcRun2_asymptotic_v1-v1/NANOAODSIM	GluGluHToZZTo2L2Nu_M210_TuneCP5_13TeV_powheg2_JHUGenV735_pythia8	RunIISummer20UL16NanoAODv15-150X_mcRun2_asymptotic_v1-v1	NANOAODSIM	-	-	-	-	-
/GluGluHToZZTo2L2Nu_M230_TuneCP5_13TeV_powheg2_JHUGenV735_pythia8/RunIISummer20UL16NanoAODv15-150X_mcRun2_asymptotic_v1-v1/NANOAODSIM	GluGluHToZZTo2L2Nu_M230_TuneCP5_13TeV_powheg2_JHUGenV735_pythia8	RunIISummer20UL16NanoAODv15-150X_mcRun2_asymptotic_v1-v1	NANOAODSIM	-	-	-	-	-
/GluGluHToZZTo2L2Nu_M250_TuneCP5_13TeV_powheg2_JHUGenV735_pythia8/RunIISummer20UL16NanoAODv15-150X_mcRun2_asymptotic_v1-v1/NANOAODSIM	GluGluHToZZTo2L2Nu_M250_TuneCP5_13TeV_powheg2_JHUGenV735_pythia8	RunIISummer20UL16NanoAODv15-150X_mcRun2_asymptotic_v1-v1	NANOAODSIM	-	-	-	-	-
/GluGluHToZZTo2L2Nu_M270_TuneCP5_13TeV_powheg2_JHUGenV735_pythia8/RunIISummer20UL16NanoAODv15-150X_mcRun2_asymptotic_v1-v1/NANOAODSIM	GluGluHToZZTo2L2Nu_M270_TuneCP5_13TeV_powheg2_JHUGenV735_pythia8	RunIISummer20UL16NanoAODv15-150X_mcRun2_asymptotic_v1-v1	NANOAODSIM	-	-	-	-	-
/GluGluHToZZTo2L2Nu_M3000_TuneCP5_13TeV_powheg2_JHUGenV7011_pythia8/RunIISummer20UL16NanoAODv15-150X_mcRun2_asymptotic_v1-v1/NANOAODSIM	GluGluHToZZTo2L2Nu_M3000_TuneCP5_13TeV_powheg2_JHUGenV7011_pythia8	RunIISummer20UL16NanoAODv15-150X_mcRun2_asymptotic_v1-v1	NANOAODSIM	-	-	-	-	-
/GluGluHToZZTo2L2Nu_M350_TuneCP5_13TeV_powheg2_JHUGenV735_pythia8/RunIISummer20UL16NanoAODv15-150X_mcRun2_asymptotic_v1-v1/NANOAODSIM	GluGluHToZZTo2L2Nu_M350_TuneCP5_13TeV_powheg2_JHUGenV735_pythia8	RunIISummer20UL16NanoAODv15-150X_mcRun2_asymptotic_v1-v1	NANOAODSIM	-	-	-	-	-
/GluGluHToZZTo2L2Nu_M400_TuneCP5_13TeV_powheg2_JHUGenV7011_pythia8/RunIISummer20UL16NanoAODv15-150X_mcRun2_asymptotic_v1-v1/NANOAODSIM	GluGluHToZZTo2L2Nu_M400_TuneCP5_13TeV_powheg2_JHUGenV7011_pythia8	RunIISummer20UL16NanoAODv15-150X_mcRun2_asymptotic_v1-v1	NANOAODSIM	-	-	-	-	-
/GluGluHToZZTo2L2Nu_M600_TuneCP5_13TeV_powheg2_JHUGenV7011_pythia8/RunIISummer20UL16NanoAODv15-150X_mcRun2_asymptotic_v1-v1/NANOAODSIM	GluGluHToZZTo2L2Nu_M600_TuneCP5_13TeV_powheg2_JHUGenV7011_pythia8	RunIISummer20UL16NanoAODv15-150X_mcRun2_asymptotic_v1-v1	NANOAODSIM	-	-	-	-	-
/GluGluHToZZTo2L2Nu_M700_TuneCP5_13TeV_powheg2_JHUGenV7011_pythia8/RunIISummer20UL16NanoAODv15-150X_mcRun2_asymptotic_v1-v1/NANOAODSIM	GluGluHToZZTo2L2Nu_M700_TuneCP5_13TeV_powheg2_JHUGenV7011_pythia8	RunIISummer20UL16NanoAODv15-150X_mcRun2_asymptotic_v1-v1	NANOAODSIM	-	-	-	-	-
/GluGluHToZZTo2L2Nu_M900_TuneCP5_13TeV_powheg2_JHUGenV7011_pythia8/RunIISummer20UL16NanoAODv15-150X_mcRun2_asymptotic_v1-v1/NANOAODSIM	GluGluHToZZTo2L2Nu_M900_TuneCP5_13TeV_powheg2_JHUGenV7011_pythia8	RunIISummer20UL16NanoAODv15-150X_mcRun2_asymptotic_v1-v1	NANOAODSIM	-	-	-	-	-
/GluGluHToZZTo2L2Q_M125_TuneCP5_13TeV_powheg2_JHUGenV7011_pythia8/RunIISummer20UL16NanoAODv15-150X_mcRun2_asymptotic_v1-v1/NANOAODSIM	GluGluHToZZTo2L2Q_M125_TuneCP5_13TeV_powheg2_JHUGenV7011_pythia8	RunIISummer20UL16NanoAODv15-150X_mcRun2_asymptotic_v1-v1	NANOAODSIM	-	-	-	-	-
/GluGluHToZZTo4L_M125_TuneCP5_13TeV_powheg2_JHUGenV7011_pythia8/RunIISummer20UL16NanoAODv15-150X_mcRun2_asymptotic_v1-v1/NANOAODSIM	GluGluHToZZTo4L_M125_TuneCP5_13TeV_powheg2_JHUGenV7011_pythia8	RunIISummer20UL16NanoAODv15-150X_mcRun2_asymptotic_v1-v1	NANOAODSIM	-	-	-	-	-
/GluGluHToZZTo4L_M135_TuneCP5_13TeV_powheg2_JHUGenV7011_pythia8/RunIISummer20UL16NanoAODv15-150X_mcRun2_asymptotic_v1-v1/NANOAODSIM	GluGluHToZZTo4L_M135_TuneCP5_13TeV_powheg2_JHUGenV7011_pythia8	RunIISummer20UL16NanoAODv15-150X_mcRun2_asymptotic_v1-v1	NANOAODSIM	-	-	-	-	-
/GluGluToBulkGravitonToHHTo2B2G_M-1000_TuneCP5_PSWeights_narrow_13TeV-madgraph-pythia8/RunIISummer20UL16NanoAODv15-150X_mcRun2_asymptotic_v1-v1/NANOAODSIM	GluGluToBulkGravitonToHHTo2B2G_M-1000_TuneCP5_PSWeights_narrow_13TeV-madgraph-pythia8	RunIISummer20UL16NanoAODv15-150X_mcRun2_asymptotic_v1-v1	NANOAODSIM	-	-	-	-	-
/GluGluToBulkGravitonToHHTo2B2G_M-1250_TuneCP5_PSWeights_narrow_13TeV-madgraph-pythia8/RunIISummer20UL16NanoAODv15-150X_mcRun2_asymptotic_v1-v1/NANOAODSIM	GluGluToBulkGravitonToHHTo2B2G_M-1250_TuneCP5_PSWeights_narrow_13TeV-madgraph-pythia8	RunIISummer20UL16NanoAODv15-150X_mcRun2_asymptotic_v1-v1	NANOAODSIM	-	-	-	-	-
/GluGluToBulkGravitonToHHTo2B2G_M-1500_TuneCP5_PSWeights_narrow_13TeV-madgraph-pythia8/RunIISummer20UL16NanoAODv15-150X_mcRun2_asymptotic_v1-v1/NANOAODSIM	GluGluToBulkGravitonToHHTo2B2G_M-1500_TuneCP5_PSWeights_narrow_13TeV-madgraph-pythia8	RunIISummer20UL16NanoAODv15-150X_mcRun2_asymptotic_v1-v1	NANOAODSIM	-	-	-	-	-
/GluGluToBulkGravitonToHHTo2B2G_M-1750_TuneCP5_PSWeights_narrow_13TeV-madgraph-pythia8/RunIISummer20UL16NanoAODv15-150X_mcRun2_asymptotic_v1-v1/NANOAODSIM	GluGluToBulkGravitonToHHTo2B2G_M-1750_TuneCP5_PSWeights_narrow_13TeV-madgraph-pythia8	RunIISummer20UL16NanoAODv15-150X_mcRun2_asymptotic_v1-v1	NANOAODSIM	-	-	-	-	-
/GluGluToBulkGravitonToHHTo2B2G_M-2000_TuneCP5_PSWeights_narrow_13TeV-madgraph-pythia8/RunIISummer20UL16NanoAODv15-150X_mcRun2_asymptotic_v1-v1/NANOAODSIM	GluGluToBulkGravitonToHHTo2B2G_M-2000_TuneCP5_PSWeights_narrow_13TeV-madgraph-pythia8	RunIISummer20UL16NanoAODv15-150X_mcRun2_asymptotic_v1-v1	NANOAODSIM	-	-	-	-	-
/GluGluToBulkGravitonToHHTo2B2G_M-2500_TuneCP5_PSWeights_narrow_13TeV-madgraph-pythia8/RunIISummer20UL16NanoAODv15-150X_mcRun2_asymptotic_v1-v1/NANOAODSIM	GluGluToBulkGravitonToHHTo2B2G_M-2500_TuneCP5_PSWeights_narrow_13TeV-madgraph-pythia8	RunIISummer20UL16NanoAODv15-150X_mcRun2_asymptotic_v1-v1	NANOAODSIM	-	-	-	-	-
/GluGluToBulkGravitonToHHTo2B2G_M-3000_TuneCP5_PSWeights_narrow_13TeV-madgraph-pythia8/RunIISummer20UL16NanoAODv15-150X_mcRun2_asymptotic_v1-v1/NANOAODSIM	GluGluToBulkGravitonToHHTo2B2G_M-3000_TuneCP5_PSWeights_narrow_13TeV-madgraph-pythia8	RunIISummer20UL16NanoAODv15-150X_mcRun2_asymptotic_v1-v1	NANOAODSIM	-	-	-	-	-
/GluGluToContinToZZTo2e2mu_TuneCP5_13TeV-mcfm701-pythia8/RunIISummer20UL16NanoAODv15-150X_mcRun2_asymptotic_v1-v1/NANOAODSIM	GluGluToContinToZZTo2e2mu_TuneCP5_13TeV-mcfm701-pythia8	RunIISummer20UL16NanoAODv15-150X_mcRun2_asymptotic_v1-v1	NANOAODSIM	-	-	-	-	-
/GluGluToContinToZZTo2e2nu_TuneCP5_13TeV-mcfm701-pythia8/RunIISummer20UL16NanoAODv15-150X_mcRun2_asymptotic_v1-v1/NANOAODSIM	GluGluToContinToZZTo2e2nu_TuneCP5_13TeV-mcfm701-pythia8	RunIISummer20UL16NanoAODv15-150X_mcRun2_asymptotic_v1-v1	NANOAODSIM	-	-	-	-	-
/GluGluToContinToZZTo2e2tau_TuneCP5_13TeV-mcfm701-pythia8/RunIISummer20UL16NanoAODv15-150X_mcRun2_asymptotic_v1-v1/NANOAODSIM	GluGluToContinToZZTo2e2tau_TuneCP5_13TeV-mcfm701-pythia8	RunIISummer20UL16NanoAODv15-150X_mcRun2_asymptotic_v1-v1	NANOAODSIM	-	-	-	-	-
/GluGluToContinToZZTo2mu2nu_TuneCP5_13TeV-mcfm701-pythia8/RunIISummer20UL16NanoAODv15-150X_mcRun2_asymptotic_v1-v1/NANOAODSIM	GluGluToContinToZZTo2mu2nu_TuneCP5_13TeV-mcfm701-pythia8	RunIISummer20UL16NanoAODv15-150X_mcRun2_asymptotic_v1-v1	NANOAODSIM	-	-	-	-	-
/GluGluToContinToZZTo2mu2tau_TuneCP5_13TeV-mcfm701-pythia8/RunIISummer20UL16NanoAODv15-150X_mcRun2_asymptotic_v1-v1/NANOAODSIM	GluGluToContinToZZTo2mu2tau_TuneCP5_13TeV-mcfm701-pythia8	RunIISummer20UL16NanoAODv15-150X_mcRun2_asymptotic_v1-v1	NANOAODSIM	-	-	-	-	-
/GluGluToContinToZZTo4e_TuneCP5_13TeV-mcfm701-pythia8/RunIISummer20UL16NanoAODv15-150X_mcRun2_asymptotic_v1-v1/NANOAODSIM	GluGluToContinToZZTo4e_TuneCP5_13TeV-mcfm701-pythia8	RunIISummer20UL16NanoAODv15-150X_mcRun2_asymptotic_v1-v1	NANOAODSIM	-	-	-	-	-
/GluGluToContinToZZTo4mu_TuneCP5_13TeV-mcfm701-pythia8/RunIISummer20UL16NanoAODv15-150X_mcRun2_asymptotic_v1-v1/NANOAODSIM	GluGluToContinToZZTo4mu_TuneCP5_13TeV-mcfm701-pythia8	RunIISummer20UL16NanoAODv15-150X_mcRun2_asymptotic_v1-v1	NANOAODSIM	-	-	-	-	-
/GluGluToContinToZZTo4tau_TuneCP5_13TeV-mcfm701-pythia8/RunIISummer20UL16NanoAODv15-150X_mcRun2_asymptotic_v1-v1/NANOAODSIM	GluGluToContinToZZTo4tau_TuneCP5_13TeV-mcfm701-pythia8	RunIISummer20UL16NanoAODv15-150X_mcRun2_asymptotic_v1-v1	NANOAODSIM	-	-	-	-	-
/GluGluToHHTo2B2Tau_TuneCP5_PSWeights_node_10_13TeV-madgraph-pythia8/RunIISummer20UL16NanoAODv15-150X_mcRun2_asymptotic_v1-v1/NANOAODSIM	GluGluToHHTo2B2Tau_TuneCP5_PSWeights_node_10_13TeV-madgraph-pythia8	RunIISummer20UL16NanoAODv15-150X_mcRun2_asymptotic_v1-v1	NANOAODSIM	-	-	-	-	-
/GluGluToHHTo2B2Tau_TuneCP5_PSWeights_node_11_13TeV-madgraph-pythia8/RunIISummer20UL16NanoAODv15-150X_mcRun2_asymptotic_v1-v1/NANOAODSIM	GluGluToHHTo2B2Tau_TuneCP5_PSWeights_node_11_13TeV-madgraph-pythia8	RunIISummer20UL16NanoAODv15-150X_mcRun2_asymptotic_v1-v1	NANOAODSIM	-	-	-	-	-
/GluGluToHHTo2B2Tau_TuneCP5_PSWeights_node_1_13TeV-madgraph-pythia8/RunIISummer20UL16NanoAODv15-150X_mcRun2_asymptotic_v1-v1/NANOAODSIM	GluGluToHHTo2B2Tau_TuneCP5_PSWeights_node_1_13TeV-madgraph-pythia8	RunIISummer20UL16NanoAODv15-150X_mcRun2_asymptotic_v1-v1	NANOAODSIM	-	-	-	-	-
/GluGluToHHTo2B2Tau_TuneCP5_PSWeights_node_12_13TeV-madgraph-pythia8/RunIISummer20UL16NanoAODv15-150X_mcRun2_asymptotic_v1-v1/NANOAODSIM	GluGluToHHTo2B2Tau_TuneCP5_PSWeights_node_12_13TeV-madgraph-pythia8	RunIISummer20UL16NanoAODv15-150X_mcRun2_asymptotic_v1-v1	NANOAODSIM	-	-	-	-	-
/GluGluToHHTo2B2Tau_TuneCP5_PSWeights_node_2_13TeV-madgraph-pythia8/RunIISummer20UL16NanoAODv15-150X_mcRun2_asymptotic_v1-v1/NANOAODSIM	GluGluToHHTo2B2Tau_TuneCP5_PSWeights_node_2_13TeV-madgraph-pythia8	RunIISummer20UL16NanoAODv15-150X_mcRun2_asymptotic_v1-v1	NANOAODSIM	-	-	-	-	-
/GluGluToHHTo2B2Tau_TuneCP5_PSWeights_node_3_13TeV-madgraph-pythia8/RunIISummer20UL16NanoAODv15-150X_mcRun2_asymptotic_v1-v1/NANOAODSIM	GluGluToHHTo2B2Tau_TuneCP5_PSWeights_node_3_13TeV-madgraph-pythia8	RunIISummer20UL16NanoAODv15-150X_mcRun2_asymptotic_v1-v1	NANOAODSIM	-	-	-	-	-
/GluGluToHHTo2B2Tau_TuneCP5_PSWeights_node_4_13TeV-madgraph-pythia8/RunIISummer20UL16NanoAODv15-150X_mcRun2_asymptotic_v1-v1/NANOAODSIM	GluGluToHHTo2B2Tau_TuneCP5_PSWeights_node_4_13TeV-madgraph-pythia8	RunIISummer20UL16NanoAODv15-150X_mcRun2_asymptotic_v1-v1	NANOAODSIM	-	-	-	-	-
/GluGluToHHTo2B2Tau_TuneCP5_PSWeights_node_5_13TeV-madgraph-pythia8/RunIISummer20UL16NanoAODv15-150X_mcRun2_asymptotic_v1-v1/NANOAODSIM	GluGluToHHTo2B2Tau_TuneCP5_PSWeights_node_5_13TeV-madgraph-pythia8	RunIISummer20UL16NanoAODv15-150X_mcRun2_asymptotic_v1-v1	NANOAODSIM	-	-	-	-	-
/GluGluToHHTo2B2Tau_TuneCP5_PSWeights_node_6_13TeV-madgraph-pythia8/RunIISummer20UL16NanoAODv15-150X_mcRun2_asymptotic_v1-v1/NANOAODSIM	GluGluToHHTo2B2Tau_TuneCP5_PSWeights_node_6_13TeV-madgraph-pythia8	RunIISummer20UL16NanoAODv15-150X_mcRun2_asymptotic_v1-v1	NANOAODSIM	-	-	-	-	-
/GluGluToHHTo2B2Tau_TuneCP5_PSWeights_node_7_13TeV-madgraph-pythia8/RunIISummer20UL16NanoAODv15-150X_mcRun2_asymptotic_v1-v1/NANOAODSIM	GluGluToHHTo2B2Tau_TuneCP5_PSWeights_node_7_13TeV-madgraph-pythia8	RunIISummer20UL16NanoAODv15-150X_mcRun2_asymptotic_v1-v1	NANOAODSIM	-	-	-	-	-
/GluGluToHHTo2B2Tau_TuneCP5_PSWeights_node_8_13TeV-madgraph-pythia8/RunIISummer20UL16NanoAODv15-150X_mcRun2_asymptotic_v1-v1/NANOAODSIM	GluGluToHHTo2B2Tau_TuneCP5_PSWeights_node_8_13TeV-madgraph-pythia8	RunIISummer20UL16NanoAODv15-150X_mcRun2_asymptotic_v1-v1	NANOAODSIM	-	-	-	-	-
/GluGluToHHTo2B2Tau_TuneCP5_PSWeights_node_9_13TeV-madgraph-pythia8/RunIISummer20UL16NanoAODv15-150X_mcRun2_asymptotic_v1-v1/NANOAODSIM	GluGluToHHTo2B2Tau_TuneCP5_PSWeights_node_9_13TeV-madgraph-pythia8	RunIISummer20UL16NanoAODv15-150X_mcRun2_asymptotic_v1-v1	NANOAODSIM	-	-	-	-	-
/GluGluToHHTo2B2Tau_TuneCP5_PSWeights_node_SM_13TeV-madgraph-pythia8/RunIISummer20UL16NanoAODv15-150X_mcRun2_asymptotic_v1-v1/NANOAODSIM	GluGluToHHTo2B2Tau_TuneCP5_PSWeights_node_SM_13TeV-madgraph-pythia8	RunIISummer20UL16NanoAODv15-150X_mcRun2_asymptotic_v1-v1	NANOAODSIM	-	-	-	-	-
/GluGluToHHTo4B_cHHH0_TuneCP5_PSWeights_13TeV-powheg-pythia8/RunIISummer20UL16NanoAODv15-150X_mcRun2_asymptotic_v1_ext1-v1/NANOAODSIM	GluGluToHHTo4B_cHHH0_TuneCP5_PSWeights_13TeV-powheg-pythia8	RunIISummer20UL16NanoAODv15-150X_mcRun2_asymptotic_v1_ext1-v1	NANOAODSIM	-	-	-	-	-
/GluGluToHHTo4B_cHHH1_TuneCP5_PSWeights_13TeV-powheg-pythia8/RunIISummer20UL16NanoAODv15-150X_mcRun2_asymptotic_v1_ext1-v1/NANOAODSIM	GluGluToHHTo4B_cHHH1_TuneCP5_PSWeights_13TeV-powheg-pythia8	RunIISummer20UL16NanoAODv15-150X_mcRun2_asymptotic_v1_ext1-v1	NANOAODSIM	-	-	-	-	-
/GluGluToHHTo4B_cHHH1_TuneCP5_PSWeights_13TeV-powheg-pythia8/RunIISummer20UL16NanoAODv15-150X_mcRun2_asymptotic_v1-v1/NANOAODSIM	GluGluToHHTo4B_cHHH1_TuneCP5_PSWeights_13TeV-powheg-pythia8	RunIISummer20UL16NanoAODv15-150X_mcRun2_asymptotic_v1-v1	NANOAODSIM	-	-	-	-	-
/GluGluToHHTo4B_cHHH2p45_TuneCP5_PSWeights_13TeV-powheg-pythia8/RunIISummer20UL16NanoAODv15-150X_mcRun2_asymptotic_v1_ext1-v1/NANOAODSIM	GluGluToHHTo4B_cHHH2p45_TuneCP5_PSWeights_13TeV-powheg-pythia8	RunIISummer20UL16NanoAODv15-150X_mcRun2_asymptotic_v1_ext1-v1	NANOAODSIM	-	-	-	-	-
/GluGluToHHTo4B_cHHH2p45_TuneCP5_PSWeights_13TeV-powheg-pythia8/RunIISummer20UL16NanoAODv15-150X_mcRun2_asymptotic_v1-v1/NANOAODSIM	GluGluToHHTo4B_cHHH2p45_TuneCP5_PSWeights_13TeV-powheg-pythia8	RunIISummer20UL16NanoAODv15-150X_mcRun2_asymptotic_v1-v1	NANOAODSIM	-	-	-	-	-
/GluGluToHHTo4B_cHHH5_TuneCP5_PSWeights_13TeV-powheg-pythia8/RunIISummer20UL16NanoAODv15-150X_mcRun2_asymptotic_v1_ext1-v1/NANOAODSIM	GluGluToHHTo4B_cHHH5_TuneCP5_PSWeights_13TeV-powheg-pythia8	RunIISummer20UL16NanoAODv15-150X_mcRun2_asymptotic_v1_ext1-v1	NANOAODSIM	-	-	-	-	-
/GluGluToHHTo4B_cHHH5_TuneCP5_PSWeights_13TeV-powheg-pythia8/RunIISummer20UL16NanoAODv15-150X_mcRun2_asymptotic_v1-v1/NANOAODSIM	GluGluToHHTo4B_cHHH5_TuneCP5_PSWeights_13TeV-powheg-pythia8	RunIISummer20UL16NanoAODv15-150X_mcRun2_asymptotic_v1-v1	NANOAODSIM	-	-	-	-	-
/GluGluToHHTobbVV_node_cHHH1_TuneCP5_13TeV-powheg-pythia8/RunIISummer20UL16NanoAODv15-150X_mcRun2_asymptotic_v1-v1/NANOAODSIM	GluGluToHHTobbVV_node_cHHH1_TuneCP5_13TeV-powheg-pythia8	RunIISummer20UL16NanoAODv15-150X_mcRun2_asymptotic_v1-v1	NANOAODSIM	-	-	-	-	-
/GluGluToRadionToHHTo2B2G_M-1000_TuneCP5_PSWeights_narrow_13TeV-madgraph-pythia8/RunIISummer20UL16NanoAODv15-150X_mcRun2_asymptotic_v1-v1/NANOAODSIM	GluGluToRadionToHHTo2B2G_M-1000_TuneCP5_PSWeights_narrow_13TeV-madgraph-pythia8	RunIISummer20UL16NanoAODv15-150X_mcRun2_asymptotic_v1-v1	NANOAODSIM	-	-	-	-	-
/GluGluToRadionToHHTo2B2G_M-1100_TuneCP5_PSWeights_narrow_13TeV-madgraph-pythia8/RunIISummer20UL16NanoAODv15-150X_mcRun2_asymptotic_v1-v1/NANOAODSIM	GluGluToRadionToHHTo2B2G_M-1100_TuneCP5_PSWeights_narrow_13TeV-madgraph-pythia8	RunIISummer20UL16NanoAODv15-150X_mcRun2_asymptotic_v1-v1	NANOAODSIM	-	-	-	-	-
/GluGluToRadionToHHTo2B2G_M-1100_TuneCP5_PSWeights_narrow_13TeV-madgraph-pythia8/RunIISummer20UL16NanoAODv15-150X_mcRun2_asymptotic_v1-v2/NANOAODSIM	GluGluToRadionToHHTo2B2G_M-1100_TuneCP5_PSWeights_narrow_13TeV-madgraph-pythia8	RunIISummer20UL16NanoAODv15-150X_mcRun2_asymptotic_v1-v2	NANOAODSIM	-	-	-	-	-
/GluGluToRadionToHHTo2B2G_M-1200_TuneCP5_PSWeights_narrow_13TeV-madgraph-pythia8/RunIISummer20UL16NanoAODv15-150X_mcRun2_asymptotic_v1-v1/NANOAODSIM	GluGluToRadionToHHTo2B2G_M-1200_TuneCP5_PSWeights_narrow_13TeV-madgraph-pythia8	RunIISummer20UL16NanoAODv15-150X_mcRun2_asymptotic_v1-v1	NANOAODSIM	-	-	-	-	-
/GluGluToRadionToHHTo2B2G_M-1300_TuneCP5_PSWeights_narrow_13TeV-madgraph-pythia8/RunIISummer20UL16NanoAODv15-150X_mcRun2_asymptotic_v1-v1/NANOAODSIM	GluGluToRadionToHHTo2B2G_M-1300_TuneCP5_PSWeights_narrow_13TeV-madgraph-pythia8	RunIISummer20UL16NanoAODv15-150X_mcRun2_asymptotic_v1-v1	NANOAODSIM	-	-	-	-	-
/GluGluToRadionToHHTo2B2G_M-1400_TuneCP5_PSWeights_narrow_13TeV-madgraph-pythia8/RunIISummer20UL16NanoAODv15-150X_mcRun2_asymptotic_v1-v1/NANOAODSIM	GluGluToRadionToHHTo2B2G_M-1400_TuneCP5_PSWeights_narrow_13TeV-madgraph-pythia8	RunIISummer20UL16NanoAODv15-150X_mcRun2_asymptotic_v1-v1	NANOAODSIM	-	-	-	-	-
/GluGluToRadionToHHTo2B2G_M-1500_TuneCP5_PSWeights_narrow_13TeV-madgraph-pythia8/RunIISummer20UL16NanoAODv15-150X_mcRun2_asymptotic_v1-v1/NANOAODSIM	GluGluToRadionToHHTo2B2G_M-1500_TuneCP5_PSWeights_narrow_13TeV-madgraph-pythia8	RunIISummer20UL16NanoAODv15-150X_mcRun2_asymptotic_v1-v1	NANOAODSIM	-	-	-	-	-
/GluGluToRadionToHHTo2B2G_M-1500_TuneCP5_PSWeights_narrow_13TeV-madgraph-pythia8/RunIISummer20UL16NanoAODv15-150X_mcRun2_asymptotic_v1-v2/NANOAODSIM	GluGluToRadionToHHTo2B2G_M-1500_TuneCP5_PSWeights_narrow_13TeV-madgraph-pythia8	RunIISummer20UL16NanoAODv15-150X_mcRun2_asymptotic_v1-v2	NANOAODSIM	-	-	-	-	-
/GluGluToRadionToHHTo2B2G_M-1600_TuneCP5_PSWeights_narrow_13TeV-madgraph-pythia8/RunIISummer20UL16NanoAODv15-150X_mcRun2_asymptotic_v1-v1/NANOAODSIM	GluGluToRadionToHHTo2B2G_M-1600_TuneCP5_PSWeights_narrow_13TeV-madgraph-pythia8	RunIISummer20UL16NanoAODv15-150X_mcRun2_asymptotic_v1-v1	NANOAODSIM	-	-	-	-	-
/GluGluToRadionToHHTo2B2G_M-1700_TuneCP5_PSWeights_narrow_13TeV-madgraph-pythia8/RunIISummer20UL16NanoAODv15-150X_mcRun2_asymptotic_v1-v1/NANOAODSIM	GluGluToRadionToHHTo2B2G_M-1700_TuneCP5_PSWeights_narrow_13TeV-madgraph-pythia8	RunIISummer20UL16NanoAODv15-150X_mcRun2_asymptotic_v1-v1	NANOAODSIM	-	-	-	-	-
/GluGluToRadionToHHTo2B2G_M-1700_TuneCP5_PSWeights_narrow_13TeV-madgraph-pythia8/RunIISummer20UL16NanoAODv15-150X_mcRun2_asymptotic_v1-v2/NANOAODSIM	GluGluToRadionToHHTo2B2G_M-1700_TuneCP5_PSWeights_narrow_13TeV-madgraph-pythia8	RunIISummer20UL16NanoAODv15-150X_mcRun2_asymptotic_v1-v2	NANOAODSIM	-	-	-	-	-
/GluGluToRadionToHHTo2B2G_M-1800_TuneCP5_PSWeights_narrow_13TeV-madgraph-pythia8/RunIISummer20UL16NanoAODv15-150X_mcRun2_asymptotic_v1-v1/NANOAODSIM	GluGluToRadionToHHTo2B2G_M-1800_TuneCP5_PSWeights_narrow_13TeV-madgraph-pythia8	RunIISummer20UL16NanoAODv15-150X_mcRun2_asymptotic_v1-v1	NANOAODSIM	-	-	-	-	-
/GluGluToRadionToHHTo2B2G_M-1900_TuneCP5_PSWeights_narrow_13TeV-madgraph-pythia8/RunIISummer20UL16NanoAODv15-150X_mcRun2_asymptotic_v1-v1/NANOAODSIM	GluGluToRadionToHHTo2B2G_M-1900_TuneCP5_PSWeights_narrow_13TeV-madgraph-pythia8	RunIISummer20UL16NanoAODv15-150X_mcRun2_asymptotic_v1-v1	NANOAODSIM	-	-	-	-	-
/GluGluToRadionToHHTo2B2G_M-2000_TuneCP5_PSWeights_narrow_13TeV-madgraph-pythia8/RunIISummer20UL16NanoAODv15-150X_mcRun2_asymptotic_v1-v1/NANOAODSIM	GluGluToRadionToHHTo2B2G_M-2000_TuneCP5_PSWeights_narrow_13TeV-madgraph-pythia8	RunIISummer20UL16NanoAODv15-150X_mcRun2_asymptotic_v1-v1	NANOAODSIM	-	-	-	-	-
/GluGluToRadionToHHTo2B2G_M-2200_TuneCP5_PSWeights_narrow_13TeV-madgraph-pythia8/RunIISummer20UL16NanoAODv15-150X_mcRun2_asymptotic_v1-v1/NANOAODSIM	GluGluToRadionToHHTo2B2G_M-2200_TuneCP5_PSWeights_narrow_13TeV-madgraph-pythia8	RunIISummer20UL16NanoAODv15-150X_mcRun2_asymptotic_v1-v1	NANOAODSIM	-	-	-	-	-
/GluGluToRadionToHHTo2B2G_M-2400_TuneCP5_PSWeights_narrow_13TeV-madgraph-pythia8/RunIISummer20UL16NanoAODv15-150X_mcRun2_asymptotic_v1-v1/NANOAODSIM	GluGluToRadionToHHTo2B2G_M-2400_TuneCP5_PSWeights_narrow_13TeV-madgraph-pythia8	RunIISummer20UL16NanoAODv15-150X_mcRun2_asymptotic_v1-v1	NANOAODSIM	-	-	-	-	-
/GluGluToRadionToHHTo2B2G_M-2600_TuneCP5_PSWeights_narrow_13TeV-madgraph-pythia8/RunIISummer20UL16NanoAODv15-150X_mcRun2_asymptotic_v1-v1/NANOAODSIM	GluGluToRadionToHHTo2B2G_M-2600_TuneCP5_PSWeights_narrow_13TeV-madgraph-pythia8	RunIISummer20UL16NanoAODv15-150X_mcRun2_asymptotic_v1-v1	NANOAODSIM	-	-	-	-	-
/GluGluToRadionToHHTo2B2G_M-2800_TuneCP5_PSWeights_narrow_13TeV-madgraph-pythia8/RunIISummer20UL16NanoAODv15-150X_mcRun2_asymptotic_v1-v1/NANOAODSIM	GluGluToRadionToHHTo2B2G_M-2800_TuneCP5_PSWeights_narrow_13TeV-madgraph-pythia8	RunIISummer20UL16NanoAODv15-150X_mcRun2_asymptotic_v1-v1	NANOAODSIM	-	-	-	-	-
/GluGluToRadionToHHTo2B2G_M-3000_TuneCP5_PSWeights_narrow_13TeV-madgraph-pythia8/RunIISummer20UL16NanoAODv15-150X_mcRun2_asymptotic_v1-v1/NANOAODSIM	GluGluToRadionToHHTo2B2G_M-3000_TuneCP5_PSWeights_narrow_13TeV-madgraph-pythia8	RunIISummer20UL16NanoAODv15-150X_mcRun2_asymptotic_v1-v1	NANOAODSIM	-	-	-	-	-
/GluGluToWWToENEN_TuneCP5_13TeV_MCFM701_pythia8/RunIISummer20UL16NanoAODv15-150X_mcRun2_asymptotic_v1-v1/NANOAODSIM	GluGluToWWToENEN_TuneCP5_13TeV_MCFM701_pythia8	RunIISummer20UL16NanoAODv15-150X_mcRun2_asymptotic_v1-v1	NANOAODSIM	-	-	-	-	-
/GluGluToWWToENMN_TuneCP5_13TeV_MCFM701_pythia8/RunIISummer20UL16NanoAODv15-150X_mcRun2_asymptotic_v1-v1/NANOAODSIM	GluGluToWWToENMN_TuneCP5_13TeV_MCFM701_pythia8	RunIISummer20UL16NanoAODv15-150X_mcRun2_asymptotic_v1-v1	NANOAODSIM	-	-	-	-	-
/GluGluToWWToENTN_TuneCP5_13TeV_MCFM701_pythia8/RunIISummer20UL16NanoAODv15-150X_mcRun2_asymptotic_v1-v1/NANOAODSIM	GluGluToWWToENTN_TuneCP5_13TeV_MCFM701_pythia8	RunIISummer20UL16NanoAODv15-150X_mcRun2_asymptotic_v1-v1	NANOAODSIM	-	-	-	-	-
/GluGluToWWToMNEN_TuneCP5_13TeV_MCFM701_pythia8/RunIISummer20UL16NanoAODv15-150X_mcRun2_asymptotic_v1-v1/NANOAODSIM	GluGluToWWToMNEN_TuneCP5_13TeV_MCFM701_pythia8	RunIISummer20UL16NanoAODv15-150X_mcRun2_asymptotic_v1-v1	NANOAODSIM	-	-	-	-	-
/GluGluToWWToMNMN_TuneCP5_13TeV_MCFM701_pythia8/RunIISummer20UL16NanoAODv15-150X_mcRun2_asymptotic_v1-v1/NANOAODSIM	GluGluToWWToMNMN_TuneCP5_13TeV_MCFM701_pythia8	RunIISummer20UL16NanoAODv15-150X_mcRun2_asymptotic_v1-v1	NANOAODSIM	-	-	-	-	-
/GluGluToWWToMNTN_TuneCP5_13TeV_MCFM701_pythia8/RunIISummer20UL16NanoAODv15-150X_mcRun2_asymptotic_v1-v1/NANOAODSIM	GluGluToWWToMNTN_TuneCP5_13TeV_MCFM701_pythia8	RunIISummer20UL16NanoAODv15-150X_mcRun2_asymptotic_v1-v1	NANOAODSIM	-	-	-	-	-
/GluGluToWWToTNEN_TuneCP5_13TeV_MCFM701_pythia8/RunIISummer20UL16NanoAODv15-150X_mcRun2_asymptotic_v1-v1/NANOAODSIM	GluGluToWWToTNEN_TuneCP5_13TeV_MCFM701_pythia8	RunIISummer20UL16NanoAODv15-150X_mcRun2_asymptotic_v1-v1	NANOAODSIM	-	-	-	-	-
/GluGluToWWToTNMN_TuneCP5_13TeV_MCFM701_pythia8/RunIISummer20UL16NanoAODv15-150X_mcRun2_asymptotic_v1-v1/NANOAODSIM	GluGluToWWToTNMN_TuneCP5_13TeV_MCFM701_pythia8	RunIISummer20UL16NanoAODv15-150X_mcRun2_asymptotic_v1-v1	NANOAODSIM	-	-	-	-	-
/GluGluToWWToTNTN_TuneCP5_13TeV_MCFM701_pythia8/RunIISummer20UL16NanoAODv15-150X_mcRun2_asymptotic_v1-v1/NANOAODSIM	GluGluToWWToTNTN_TuneCP5_13TeV_MCFM701_pythia8	RunIISummer20UL16NanoAODv15-150X_mcRun2_asymptotic_v1-v1	NANOAODSIM	-	-	-	-	-
/GluGluZH_HToWWTo2L2Nu_M-125_TuneCP5_13TeV-powheg-pythia8/RunIISummer20UL16NanoAODv15-150X_mcRun2_asymptotic_v1-v1/NANOAODSIM	GluGluZH_HToWWTo2L2Nu_M-125_TuneCP5_13TeV-powheg-pythia8	RunIISummer20UL16NanoAODv15-150X_mcRun2_asymptotic_v1-v1	NANOAODSIM	-	-	-	-	-
/HHHTo4B2Tau_c3_0_d4_0_TuneCP5_13TeV-amcatnlo-pythia8/RunIISummer20UL16NanoAODv15-150X_mcRun2_asymptotic_v1-v1/NANOAODSIM	HHHTo4B2Tau_c3_0_d4_0_TuneCP5_13TeV-amcatnlo-pythia8	RunIISummer20UL16NanoAODv15-150X_mcRun2_asymptotic_v1-v1	NANOAODSIM	-	-	-	-	-
/HHHTo4B2Tau_c3_0_d4_99_TuneCP5_13TeV_amcatnlo-pythia8/RunIISummer20UL16NanoAODv15-150X_mcRun2_asymptotic_v1-v1/NANOAODSIM	HHHTo4B2Tau_c3_0_d4_99_TuneCP5_13TeV_amcatnlo-pythia8	RunIISummer20UL16NanoAODv15-150X_mcRun2_asymptotic_v1-v1	NANOAODSIM	-	-	-	-	-
/HHHTo4B2Tau_c3_0_d4_minus1_TuneCP5_13TeV_amcatnlo-pythia8/RunIISummer20UL16NanoAODv15-150X_mcRun2_asymptotic_v1-v1/NANOAODSIM	HHHTo4B2Tau_c3_0_d4_minus1_TuneCP5_13TeV_amcatnlo-pythia8	RunIISummer20UL16NanoAODv15-150X_mcRun2_asymptotic_v1-v1	NANOAODSIM	-	-	-	-	-
/HHHTo4B2Tau_c3_19_d4_19_TuneCP5_13TeV_amcatnlo-pythia8/RunIISummer20UL16NanoAODv15-150X_mcRun2_asymptotic_v1-v1/NANOAODSIM	HHHTo4B2Tau_c3_19_d4_19_TuneCP5_13TeV_amcatnlo-pythia8	RunIISummer20UL16NanoAODv15-150X_mcRun2_asymptotic_v1-v1	NANOAODSIM	-	-	-	-	-
/HHHTo4B2Tau_c3_1_d4_0_TuneCP5_13TeV_amcatnlo-pythia8/RunIISummer20UL16NanoAODv15-150X_mcRun2_asymptotic_v1-v1/NANOAODSIM	HHHTo4B2Tau_c3_1_d4_0_TuneCP5_13TeV_amcatnlo-pythia8	RunIISummer20UL16NanoAODv15-150X_mcRun2_asymptotic_v1-v1	NANOAODSIM	-	-	-	-	-
/HHHTo4B2Tau_c3_1_d4_2_TuneCP5_13TeV_amcatnlo-pythia8/RunIISummer20UL16NanoAODv15-150X_mcRun2_asymptotic_v1-v1/NANOAODSIM	HHHTo4B2Tau_c3_1_d4_2_TuneCP5_13TeV_amcatnlo-pythia8	RunIISummer20UL16NanoAODv15-150X_mcRun2_asymptotic_v1-v1	NANOAODSIM	-	-	-	-	-
/HHHTo4B2Tau_c3_2_d4_minus1_TuneCP5_13TeV_amcatnlo-pythia8/RunIISummer20UL16NanoAODv15-150X_mcRun2_asymptotic_v1-v1/NANOAODSIM	HHHTo4B2Tau_c3_2_d4_minus1_TuneCP5_13TeV_amcatnlo-pythia8	RunIISummer20UL16NanoAODv15-150X_mcRun2_asymptotic_v1-v1	NANOAODSIM	-	-	-	-	-
/HHHTo4B2Tau_c3_4_d4_9_TuneCP5_13TeV_amcatnlo-pythia8/RunIISummer20UL16NanoAODv15-150X_mcRun2_asymptotic_v1-v1/NANOAODSIM	HHHTo4B2Tau_c3_4_d4_9_TuneCP5_13TeV_amcatnlo-pythia8	RunIISummer20UL16NanoAODv15-150X_mcRun2_asymptotic_v1-v1	NANOAODSIM	-	-	-	-	-
/HHHTo4B2Tau_c3_minus1_d4_0_TuneCP5_13TeV_amcatnlo-pythia8/RunIISummer20UL16NanoAODv15-150X_mcRun2_asymptotic_v1-v1/NANOAODSIM	HHHTo4B2Tau_c3_minus1_d4_0_TuneCP5_13TeV_amcatnlo-pythia8	RunIISummer20UL16NanoAODv15-150X_mcRun2_asymptotic_v1-v1	NANOAODSIM	-	-	-	-	-
/HHHTo4B2Tau_c3_minus1_d4_minus1_TuneCP5_13TeV_amcatnlo-pythia8/RunIISummer20UL16NanoAODv15-150X_mcRun2_asymptotic_v1-v1/NANOAODSIM	HHHTo4B2Tau_c3_minus1_d4_minus1_TuneCP5_13TeV_amcatnlo-pythia8	RunIISummer20UL16NanoAODv15-150X_mcRun2_asymptotic_v1-v1	NANOAODSIM	-	-	-	-	-
/HHHTo4B2Tau_c3_minus1p5_d4_minus0p5_TuneCP5_13TeV_amcatnlo-pythia8/RunIISummer20UL16NanoAODv15-150X_mcRun2_asymptotic_v1-v1/NANOAODSIM	HHHTo4B2Tau_c3_minus1p5_d4_minus0p5_TuneCP5_13TeV_amcatnlo-pythia8	RunIISummer20UL16NanoAODv15-150X_mcRun2_asymptotic_v1-v1	NANOAODSIM	-	-	-	-	-
/HHHTo6B_c3_0_d4_0_TuneCP5_13TeV-amcatnlo-pythia8/RunIISummer20UL16NanoAODv15-150X_mcRun2_asymptotic_v1-v1/NANOAODSIM	HHHTo6B_c3_0_d4_0_TuneCP5_13TeV-amcatnlo-pythia8	RunIISummer20UL16NanoAODv15-150X_mcRun2_asymptotic_v1-v1	NANOAODSIM	-	-	-	-	-
/HHHTo6B_c3_0_d4_99_TuneCP5_13TeV_amcatnlo-pythia8/RunIISummer20UL16NanoAODv15-150X_mcRun2_asymptotic_v1-v1/NANOAODSIM	HHHTo6B_c3_0_d4_99_TuneCP5_13TeV_amcatnlo-pythia8	RunIISummer20UL16NanoAODv15-150X_mcRun2_asymptotic_v1-v1	NANOAODSIM	-	-	-	-	-
/HHHTo6B_c3_0_d4_minus1_TuneCP5_13TeV_amcatnlo-pythia8/RunIISummer20UL16NanoAODv15-150X_mcRun2_asymptotic_v1-v1/NANOAODSIM	HHHTo6B_c3_0_d4_minus1_TuneCP5_13TeV_amcatnlo-pythia8	RunIISummer20UL16NanoAODv15-150X_mcRun2_asymptotic_v1-v1	NANOAODSIM	-	-	-	-	-
/HHHTo6B_c3_19_d4_19_TuneCP5_13TeV_amcatnlo-pythia8/RunIISummer20UL16NanoAODv15-150X_mcRun2_asymptotic_v1-v1/NANOAODSIM	HHHTo6B_c3_19_d4_19_TuneCP5_13TeV_amcatnlo-pythia8	RunIISummer20UL16NanoAODv15-150X_mcRun2_asymptotic_v1-v1	NANOAODSIM	-	-	-	-	-
/HHHTo6B_c3_1_d4_0_TuneCP5_13TeV_amcatnlo-pythia8/RunIISummer20UL16NanoAODv15-150X_mcRun2_asymptotic_v1-v1/NANOAODSIM	HHHTo6B_c3_1_d4_0_TuneCP5_13TeV_amcatnlo-pythia8	RunIISummer20UL16NanoAODv15-150X_mcRun2_asymptotic_v1-v1	NANOAODSIM	-	-	-	-	-
/HHHTo6B_c3_2_d4_minus1_TuneCP5_13TeV_amcatnlo-pythia8/RunIISummer20UL16NanoAODv15-150X_mcRun2_asymptotic_v1-v1/NANOAODSIM	HHHTo6B_c3_2_d4_minus1_TuneCP5_13TeV_amcatnlo-pythia8	RunIISummer20UL16NanoAODv15-150X_mcRun2_asymptotic_v1-v1	NANOAODSIM	-	-	-	-	-
/HHHTo6B_c3_4_d4_9_TuneCP5_13TeV_amcatnlo-pythia8/RunIISummer20UL16NanoAODv15-150X_mcRun2_asymptotic_v1-v1/NANOAODSIM	HHHTo6B_c3_4_d4_9_TuneCP5_13TeV_amcatnlo-pythia8	RunIISummer20UL16NanoAODv15-150X_mcRun2_asymptotic_v1-v1	NANOAODSIM	-	-	-	-	-
/HHHTo6B_c3_minus1_d4_0_TuneCP5_13TeV_amcatnlo-pythia8/RunIISummer20UL16NanoAODv15-150X_mcRun2_asymptotic_v1-v1/NANOAODSIM	HHHTo6B_c3_minus1_d4_0_TuneCP5_13TeV_amcatnlo-pythia8	RunIISummer20UL16NanoAODv15-150X_mcRun2_asymptotic_v1-v1	NANOAODSIM	-	-	-	-	-
/HHHTo6B_c3_minus1_d4_minus1_TuneCP5_13TeV_amcatnlo-pythia8/RunIISummer20UL16NanoAODv15-150X_mcRun2_asymptotic_v1-v1/NANOAODSIM	HHHTo6B_c3_minus1_d4_minus1_TuneCP5_13TeV_amcatnlo-pythia8	RunIISummer20UL16NanoAODv15-150X_mcRun2_asymptotic_v1-v1	NANOAODSIM	-	-	-	-	-
/HHHTo6B_c3_minus1p5_d4_minus0p5_TuneCP5_13TeV_amcatnlo-pythia8/RunIISummer20UL16NanoAODv15-150X_mcRun2_asymptotic_v1-v1/NANOAODSIM	HHHTo6B_c3_minus1p5_d4_minus0p5_TuneCP5_13TeV_amcatnlo-pythia8	RunIISummer20UL16NanoAODv15-150X_mcRun2_asymptotic_v1-v1	NANOAODSIM	-	-	-	-	-
/HHto2B2G-BOX-SChan-interference_Eta-0-M-1000-RelWidth-0p01_TuneCP5_13TeV_madgraph-pythia8/RunIISummer20UL16NanoAODv15-150X_mcRun2_asymptotic_v1-v1/NANOAODSIM	HHto2B2G-BOX-SChan-interference_Eta-0-M-1000-RelWidth-0p01_TuneCP5_13TeV_madgraph-pythia8	RunIISummer20UL16NanoAODv15-150X_mcRun2_asymptotic_v1-v1	NANOAODSIM	-	-	-	-	-
/HHto2B2G-BOX-SChan-interference_Eta-0-M-1000-RelWidth-0p05_TuneCP5_13TeV_madgraph-pythia8/RunIISummer20UL16NanoAODv15-150X_mcRun2_asymptotic_v1-v1/NANOAODSIM	HHto2B2G-BOX-SChan-interference_Eta-0-M-1000-RelWidth-0p05_TuneCP5_13TeV_madgraph-pythia8	RunIISummer20UL16NanoAODv15-150X_mcRun2_asymptotic_v1-v1	NANOAODSIM	-	-	-	-	-
/HHto2B2G-BOX-SChan-interference_Eta-0-M-1000-RelWidth-0p3_TuneCP5_13TeV_madgraph-pythia8/RunIISummer20UL16NanoAODv15-150X_mcRun2_asymptotic_v1-v1/NANOAODSIM	HHto2B2G-BOX-SChan-interference_Eta-0-M-1000-RelWidth-0p3_TuneCP5_13TeV_madgraph-pythia8	RunIISummer20UL16NanoAODv15-150X_mcRun2_asymptotic_v1-v1	NANOAODSIM	-	-	-	-	-
/HHto2B2G-BOX-SChan-interference_Eta-0-M-1100-RelWidth-0p01_TuneCP5_13TeV_madgraph-pythia8/RunIISummer20UL16NanoAODv15-150X_mcRun2_asymptotic_v1-v1/NANOAODSIM	HHto2B2G-BOX-SChan-interference_Eta-0-M-1100-RelWidth-0p01_TuneCP5_13TeV_madgraph-pythia8	RunIISummer20UL16NanoAODv15-150X_mcRun2_asymptotic_v1-v1	NANOAODSIM	-	-	-	-	-
/HHto2B2G-BOX-SChan-interference_Eta-0-M-1100-RelWidth-0p05_TuneCP5_13TeV_madgraph-pythia8/RunIISummer20UL16NanoAODv15-150X_mcRun2_asymptotic_v1-v1/NANOAODSIM	HHto2B2G-BOX-SChan-interference_Eta-0-M-1100-RelWidth-0p05_TuneCP5_13TeV_madgraph-pythia8	RunIISummer20UL16NanoAODv15-150X_mcRun2_asymptotic_v1-v1	NANOAODSIM	-	-	-	-	-
/HHto2B2G-BOX-SChan-interference_Eta-0-M-1100-RelWidth-0p3_TuneCP5_13TeV_madgraph-pythia8/RunIISummer20UL16NanoAODv15-150X_mcRun2_asymptotic_v1-v1/NANOAODSIM	HHto2B2G-BOX-SChan-interference_Eta-0-M-1100-RelWidth-0p3_TuneCP5_13TeV_madgraph-pythia8	RunIISummer20UL16NanoAODv15-150X_mcRun2_asymptotic_v1-v1	NANOAODSIM	-	-	-	-	-
/HHto2B2G-BOX-SChan-interference_Eta-0-M-1200-RelWidth-0p01_TuneCP5_13TeV_madgraph-pythia8/RunIISummer20UL16NanoAODv15-150X_mcRun2_asymptotic_v1-v1/NANOAODSIM	HHto2B2G-BOX-SChan-interference_Eta-0-M-1200-RelWidth-0p01_TuneCP5_13TeV_madgraph-pythia8	RunIISummer20UL16NanoAODv15-150X_mcRun2_asymptotic_v1-v1	NANOAODSIM	-	-	-	-	-
/HHto2B2G-BOX-SChan-interference_Eta-0-M-1200-RelWidth-0p05_TuneCP5_13TeV_madgraph-pythia8/RunIISummer20UL16NanoAODv15-150X_mcRun2_asymptotic_v1-v1/NANOAODSIM	HHto2B2G-BOX-SChan-interference_Eta-0-M-1200-RelWidth-0p05_TuneCP5_13TeV_madgraph-pythia8	RunIISummer20UL16NanoAODv15-150X_mcRun2_asymptotic_v1-v1	NANOAODSIM	-	-	-	-	-
/HHto2B2G-BOX-SChan-interference_Eta-0-M-1300-RelWidth-0p01_TuneCP5_13TeV_madgraph-pythia8/RunIISummer20UL16NanoAODv15-150X_mcRun2_asymptotic_v1-v1/NANOAODSIM	HHto2B2G-BOX-SChan-interference_Eta-0-M-1300-RelWidth-0p01_TuneCP5_13TeV_madgraph-pythia8	RunIISummer20UL16NanoAODv15-150X_mcRun2_asymptotic_v1-v1	NANOAODSIM	-	-	-	-	-
/HHto2B2G-BOX-SChan-interference_Eta-0-M-1300-RelWidth-0p05_TuneCP5_13TeV_madgraph-pythia8/RunIISummer20UL16NanoAODv15-150X_mcRun2_asymptotic_v1-v1/NANOAODSIM	HHto2B2G-BOX-SChan-interference_Eta-0-M-1300-RelWidth-0p05_TuneCP5_13TeV_madgraph-pythia8	RunIISummer20UL16NanoAODv15-150X_mcRun2_asymptotic_v1-v1	NANOAODSIM	-	-	-	-	-
/HHto2B2G-BOX-SChan-interference_Eta-0-M-1300-RelWidth-0p05_TuneCP5_13TeV_madgraph-pythia8/RunIISummer20UL16NanoAODv15-150X_mcRun2_asymptotic_v1-v2/NANOAODSIM	HHto2B2G-BOX-SChan-interference_Eta-0-M-1300-RelWidth-0p05_TuneCP5_13TeV_madgraph-pythia8	RunIISummer20UL16NanoAODv15-150X_mcRun2_asymptotic_v1-v2	NANOAODSIM	-	-	-	-	-
/HHto2B2G-BOX-SChan-interference_Eta-0-M-1300-RelWidth-0p3_TuneCP5_13TeV_madgraph-pythia8/RunIISummer20UL16NanoAODv15-150X_mcRun2_asymptotic_v1-v1/NANOAODSIM	HHto2B2G-BOX-SChan-interference_Eta-0-M-1300-RelWidth-0p3_TuneCP5_13TeV_madgraph-pythia8	RunIISummer20UL16NanoAODv15-150X_mcRun2_asymptotic_v1-v1	NANOAODSIM	-	-	-	-	-
/HHto2B2G-BOX-SChan-interference_Eta-0-M-1400-RelWidth-0p01_TuneCP5_13TeV_madgraph-pythia8/RunIISummer20UL16NanoAODv15-150X_mcRun2_asymptotic_v1-v1/NANOAODSIM	HHto2B2G-BOX-SChan-interference_Eta-0-M-1400-RelWidth-0p01_TuneCP5_13TeV_madgraph-pythia8	RunIISummer20UL16NanoAODv15-150X_mcRun2_asymptotic_v1-v1	NANOAODSIM	-	-	-	-	-
/HHto2B2G-BOX-SChan-interference_Eta-0-M-1400-RelWidth-0p05_TuneCP5_13TeV_madgraph-pythia8/RunIISummer20UL16NanoAODv15-150X_mcRun2_asymptotic_v1-v1/NANOAODSIM	HHto2B2G-BOX-SChan-interference_Eta-0-M-1400-RelWidth-0p05_TuneCP5_13TeV_madgraph-pythia8	RunIISummer20UL16NanoAODv15-150X_mcRun2_asymptotic_v1-v1	NANOAODSIM	-	-	-	-	-
/HHto2B2G-BOX-SChan-interference_Eta-0-M-1400-RelWidth-0p3_TuneCP5_13TeV_madgraph-pythia8/RunIISummer20UL16NanoAODv15-150X_mcRun2_asymptotic_v1-v1/NANOAODSIM	HHto2B2G-BOX-SChan-interference_Eta-0-M-1400-RelWidth-0p3_TuneCP5_13TeV_madgraph-pythia8	RunIISummer20UL16NanoAODv15-150X_mcRun2_asymptotic_v1-v1	NANOAODSIM	-	-	-	-	-
/HHto2B2G-BOX-SChan-interference_Eta-0-M-1500-RelWidth-0p01_TuneCP5_13TeV_madgraph-pythia8/RunIISummer20UL16NanoAODv15-150X_mcRun2_asymptotic_v1-v1/NANOAODSIM	HHto2B2G-BOX-SChan-interference_Eta-0-M-1500-RelWidth-0p01_TuneCP5_13TeV_madgraph-pythia8	RunIISummer20UL16NanoAODv15-150X_mcRun2_asymptotic_v1-v1	NANOAODSIM	-	-	-	-	-
/HHto2B2G-BOX-SChan-interference_Eta-0-M-1500-RelWidth-0p01_TuneCP5_13TeV_madgraph-pythia8/RunIISummer20UL16NanoAODv15-150X_mcRun2_asymptotic_v1-v2/NANOAODSIM	HHto2B2G-BOX-SChan-interference_Eta-0-M-1500-RelWidth-0p01_TuneCP5_13TeV_madgraph-pythia8	RunIISummer20UL16NanoAODv15-150X_mcRun2_asymptotic_v1-v2	NANOAODSIM	-	-	-	-	-
/HHto2B2G-BOX-SChan-interference_Eta-0-M-1500-RelWidth-0p05_TuneCP5_13TeV_madgraph-pythia8/RunIISummer20UL16NanoAODv15-150X_mcRun2_asymptotic_v1-v1/NANOAODSIM	HHto2B2G-BOX-SChan-interference_Eta-0-M-1500-RelWidth-0p05_TuneCP5_13TeV_madgraph-pythia8	RunIISummer20UL16NanoAODv15-150X_mcRun2_asymptotic_v1-v1	NANOAODSIM	-	-	-	-	-
/HHto2B2G-BOX-SChan-interference_Eta-0-M-1500-RelWidth-0p3_TuneCP5_13TeV_madgraph-pythia8/RunIISummer20UL16NanoAODv15-150X_mcRun2_asymptotic_v1-v1/NANOAODSIM	HHto2B2G-BOX-SChan-interference_Eta-0-M-1500-RelWidth-0p3_TuneCP5_13TeV_madgraph-pythia8	RunIISummer20UL16NanoAODv15-150X_mcRun2_asymptotic_v1-v1	NANOAODSIM	-	-	-	-	-
/HHto2B2G-BOX-SChan-interference_Eta-0-M-1600-RelWidth-0p01_TuneCP5_13TeV_madgraph-pythia8/RunIISummer20UL16NanoAODv15-150X_mcRun2_asymptotic_v1-v1/NANOAODSIM	HHto2B2G-BOX-SChan-interference_Eta-0-M-1600-RelWidth-0p01_TuneCP5_13TeV_madgraph-pythia8	RunIISummer20UL16NanoAODv15-150X_mcRun2_asymptotic_v1-v1	NANOAODSIM	-	-	-	-	-
/HHto2B2G-BOX-SChan-interference_Eta-0-M-1600-RelWidth-0p05_TuneCP5_13TeV_madgraph-pythia8/RunIISummer20UL16NanoAODv15-150X_mcRun2_asymptotic_v1-v1/NANOAODSIM	HHto2B2G-BOX-SChan-interference_Eta-0-M-1600-RelWidth-0p05_TuneCP5_13TeV_madgraph-pythia8	RunIISummer20UL16NanoAODv15-150X_mcRun2_asymptotic_v1-v1	NANOAODSIM	-	-	-	-	-
/HHto2B2G-BOX-SChan-interference_Eta-0-M-1600-RelWidth-0p3_TuneCP5_13TeV_madgraph-pythia8/RunIISummer20UL16NanoAODv15-150X_mcRun2_asymptotic_v1-v1/NANOAODSIM	HHto2B2G-BOX-SChan-interference_Eta-0-M-1600-RelWidth-0p3_TuneCP5_13TeV_madgraph-pythia8	RunIISummer20UL16NanoAODv15-150X_mcRun2_asymptotic_v1-v1	NANOAODSIM	-	-	-	-	-
/HHto2B2G-BOX-SChan-interference_Eta-0-M-1700-RelWidth-0p01_TuneCP5_13TeV_madgraph-pythia8/RunIISummer20UL16NanoAODv15-150X_mcRun2_asymptotic_v1-v1/NANOAODSIM	HHto2B2G-BOX-SChan-interference_Eta-0-M-1700-RelWidth-0p01_TuneCP5_13TeV_madgraph-pythia8	RunIISummer20UL16NanoAODv15-150X_mcRun2_asymptotic_v1-v1	NANOAODSIM	-	-	-	-	-
/HHto2B2G-BOX-SChan-interference_Eta-0-M-1700-RelWidth-0p05_TuneCP5_13TeV_madgraph-pythia8/RunIISummer20UL16NanoAODv15-150X_mcRun2_asymptotic_v1-v1/NANOAODSIM	HHto2B2G-BOX-SChan-interference_Eta-0-M-1700-RelWidth-0p05_TuneCP5_13TeV_madgraph-pythia8	RunIISummer20UL16NanoAODv15-150X_mcRun2_asymptotic_v1-v1	NANOAODSIM	-	-	-	-	-
/HHto2B2G-BOX-SChan-interference_Eta-0-M-1700-RelWidth-0p05_TuneCP5_13TeV_madgraph-pythia8/RunIISummer20UL16NanoAODv15-150X_mcRun2_asymptotic_v1-v2/NANOAODSIM	HHto2B2G-BOX-SChan-interference_Eta-0-M-1700-RelWidth-0p05_TuneCP5_13TeV_madgraph-pythia8	RunIISummer20UL16NanoAODv15-150X_mcRun2_asymptotic_v1-v2	NANOAODSIM	-	-	-	-	-
/HHto2B2G-BOX-SChan-interference_Eta-0-M-1700-RelWidth-0p3_TuneCP5_13TeV_madgraph-pythia8/RunIISummer20UL16NanoAODv15-150X_mcRun2_asymptotic_v1-v1/NANOAODSIM	HHto2B2G-BOX-SChan-interference_Eta-0-M-1700-RelWidth-0p3_TuneCP5_13TeV_madgraph-pythia8	RunIISummer20UL16NanoAODv15-150X_mcRun2_asymptotic_v1-v1	NANOAODSIM	-	-	-	-	-
/HHto2B2G-BOX-SChan-interference_Eta-0-M-1800-RelWidth-0p01_TuneCP5_13TeV_madgraph-pythia8/RunIISummer20UL16NanoAODv15-150X_mcRun2_asymptotic_v1-v1/NANOAODSIM	HHto2B2G-BOX-SChan-interference_Eta-0-M-1800-RelWidth-0p01_TuneCP5_13TeV_madgraph-pythia8	RunIISummer20UL16NanoAODv15-150X_mcRun2_asymptotic_v1-v1	NANOAODSIM	-	-	-	-	-
/HHto2B2G-BOX-SChan-interference_Eta-0-M-1800-RelWidth-0p05_TuneCP5_13TeV_madgraph-pythia8/RunIISummer20UL16NanoAODv15-150X_mcRun2_asymptotic_v1-v1/NANOAODSIM	HHto2B2G-BOX-SChan-interference_Eta-0-M-1800-RelWidth-0p05_TuneCP5_13TeV_madgraph-pythia8	RunIISummer20UL16NanoAODv15-150X_mcRun2_asymptotic_v1-v1	NANOAODSIM	-	-	-	-	-
/HHto2B2G-BOX-SChan-interference_Eta-0-M-1800-RelWidth-0p3_TuneCP5_13TeV_madgraph-pythia8/RunIISummer20UL16NanoAODv15-150X_mcRun2_asymptotic_v1-v1/NANOAODSIM	HHto2B2G-BOX-SChan-interference_Eta-0-M-1800-RelWidth-0p3_TuneCP5_13TeV_madgraph-pythia8	RunIISummer20UL16NanoAODv15-150X_mcRun2_asymptotic_v1-v1	NANOAODSIM	-	-	-	-	-
/HHto2B2G-BOX-SChan-interference_Eta-0-M-1900-RelWidth-0p01_TuneCP5_13TeV_madgraph-pythia8/RunIISummer20UL16NanoAODv15-150X_mcRun2_asymptotic_v1-v1/NANOAODSIM	HHto2B2G-BOX-SChan-interference_Eta-0-M-1900-RelWidth-0p01_TuneCP5_13TeV_madgraph-pythia8	RunIISummer20UL16NanoAODv15-150X_mcRun2_asymptotic_v1-v1	NANOAODSIM	-	-	-	-	-
/HHto2B2G-BOX-SChan-interference_Eta-0-M-1900-RelWidth-0p05_TuneCP5_13TeV_madgraph-pythia8/RunIISummer20UL16NanoAODv15-150X_mcRun2_asymptotic_v1-v1/NANOAODSIM	HHto2B2G-BOX-SChan-interference_Eta-0-M-1900-RelWidth-0p05_TuneCP5_13TeV_madgraph-pythia8	RunIISummer20UL16NanoAODv15-150X_mcRun2_asymptotic_v1-v1	NANOAODSIM	-	-	-	-	-
/HHto2B2G-BOX-SChan-interference_Eta-0-M-1900-RelWidth-0p3_TuneCP5_13TeV_madgraph-pythia8/RunIISummer20UL16NanoAODv15-150X_mcRun2_asymptotic_v1-v1/NANOAODSIM	HHto2B2G-BOX-SChan-interference_Eta-0-M-1900-RelWidth-0p3_TuneCP5_13TeV_madgraph-pythia8	RunIISummer20UL16NanoAODv15-150X_mcRun2_asymptotic_v1-v1	NANOAODSIM	-	-	-	-	-
/HHto2B2G-BOX-SChan-interference_Eta-0-M-2000-RelWidth-0p01_TuneCP5_13TeV_madgraph-pythia8/RunIISummer20UL16NanoAODv15-150X_mcRun2_asymptotic_v1-v1/NANOAODSIM	HHto2B2G-BOX-SChan-interference_Eta-0-M-2000-RelWidth-0p01_TuneCP5_13TeV_madgraph-pythia8	RunIISummer20UL16NanoAODv15-150X_mcRun2_asymptotic_v1-v1	NANOAODSIM	-	-	-	-	-
/HHto2B2G-BOX-SChan-interference_Eta-0-M-2000-RelWidth-0p05_TuneCP5_13TeV_madgraph-pythia8/RunIISummer20UL16NanoAODv15-150X_mcRun2_asymptotic_v1-v1/NANOAODSIM	HHto2B2G-BOX-SChan-interference_Eta-0-M-2000-RelWidth-0p05_TuneCP5_13TeV_madgraph-pythia8	RunIISummer20UL16NanoAODv15-150X_mcRun2_asymptotic_v1-v1	NANOAODSIM	-	-	-	-	-
/HHto2B2G-BOX-SChan-interference_Eta-0-M-2000-RelWidth-0p3_TuneCP5_13TeV_madgraph-pythia8/RunIISummer20UL16NanoAODv15-150X_mcRun2_asymptotic_v1-v1/NANOAODSIM	HHto2B2G-BOX-SChan-interference_Eta-0-M-2000-RelWidth-0p3_TuneCP5_13TeV_madgraph-pythia8	RunIISummer20UL16NanoAODv15-150X_mcRun2_asymptotic_v1-v1	NANOAODSIM	-	-	-	-	-
/HHto2B2G-BOX-SChan-interference_Eta-0-M-2500-RelWidth-0p01_TuneCP5_13TeV_madgraph-pythia8/RunIISummer20UL16NanoAODv15-150X_mcRun2_asymptotic_v1-v1/NANOAODSIM	HHto2B2G-BOX-SChan-interference_Eta-0-M-2500-RelWidth-0p01_TuneCP5_13TeV_madgraph-pythia8	RunIISummer20UL16NanoAODv15-150X_mcRun2_asymptotic_v1-v1	NANOAODSIM	-	-	-	-	-
/HHto2B2G-BOX-SChan-interference_Eta-0-M-2500-RelWidth-0p05_TuneCP5_13TeV_madgraph-pythia8/RunIISummer20UL16NanoAODv15-150X_mcRun2_asymptotic_v1-v1/NANOAODSIM	HHto2B2G-BOX-SChan-interference_Eta-0-M-2500-RelWidth-0p05_TuneCP5_13TeV_madgraph-pythia8	RunIISummer20UL16NanoAODv15-150X_mcRun2_asymptotic_v1-v1	NANOAODSIM	-	-	-	-	-
/HHto2B2G-BOX-SChan-interference_Eta-0-M-2500-RelWidth-0p3_TuneCP5_13TeV_madgraph-pythia8/RunIISummer20UL16NanoAODv15-150X_mcRun2_asymptotic_v1-v1/NANOAODSIM	HHto2B2G-BOX-SChan-interference_Eta-0-M-2500-RelWidth-0p3_TuneCP5_13TeV_madgraph-pythia8	RunIISummer20UL16NanoAODv15-150X_mcRun2_asymptotic_v1-v1	NANOAODSIM	-	-	-	-	-
/HHto2B2G-BOX-SChan-interference_Eta-0-M-250-RelWidth-0p01_TuneCP5_13TeV_madgraph-pythia8/RunIISummer20UL16NanoAODv15-150X_mcRun2_asymptotic_v1-v1/NANOAODSIM	HHto2B2G-BOX-SChan-interference_Eta-0-M-250-RelWidth-0p01_TuneCP5_13TeV_madgraph-pythia8	RunIISummer20UL16NanoAODv15-150X_mcRun2_asymptotic_v1-v1	NANOAODSIM	-	-	-	-	-
/HHto2B2G-BOX-SChan-interference_Eta-0-M-250-RelWidth-0p05_TuneCP5_13TeV_madgraph-pythia8/RunIISummer20UL16NanoAODv15-150X_mcRun2_asymptotic_v1-v1/NANOAODSIM	HHto2B2G-BOX-SChan-interference_Eta-0-M-250-RelWidth-0p05_TuneCP5_13TeV_madgraph-pythia8	RunIISummer20UL16NanoAODv15-150X_mcRun2_asymptotic_v1-v1	NANOAODSIM	-	-	-	-	-
/HHto2B2G-BOX-SChan-interference_Eta-0-M-250-RelWidth-0p3_TuneCP5_13TeV_madgraph-pythia8/RunIISummer20UL16NanoAODv15-150X_mcRun2_asymptotic_v1-v1/NANOAODSIM	HHto2B2G-BOX-SChan-interference_Eta-0-M-250-RelWidth-0p3_TuneCP5_13TeV_madgraph-pythia8	RunIISummer20UL16NanoAODv15-150X_mcRun2_asymptotic_v1-v1	NANOAODSIM	-	-	-	-	-
/HHto2B2G-BOX-SChan-interference_Eta-0-M-260-RelWidth-0p01_TuneCP5_13TeV_madgraph-pythia8/RunIISummer20UL16NanoAODv15-150X_mcRun2_asymptotic_v1-v1/NANOAODSIM	HHto2B2G-BOX-SChan-interference_Eta-0-M-260-RelWidth-0p01_TuneCP5_13TeV_madgraph-pythia8	RunIISummer20UL16NanoAODv15-150X_mcRun2_asymptotic_v1-v1	NANOAODSIM	-	-	-	-	-
/HHto2B2G-BOX-SChan-interference_Eta-0-M-260-RelWidth-0p05_TuneCP5_13TeV_madgraph-pythia8/RunIISummer20UL16NanoAODv15-150X_mcRun2_asymptotic_v1-v1/NANOAODSIM	HHto2B2G-BOX-SChan-interference_Eta-0-M-260-RelWidth-0p05_TuneCP5_13TeV_madgraph-pythia8	RunIISummer20UL16NanoAODv15-150X_mcRun2_asymptotic_v1-v1	NANOAODSIM	-	-	-	-	-
/HHto2B2G-BOX-SChan-interference_Eta-0-M-260-RelWidth-0p3_TuneCP5_13TeV_madgraph-pythia8/RunIISummer20UL16NanoAODv15-150X_mcRun2_asymptotic_v1-v1/NANOAODSIM	HHto2B2G-BOX-SChan-interference_Eta-0-M-260-RelWidth-0p3_TuneCP5_13TeV_madgraph-pythia8	RunIISummer20UL16NanoAODv15-150X_mcRun2_asymptotic_v1-v1	NANOAODSIM	-	-	-	-	-
/HHto2B2G-BOX-SChan-interference_Eta-0-M-270-RelWidth-0p01_TuneCP5_13TeV_madgraph-pythia8/RunIISummer20UL16NanoAODv15-150X_mcRun2_asymptotic_v1-v1/NANOAODSIM	HHto2B2G-BOX-SChan-interference_Eta-0-M-270-RelWidth-0p01_TuneCP5_13TeV_madgraph-pythia8	RunIISummer20UL16NanoAODv15-150X_mcRun2_asymptotic_v1-v1	NANOAODSIM	-	-	-	-	-
/HHto2B2G-BOX-SChan-interference_Eta-0-M-270-RelWidth-0p05_TuneCP5_13TeV_madgraph-pythia8/RunIISummer20UL16NanoAODv15-150X_mcRun2_asymptotic_v1-v1/NANOAODSIM	HHto2B2G-BOX-SChan-interference_Eta-0-M-270-RelWidth-0p05_TuneCP5_13TeV_madgraph-pythia8	RunIISummer20UL16NanoAODv15-150X_mcRun2_asymptotic_v1-v1	NANOAODSIM	-	-	-	-	-
/HHto2B2G-BOX-SChan-interference_Eta-0-M-270-RelWidth-0p3_TuneCP5_13TeV_madgraph-pythia8/RunIISummer20UL16NanoAODv15-150X_mcRun2_asymptotic_v1-v1/NANOAODSIM	HHto2B2G-BOX-SChan-interference_Eta-0-M-270-RelWidth-0p3_TuneCP5_13TeV_madgraph-pythia8	RunIISummer20UL16NanoAODv15-150X_mcRun2_asymptotic_v1-v1	NANOAODSIM	-	-	-	-	-
/HHto2B2G-BOX-SChan-interference_Eta-0-M-280-RelWidth-0p01_TuneCP5_13TeV_madgraph-pythia8/RunIISummer20UL16NanoAODv15-150X_mcRun2_asymptotic_v1-v1/NANOAODSIM	HHto2B2G-BOX-SChan-interference_Eta-0-M-280-RelWidth-0p01_TuneCP5_13TeV_madgraph-pythia8	RunIISummer20UL16NanoAODv15-150X_mcRun2_asymptotic_v1-v1	NANOAODSIM	-	-	-	-	-
/HHto2B2G-BOX-SChan-interference_Eta-0-M-280-RelWidth-0p05_TuneCP5_13TeV_madgraph-pythia8/RunIISummer20UL16NanoAODv15-150X_mcRun2_asymptotic_v1-v1/NANOAODSIM	HHto2B2G-BOX-SChan-interference_Eta-0-M-280-RelWidth-0p05_TuneCP5_13TeV_madgraph-pythia8	RunIISummer20UL16NanoAODv15-150X_mcRun2_asymptotic_v1-v1	NANOAODSIM	-	-	-	-	-
/HHto2B2G-BOX-SChan-interference_Eta-0-M-280-RelWidth-0p3_TuneCP5_13TeV_madgraph-pythia8/RunIISummer20UL16NanoAODv15-150X_mcRun2_asymptotic_v1-v1/NANOAODSIM	HHto2B2G-BOX-SChan-interference_Eta-0-M-280-RelWidth-0p3_TuneCP5_13TeV_madgraph-pythia8	RunIISummer20UL16NanoAODv15-150X_mcRun2_asymptotic_v1-v1	NANOAODSIM	-	-	-	-	-
/HHto2B2G-BOX-SChan-interference_Eta-0-M-3000-RelWidth-0p01_TuneCP5_13TeV_madgraph-pythia8/RunIISummer20UL16NanoAODv15-150X_mcRun2_asymptotic_v1-v1/NANOAODSIM	HHto2B2G-BOX-SChan-interference_Eta-0-M-3000-RelWidth-0p01_TuneCP5_13TeV_madgraph-pythia8	RunIISummer20UL16NanoAODv15-150X_mcRun2_asymptotic_v1-v1	NANOAODSIM	-	-	-	-	-
/HHto2B2G-BOX-SChan-interference_Eta-0-M-3000-RelWidth-0p05_TuneCP5_13TeV_madgraph-pythia8/RunIISummer20UL16NanoAODv15-150X_mcRun2_asymptotic_v1-v1/NANOAODSIM	HHto2B2G-BOX-SChan-interference_Eta-0-M-3000-RelWidth-0p05_TuneCP5_13TeV_madgraph-pythia8	RunIISummer20UL16NanoAODv15-150X_mcRun2_asymptotic_v1-v1	NANOAODSIM	-	-	-	-	-
/HHto2B2G-BOX-SChan-interference_Eta-0-M-3000-RelWidth-0p3_TuneCP5_13TeV_madgraph-pythia8/RunIISummer20UL16NanoAODv15-150X_mcRun2_asymptotic_v1-v1/NANOAODSIM	HHto2B2G-BOX-SChan-interference_Eta-0-M-3000-RelWidth-0p3_TuneCP5_13TeV_madgraph-pythia8	RunIISummer20UL16NanoAODv15-150X_mcRun2_asymptotic_v1-v1	NANOAODSIM	-	-	-	-	-
/HHto2B2G-BOX-SChan-interference_Eta-0-M-300-RelWidth-0p01_TuneCP5_13TeV_madgraph-pythia8/RunIISummer20UL16NanoAODv15-150X_mcRun2_asymptotic_v1-v1/NANOAODSIM	HHto2B2G-BOX-SChan-interference_Eta-0-M-300-RelWidth-0p01_TuneCP5_13TeV_madgraph-pythia8	RunIISummer20UL16NanoAODv15-150X_mcRun2_asymptotic_v1-v1	NANOAODSIM	-	-	-	-	-
/HHto2B2G-BOX-SChan-interference_Eta-0-M-300-RelWidth-0p05_TuneCP5_13TeV_madgraph-pythia8/RunIISummer20UL16NanoAODv15-150X_mcRun2_asymptotic_v1-v1/NANOAODSIM	HHto2B2G-BOX-SChan-interference_Eta-0-M-300-RelWidth-0p05_TuneCP5_13TeV_madgraph-pythia8	RunIISummer20UL16NanoAODv15-150X_mcRun2_asymptotic_v1-v1	NANOAODSIM	-	-	-	-	-
/HHto2B2G-BOX-SChan-interference_Eta-0-M-300-RelWidth-0p3_TuneCP5_13TeV_madgraph-pythia8/RunIISummer20UL16NanoAODv15-150X_mcRun2_asymptotic_v1-v1/NANOAODSIM	HHto2B2G-BOX-SChan-interference_Eta-0-M-300-RelWidth-0p3_TuneCP5_13TeV_madgraph-pythia8	RunIISummer20UL16NanoAODv15-150X_mcRun2_asymptotic_v1-v1	NANOAODSIM	-	-	-	-	-
/HHto2B2G-BOX-SChan-interference_Eta-0-M-350-RelWidth-0p01_TuneCP5_13TeV_madgraph-pythia8/RunIISummer20UL16NanoAODv15-150X_mcRun2_asymptotic_v1-v1/NANOAODSIM	HHto2B2G-BOX-SChan-interference_Eta-0-M-350-RelWidth-0p01_TuneCP5_13TeV_madgraph-pythia8	RunIISummer20UL16NanoAODv15-150X_mcRun2_asymptotic_v1-v1	NANOAODSIM	-	-	-	-	-
/HHto2B2G-BOX-SChan-interference_Eta-0-M-350-RelWidth-0p05_TuneCP5_13TeV_madgraph-pythia8/RunIISummer20UL16NanoAODv15-150X_mcRun2_asymptotic_v1-v1/NANOAODSIM	HHto2B2G-BOX-SChan-interference_Eta-0-M-350-RelWidth-0p05_TuneCP5_13TeV_madgraph-pythia8	RunIISummer20UL16NanoAODv15-150X_mcRun2_asymptotic_v1-v1	NANOAODSIM	-	-	-	-	-
/HHto2B2G-BOX-SChan-interference_Eta-0-M-350-RelWidth-0p3_TuneCP5_13TeV_madgraph-pythia8/RunIISummer20UL16NanoAODv15-150X_mcRun2_asymptotic_v1-v1/NANOAODSIM	HHto2B2G-BOX-SChan-interference_Eta-0-M-350-RelWidth-0p3_TuneCP5_13TeV_madgraph-pythia8	RunIISummer20UL16NanoAODv15-150X_mcRun2_asymptotic_v1-v1	NANOAODSIM	-	-	-	-	-
/HHto2B2G-BOX-SChan-interference_Eta-0-M-4000-RelWidth-0p01_TuneCP5_13TeV_madgraph-pythia8/RunIISummer20UL16NanoAODv15-150X_mcRun2_asymptotic_v1-v1/NANOAODSIM	HHto2B2G-BOX-SChan-interference_Eta-0-M-4000-RelWidth-0p01_TuneCP5_13TeV_madgraph-pythia8	RunIISummer20UL16NanoAODv15-150X_mcRun2_asymptotic_v1-v1	NANOAODSIM	-	-	-	-	-
/HHto2B2G-BOX-SChan-interference_Eta-0-M-4000-RelWidth-0p05_TuneCP5_13TeV_madgraph-pythia8/RunIISummer20UL16NanoAODv15-150X_mcRun2_asymptotic_v1-v1/NANOAODSIM	HHto2B2G-BOX-SChan-interference_Eta-0-M-4000-RelWidth-0p05_TuneCP5_13TeV_madgraph-pythia8	RunIISummer20UL16NanoAODv15-150X_mcRun2_asymptotic_v1-v1	NANOAODSIM	-	-	-	-	-
/HHto2B2G-BOX-SChan-interference_Eta-0-M-4000-RelWidth-0p3_TuneCP5_13TeV_madgraph-pythia8/RunIISummer20UL16NanoAODv15-150X_mcRun2_asymptotic_v1-v1/NANOAODSIM	HHto2B2G-BOX-SChan-interference_Eta-0-M-4000-RelWidth-0p3_TuneCP5_13TeV_madgraph-pythia8	RunIISummer20UL16NanoAODv15-150X_mcRun2_asymptotic_v1-v1	NANOAODSIM	-	-	-	-	-
/HHto2B2G-BOX-SChan-interference_Eta-0-M-400-RelWidth-0p01_TuneCP5_13TeV_madgraph-pythia8/RunIISummer20UL16NanoAODv15-150X_mcRun2_asymptotic_v1-v1/NANOAODSIM	HHto2B2G-BOX-SChan-interference_Eta-0-M-400-RelWidth-0p01_TuneCP5_13TeV_madgraph-pythia8	RunIISummer20UL16NanoAODv15-150X_mcRun2_asymptotic_v1-v1	NANOAODSIM	-	-	-	-	-
/HHto2B2G-BOX-SChan-interference_Eta-0-M-400-RelWidth-0p05_TuneCP5_13TeV_madgraph-pythia8/RunIISummer20UL16NanoAODv15-150X_mcRun2_asymptotic_v1-v1/NANOAODSIM	HHto2B2G-BOX-SChan-interference_Eta-0-M-400-RelWidth-0p05_TuneCP5_13TeV_madgraph-pythia8	RunIISummer20UL16NanoAODv15-150X_mcRun2_asymptotic_v1-v1	NANOAODSIM	-	-	-	-	-
/HHto2B2G-BOX-SChan-interference_Eta-0-M-400-RelWidth-0p3_TuneCP5_13TeV_madgraph-pythia8/RunIISummer20UL16NanoAODv15-150X_mcRun2_asymptotic_v1-v1/NANOAODSIM	HHto2B2G-BOX-SChan-interference_Eta-0-M-400-RelWidth-0p3_TuneCP5_13TeV_madgraph-pythia8	RunIISummer20UL16NanoAODv15-150X_mcRun2_asymptotic_v1-v1	NANOAODSIM	-	-	-	-	-
/HHto2B2G-BOX-SChan-interference_Eta-0-M-450-RelWidth-0p05_TuneCP5_13TeV_madgraph-pythia8/RunIISummer20UL16NanoAODv15-150X_mcRun2_asymptotic_v1-v1/NANOAODSIM	HHto2B2G-BOX-SChan-interference_Eta-0-M-450-RelWidth-0p05_TuneCP5_13TeV_madgraph-pythia8	RunIISummer20UL16NanoAODv15-150X_mcRun2_asymptotic_v1-v1	NANOAODSIM	-	-	-	-	-
/HHto2B2G-BOX-SChan-interference_Eta-0-M-450-RelWidth-0p3_TuneCP5_13TeV_madgraph-pythia8/RunIISummer20UL16NanoAODv15-150X_mcRun2_asymptotic_v1-v1/NANOAODSIM	HHto2B2G-BOX-SChan-interference_Eta-0-M-450-RelWidth-0p3_TuneCP5_13TeV_madgraph-pythia8	RunIISummer20UL16NanoAODv15-150X_mcRun2_asymptotic_v1-v1	NANOAODSIM	-	-	-	-	-
/HHto2B2G-BOX-SChan-interference_Eta-0-M-5000-RelWidth-0p01_TuneCP5_13TeV_madgraph-pythia8/RunIISummer20UL16NanoAODv15-150X_mcRun2_asymptotic_v1-v1/NANOAODSIM	HHto2B2G-BOX-SChan-interference_Eta-0-M-5000-RelWidth-0p01_TuneCP5_13TeV_madgraph-pythia8	RunIISummer20UL16NanoAODv15-150X_mcRun2_asymptotic_v1-v1	NANOAODSIM	-	-	-	-	-
/HHto2B2G-BOX-SChan-interference_Eta-0-M-5000-RelWidth-0p05_TuneCP5_13TeV_madgraph-pythia8/RunIISummer20UL16NanoAODv15-150X_mcRun2_asymptotic_v1-v1/NANOAODSIM	HHto2B2G-BOX-SChan-interference_Eta-0-M-5000-RelWidth-0p05_TuneCP5_13TeV_madgraph-pythia8	RunIISummer20UL16NanoAODv15-150X_mcRun2_asymptotic_v1-v1	NANOAODSIM	-	-	-	-	-
/HHto2B2G-BOX-SChan-interference_Eta-0-M-550-RelWidth-0p01_TuneCP5_13TeV_madgraph-pythia8/RunIISummer20UL16NanoAODv15-150X_mcRun2_asymptotic_v1-v1/NANOAODSIM	HHto2B2G-BOX-SChan-interference_Eta-0-M-550-RelWidth-0p01_TuneCP5_13TeV_madgraph-pythia8	RunIISummer20UL16NanoAODv15-150X_mcRun2_asymptotic_v1-v1	NANOAODSIM	-	-	-	-	-
/HHto2B2G-BOX-SChan-interference_Eta-0-M-550-RelWidth-0p05_TuneCP5_13TeV_madgraph-pythia8/RunIISummer20UL16NanoAODv15-150X_mcRun2_asymptotic_v1-v1/NANOAODSIM	HHto2B2G-BOX-SChan-interference_Eta-0-M-550-RelWidth-0p05_TuneCP5_13TeV_madgraph-pythia8	RunIISummer20UL16NanoAODv15-150X_mcRun2_asymptotic_v1-v1	NANOAODSIM	-	-	-	-	-
/HHto2B2G-BOX-SChan-interference_Eta-0-M-550-RelWidth-0p3_TuneCP5_13TeV_madgraph-pythia8/RunIISummer20UL16NanoAODv15-150X_mcRun2_asymptotic_v1-v1/NANOAODSIM	HHto2B2G-BOX-SChan-interference_Eta-0-M-550-RelWidth-0p3_TuneCP5_13TeV_madgraph-pythia8	RunIISummer20UL16NanoAODv15-150X_mcRun2_asymptotic_v1-v1	NANOAODSIM	-	-	-	-	-
/HHto2B2G-BOX-SChan-interference_Eta-0-M-600-RelWidth-0p01_TuneCP5_13TeV_madgraph-pythia8/RunIISummer20UL16NanoAODv15-150X_mcRun2_asymptotic_v1-v1/NANOAODSIM	HHto2B2G-BOX-SChan-interference_Eta-0-M-600-RelWidth-0p01_TuneCP5_13TeV_madgraph-pythia8	RunIISummer20UL16NanoAODv15-150X_mcRun2_asymptotic_v1-v1	NANOAODSIM	-	-	-	-	-
/HHto2B2G-BOX-SChan-interference_Eta-0-M-600-RelWidth-0p05_TuneCP5_13TeV_madgraph-pythia8/RunIISummer20UL16NanoAODv15-150X_mcRun2_asymptotic_v1-v1/NANOAODSIM	HHto2B2G-BOX-SChan-interference_Eta-0-M-600-RelWidth-0p05_TuneCP5_13TeV_madgraph-pythia8	RunIISummer20UL16NanoAODv15-150X_mcRun2_asymptotic_v1-v1	NANOAODSIM	-	-	-	-	-
/HHto2B2G-BOX-SChan-interference_Eta-0-M-600-RelWidth-0p3_TuneCP5_13TeV_madgraph-pythia8/RunIISummer20UL16NanoAODv15-150X_mcRun2_asymptotic_v1-v1/NANOAODSIM	HHto2B2G-BOX-SChan-interference_Eta-0-M-600-RelWidth-0p3_TuneCP5_13TeV_madgraph-pythia8	RunIISummer20UL16NanoAODv15-150X_mcRun2_asymptotic_v1-v1	NANOAODSIM	-	-	-	-	-
/HHto2B2G-BOX-SChan-interference_Eta-0-M-650-RelWidth-0p01_TuneCP5_13TeV_madgraph-pythia8/RunIISummer20UL16NanoAODv15-150X_mcRun2_asymptotic_v1-v1/NANOAODSIM	HHto2B2G-BOX-SChan-interference_Eta-0-M-650-RelWidth-0p01_TuneCP5_13TeV_madgraph-pythia8	RunIISummer20UL16NanoAODv15-150X_mcRun2_asymptotic_v1-v1	NANOAODSIM	-	-	-	-	-
/HHto2B2G-BOX-SChan-interference_Eta-0-M-650-RelWidth-0p05_TuneCP5_13TeV_madgraph-pythia8/RunIISummer20UL16NanoAODv15-150X_mcRun2_asymptotic_v1-v1/NANOAODSIM	HHto2B2G-BOX-SChan-interference_Eta-0-M-650-RelWidth-0p05_TuneCP5_13TeV_madgraph-pythia8	RunIISummer20UL16NanoAODv15-150X_mcRun2_asymptotic_v1-v1	NANOAODSIM	-	-	-	-	-
/HHto2B2G-BOX-SChan-interference_Eta-0-M-650-RelWidth-0p3_TuneCP5_13TeV_madgraph-pythia8/RunIISummer20UL16NanoAODv15-150X_mcRun2_asymptotic_v1-v1/NANOAODSIM	HHto2B2G-BOX-SChan-interference_Eta-0-M-650-RelWidth-0p3_TuneCP5_13TeV_madgraph-pythia8	RunIISummer20UL16NanoAODv15-150X_mcRun2_asymptotic_v1-v1	NANOAODSIM	-	-	-	-	-
/HHto2B2G-BOX-SChan-interference_Eta-0-M-700-RelWidth-0p01_TuneCP5_13TeV_madgraph-pythia8/RunIISummer20UL16NanoAODv15-150X_mcRun2_asymptotic_v1-v1/NANOAODSIM	HHto2B2G-BOX-SChan-interference_Eta-0-M-700-RelWidth-0p01_TuneCP5_13TeV_madgraph-pythia8	RunIISummer20UL16NanoAODv15-150X_mcRun2_asymptotic_v1-v1	NANOAODSIM	-	-	-	-	-
/HHto2B2G-BOX-SChan-interference_Eta-0-M-700-RelWidth-0p05_TuneCP5_13TeV_madgraph-pythia8/RunIISummer20UL16NanoAODv15-150X_mcRun2_asymptotic_v1-v1/NANOAODSIM	HHto2B2G-BOX-SChan-interference_Eta-0-M-700-RelWidth-0p05_TuneCP5_13TeV_madgraph-pythia8	RunIISummer20UL16NanoAODv15-150X_mcRun2_asymptotic_v1-v1	NANOAODSIM	-	-	-	-	-
/HHto2B2G-BOX-SChan-interference_Eta-0-M-700-RelWidth-0p3_TuneCP5_13TeV_madgraph-pythia8/RunIISummer20UL16NanoAODv15-150X_mcRun2_asymptotic_v1-v1/NANOAODSIM	HHto2B2G-BOX-SChan-interference_Eta-0-M-700-RelWidth-0p3_TuneCP5_13TeV_madgraph-pythia8	RunIISummer20UL16NanoAODv15-150X_mcRun2_asymptotic_v1-v1	NANOAODSIM	-	-	-	-	-
/HHto2B2G-BOX-SChan-interference_Eta-0-M-750-RelWidth-0p01_TuneCP5_13TeV_madgraph-pythia8/RunIISummer20UL16NanoAODv15-150X_mcRun2_asymptotic_v1-v1/NANOAODSIM	HHto2B2G-BOX-SChan-interference_Eta-0-M-750-RelWidth-0p01_TuneCP5_13TeV_madgraph-pythia8	RunIISummer20UL16NanoAODv15-150X_mcRun2_asymptotic_v1-v1	NANOAODSIM	-	-	-	-	-
/HHto2B2G-BOX-SChan-interference_Eta-0-M-750-RelWidth-0p05_TuneCP5_13TeV_madgraph-pythia8/RunIISummer20UL16NanoAODv15-150X_mcRun2_asymptotic_v1-v1/NANOAODSIM	HHto2B2G-BOX-SChan-interference_Eta-0-M-750-RelWidth-0p05_TuneCP5_13TeV_madgraph-pythia8	RunIISummer20UL16NanoAODv15-150X_mcRun2_asymptotic_v1-v1	NANOAODSIM	-	-	-	-	-
/HHto2B2G-BOX-SChan-interference_Eta-0-M-750-RelWidth-0p3_TuneCP5_13TeV_madgraph-pythia8/RunIISummer20UL16NanoAODv15-150X_mcRun2_asymptotic_v1-v1/NANOAODSIM	HHto2B2G-BOX-SChan-interference_Eta-0-M-750-RelWidth-0p3_TuneCP5_13TeV_madgraph-pythia8	RunIISummer20UL16NanoAODv15-150X_mcRun2_asymptotic_v1-v1	NANOAODSIM	-	-	-	-	-
/HHto2B2G-BOX-SChan-interference_Eta-0-M-800-RelWidth-0p01_TuneCP5_13TeV_madgraph-pythia8/RunIISummer20UL16NanoAODv15-150X_mcRun2_asymptotic_v1-v1/NANOAODSIM	HHto2B2G-BOX-SChan-interference_Eta-0-M-800-RelWidth-0p01_TuneCP5_13TeV_madgraph-pythia8	RunIISummer20UL16NanoAODv15-150X_mcRun2_asymptotic_v1-v1	NANOAODSIM	-	-	-	-	-
/HHto2B2G-BOX-SChan-interference_Eta-0-M-850-RelWidth-0p01_TuneCP5_13TeV_madgraph-pythia8/RunIISummer20UL16NanoAODv15-150X_mcRun2_asymptotic_v1-v1/NANOAODSIM	HHto2B2G-BOX-SChan-interference_Eta-0-M-850-RelWidth-0p01_TuneCP5_13TeV_madgraph-pythia8	RunIISummer20UL16NanoAODv15-150X_mcRun2_asymptotic_v1-v1	NANOAODSIM	-	-	-	-	-
/HHto2B2G-BOX-SChan-interference_Eta-0-M-900-RelWidth-0p05_TuneCP5_13TeV_madgraph-pythia8/RunIISummer20UL16NanoAODv15-150X_mcRun2_asymptotic_v1-v1/NANOAODSIM	HHto2B2G-BOX-SChan-interference_Eta-0-M-900-RelWidth-0p05_TuneCP5_13TeV_madgraph-pythia8	RunIISummer20UL16NanoAODv15-150X_mcRun2_asymptotic_v1-v1	NANOAODSIM	-	-	-	-	-
/HHto2B2G-BOX_TuneCP5_13TeV_madgraph-pythia8/RunIISummer20UL16NanoAODv15-150X_mcRun2_asymptotic_v1-v1/NANOAODSIM	HHto2B2G-BOX_TuneCP5_13TeV_madgraph-pythia8	RunIISummer20UL16NanoAODv15-150X_mcRun2_asymptotic_v1-v1	NANOAODSIM	-	-	-	-	-
/HHto2B2G-SChan_Eta-0-M-1000-RelWidth-0p01_TuneCP5_13TeV_madgraph-pythia8/RunIISummer20UL16NanoAODv15-150X_mcRun2_asymptotic_v1-v1/NANOAODSIM	HHto2B2G-SChan_Eta-0-M-1000-RelWidth-0p01_TuneCP5_13TeV_madgraph-pythia8	RunIISummer20UL16NanoAODv15-150X_mcRun2_asymptotic_v1-v1	NANOAODSIM	-	-	-	-	-
/HHto2B2G-SChan_Eta-0-M-1000-RelWidth-0p05_TuneCP5_13TeV_madgraph-pythia8/RunIISummer20UL16NanoAODv15-150X_mcRun2_asymptotic_v1-v1/NANOAODSIM	HHto2B2G-SChan_Eta-0-M-1000-RelWidth-0p05_TuneCP5_13TeV_madgraph-pythia8	RunIISummer20UL16NanoAODv15-150X_mcRun2_asymptotic_v1-v1	NANOAODSIM	-	-	-	-	-
/HHto2B2G-SChan_Eta-0-M-1100-RelWidth-0p05_TuneCP5_13TeV_madgraph-pythia8/RunIISummer20UL16NanoAODv15-150X_mcRun2_asymptotic_v1-v1/NANOAODSIM	HHto2B2G-SChan_Eta-0-M-1100-RelWidth-0p05_TuneCP5_13TeV_madgraph-pythia8	RunIISummer20UL16NanoAODv15-150X_mcRun2_asymptotic_v1-v1	NANOAODSIM	-	-	-	-	-
/HHto2B2G-SChan_Eta-0-M-1200-RelWidth-0p01_TuneCP5_13TeV_madgraph-pythia8/RunIISummer20UL16NanoAODv15-150X_mcRun2_asymptotic_v1-v1/NANOAODSIM	HHto2B2G-SChan_Eta-0-M-1200-RelWidth-0p01_TuneCP5_13TeV_madgraph-pythia8	RunIISummer20UL16NanoAODv15-150X_mcRun2_asymptotic_v1-v1	NANOAODSIM	-	-	-	-	-
/HHto2B2G-SChan_Eta-0-M-1200-RelWidth-0p05_TuneCP5_13TeV_madgraph-pythia8/RunIISummer20UL16NanoAODv15-150X_mcRun2_asymptotic_v1-v1/NANOAODSIM	HHto2B2G-SChan_Eta-0-M-1200-RelWidth-0p05_TuneCP5_13TeV_madgraph-pythia8	RunIISummer20UL16NanoAODv15-150X_mcRun2_asymptotic_v1-v1	NANOAODSIM	-	-	-	-	-
/HHto2B2G-SChan_Eta-0-M-1200-RelWidth-0p3_TuneCP5_13TeV_madgraph-pythia8/RunIISummer20UL16NanoAODv15-150X_mcRun2_asymptotic_v1-v1/NANOAODSIM	HHto2B2G-SChan_Eta-0-M-1200-RelWidth-0p3_TuneCP5_13TeV_madgraph-pythia8	RunIISummer20UL16NanoAODv15-150X_mcRun2_asymptotic_v1-v1	NANOAODSIM	-	-	-	-	-
/HHto2B2G-SChan_Eta-0-M-1300-RelWidth-0p01_TuneCP5_13TeV_madgraph-pythia8/RunIISummer20UL16NanoAODv15-150X_mcRun2_asymptotic_v1-v1/NANOAODSIM	HHto2B2G-SChan_Eta-0-M-1300-RelWidth-0p01_TuneCP5_13TeV_madgraph-pythia8	RunIISummer20UL16NanoAODv15-150X_mcRun2_asymptotic_v1-v1	NANOAODSIM	-	-	-	-	-
/HHto2B2G-SChan_Eta-0-M-1300-RelWidth-0p05_TuneCP5_13TeV_madgraph-pythia8/RunIISummer20UL16NanoAODv15-150X_mcRun2_asymptotic_v1-v1/NANOAODSIM	HHto2B2G-SChan_Eta-0-M-1300-RelWidth-0p05_TuneCP5_13TeV_madgraph-pythia8	RunIISummer20UL16NanoAODv15-150X_mcRun2_asymptotic_v1-v1	NANOAODSIM	-	-	-	-	-
/HHto2B2G-SChan_Eta-0-M-1300-RelWidth-0p3_TuneCP5_13TeV_madgraph-pythia8/RunIISummer20UL16NanoAODv15-150X_mcRun2_asymptotic_v1-v1/NANOAODSIM	HHto2B2G-SChan_Eta-0-M-1300-RelWidth-0p3_TuneCP5_13TeV_madgraph-pythia8	RunIISummer20UL16NanoAODv15-150X_mcRun2_asymptotic_v1-v1	NANOAODSIM	-	-	-	-	-
/HHto2B2G-SChan_Eta-0-M-1400-RelWidth-0p01_TuneCP5_13TeV_madgraph-pythia8/RunIISummer20UL16NanoAODv15-150X_mcRun2_asymptotic_v1-v1/NANOAODSIM	HHto2B2G-SChan_Eta-0-M-1400-RelWidth-0p01_TuneCP5_13TeV_madgraph-pythia8	RunIISummer20UL16NanoAODv15-150X_mcRun2_asymptotic_v1-v1	NANOAODSIM	-	-	-	-	-
/HHto2B2G-SChan_Eta-0-M-1400-RelWidth-0p3_TuneCP5_13TeV_madgraph-pythia8/RunIISummer20UL16NanoAODv15-150X_mcRun2_asymptotic_v1-v1/NANOAODSIM	HHto2B2G-SChan_Eta-0-M-1400-RelWidth-0p3_TuneCP5_13TeV_madgraph-pythia8	RunIISummer20UL16NanoAODv15-150X_mcRun2_asymptotic_v1-v1	NANOAODSIM	-	-	-	-	-
/HHto2B2G-SChan_Eta-0-M-1500-RelWidth-0p01_TuneCP5_13TeV_madgraph-pythia8/RunIISummer20UL16NanoAODv15-150X_mcRun2_asymptotic_v1-v1/NANOAODSIM	HHto2B2G-SChan_Eta-0-M-1500-RelWidth-0p01_TuneCP5_13TeV_madgraph-pythia8	RunIISummer20UL16NanoAODv15-150X_mcRun2_asymptotic_v1-v1	NANOAODSIM	-	-	-	-	-
/HHto2B2G-SChan_Eta-0-M-1500-RelWidth-0p05_TuneCP5_13TeV_madgraph-pythia8/RunIISummer20UL16NanoAODv15-150X_mcRun2_asymptotic_v1-v1/NANOAODSIM	HHto2B2G-SChan_Eta-0-M-1500-RelWidth-0p05_TuneCP5_13TeV_madgraph-pythia8	RunIISummer20UL16NanoAODv15-150X_mcRun2_asymptotic_v1-v1	NANOAODSIM	-	-	-	-	-
/HHto2B2G-SChan_Eta-0-M-1500-RelWidth-0p3_TuneCP5_13TeV_madgraph-pythia8/RunIISummer20UL16NanoAODv15-150X_mcRun2_asymptotic_v1-v1/NANOAODSIM	HHto2B2G-SChan_Eta-0-M-1500-RelWidth-0p3_TuneCP5_13TeV_madgraph-pythia8	RunIISummer20UL16NanoAODv15-150X_mcRun2_asymptotic_v1-v1	NANOAODSIM	-	-	-	-	-
/HHto2B2G-SChan_Eta-0-M-1600-RelWidth-0p01_TuneCP5_13TeV_madgraph-pythia8/RunIISummer20UL16NanoAODv15-150X_mcRun2_asymptotic_v1-v1/NANOAODSIM	HHto2B2G-SChan_Eta-0-M-1600-RelWidth-0p01_TuneCP5_13TeV_madgraph-pythia8	RunIISummer20UL16NanoAODv15-150X_mcRun2_asymptotic_v1-v1	NANOAODSIM	-	-	-	-	-
/HHto2B2G-SChan_Eta-0-M-1600-RelWidth-0p05_TuneCP5_13TeV_madgraph-pythia8/RunIISummer20UL16NanoAODv15-150X_mcRun2_asymptotic_v1-v1/NANOAODSIM	HHto2B2G-SChan_Eta-0-M-1600-RelWidth-0p05_TuneCP5_13TeV_madgraph-pythia8	RunIISummer20UL16NanoAODv15-150X_mcRun2_asymptotic_v1-v1	NANOAODSIM	-	-	-	-	-
/HHto2B2G-SChan_Eta-0-M-1600-RelWidth-0p3_TuneCP5_13TeV_madgraph-pythia8/RunIISummer20UL16NanoAODv15-150X_mcRun2_asymptotic_v1-v1/NANOAODSIM	HHto2B2G-SChan_Eta-0-M-1600-RelWidth-0p3_TuneCP5_13TeV_madgraph-pythia8	RunIISummer20UL16NanoAODv15-150X_mcRun2_asymptotic_v1-v1	NANOAODSIM	-	-	-	-	-
/HHto2B2G-SChan_Eta-0-M-1700-RelWidth-0p01_TuneCP5_13TeV_madgraph-pythia8/RunIISummer20UL16NanoAODv15-150X_mcRun2_asymptotic_v1-v1/NANOAODSIM	HHto2B2G-SChan_Eta-0-M-1700-RelWidth-0p01_TuneCP5_13TeV_madgraph-pythia8	RunIISummer20UL16NanoAODv15-150X_mcRun2_asymptotic_v1-v1	NANOAODSIM	-	-	-	-	-
/HHto2B2G-SChan_Eta-0-M-1700-RelWidth-0p05_TuneCP5_13TeV_madgraph-pythia8/RunIISummer20UL16NanoAODv15-150X_mcRun2_asymptotic_v1-v1/NANOAODSIM	HHto2B2G-SChan_Eta-0-M-1700-RelWidth-0p05_TuneCP5_13TeV_madgraph-pythia8	RunIISummer20UL16NanoAODv15-150X_mcRun2_asymptotic_v1-v1	NANOAODSIM	-	-	-	-	-
/HHto2B2G-SChan_Eta-0-M-1700-RelWidth-0p3_TuneCP5_13TeV_madgraph-pythia8/RunIISummer20UL16NanoAODv15-150X_mcRun2_asymptotic_v1-v1/NANOAODSIM	HHto2B2G-SChan_Eta-0-M-1700-RelWidth-0p3_TuneCP5_13TeV_madgraph-pythia8	RunIISummer20UL16NanoAODv15-150X_mcRun2_asymptotic_v1-v1	NANOAODSIM	-	-	-	-	-
/HHto2B2G-SChan_Eta-0-M-1800-RelWidth-0p01_TuneCP5_13TeV_madgraph-pythia8/RunIISummer20UL16NanoAODv15-150X_mcRun2_asymptotic_v1-v1/NANOAODSIM	HHto2B2G-SChan_Eta-0-M-1800-RelWidth-0p01_TuneCP5_13TeV_madgraph-pythia8	RunIISummer20UL16NanoAODv15-150X_mcRun2_asymptotic_v1-v1	NANOAODSIM	-	-	-	-	-
/HHto2B2G-SChan_Eta-0-M-1800-RelWidth-0p05_TuneCP5_13TeV_madgraph-pythia8/RunIISummer20UL16NanoAODv15-150X_mcRun2_asymptotic_v1-v1/NANOAODSIM	HHto2B2G-SChan_Eta-0-M-1800-RelWidth-0p05_TuneCP5_13TeV_madgraph-pythia8	RunIISummer20UL16NanoAODv15-150X_mcRun2_asymptotic_v1-v1	NANOAODSIM	-	-	-	-	-
/HHto2B2G-SChan_Eta-0-M-1800-RelWidth-0p3_TuneCP5_13TeV_madgraph-pythia8/RunIISummer20UL16NanoAODv15-150X_mcRun2_asymptotic_v1-v1/NANOAODSIM	HHto2B2G-SChan_Eta-0-M-1800-RelWidth-0p3_TuneCP5_13TeV_madgraph-pythia8	RunIISummer20UL16NanoAODv15-150X_mcRun2_asymptotic_v1-v1	NANOAODSIM	-	-	-	-	-
/HHto2B2G-SChan_Eta-0-M-1900-RelWidth-0p01_TuneCP5_13TeV_madgraph-pythia8/RunIISummer20UL16NanoAODv15-150X_mcRun2_asymptotic_v1-v1/NANOAODSIM	HHto2B2G-SChan_Eta-0-M-1900-RelWidth-0p01_TuneCP5_13TeV_madgraph-pythia8	RunIISummer20UL16NanoAODv15-150X_mcRun2_asymptotic_v1-v1	NANOAODSIM	-	-	-	-	-
/HHto2B2G-SChan_Eta-0-M-1900-RelWidth-0p05_TuneCP5_13TeV_madgraph-pythia8/RunIISummer20UL16NanoAODv15-150X_mcRun2_asymptotic_v1-v1/NANOAODSIM	HHto2B2G-SChan_Eta-0-M-1900-RelWidth-0p05_TuneCP5_13TeV_madgraph-pythia8	RunIISummer20UL16NanoAODv15-150X_mcRun2_asymptotic_v1-v1	NANOAODSIM	-	-	-	-	-
/HHto2B2G-SChan_Eta-0-M-1900-RelWidth-0p3_TuneCP5_13TeV_madgraph-pythia8/RunIISummer20UL16NanoAODv15-150X_mcRun2_asymptotic_v1-v1/NANOAODSIM	HHto2B2G-SChan_Eta-0-M-1900-RelWidth-0p3_TuneCP5_13TeV_madgraph-pythia8	RunIISummer20UL16NanoAODv15-150X_mcRun2_asymptotic_v1-v1	NANOAODSIM	-	-	-	-	-
/HHto2B2G-SChan_Eta-0-M-2000-RelWidth-0p01_TuneCP5_13TeV_madgraph-pythia8/RunIISummer20UL16NanoAODv15-150X_mcRun2_asymptotic_v1-v1/NANOAODSIM	HHto2B2G-SChan_Eta-0-M-2000-RelWidth-0p01_TuneCP5_13TeV_madgraph-pythia8	RunIISummer20UL16NanoAODv15-150X_mcRun2_asymptotic_v1-v1	NANOAODSIM	-	-	-	-	-
/HHto2B2G-SChan_Eta-0-M-2000-RelWidth-0p05_TuneCP5_13TeV_madgraph-pythia8/RunIISummer20UL16NanoAODv15-150X_mcRun2_asymptotic_v1-v1/NANOAODSIM	HHto2B2G-SChan_Eta-0-M-2000-RelWidth-0p05_TuneCP5_13TeV_madgraph-pythia8	RunIISummer20UL16NanoAODv15-150X_mcRun2_asymptotic_v1-v1	NANOAODSIM	-	-	-	-	-
/HHto2B2G-SChan_Eta-0-M-2000-RelWidth-0p3_TuneCP5_13TeV_madgraph-pythia8/RunIISummer20UL16NanoAODv15-150X_mcRun2_asymptotic_v1-v1/NANOAODSIM	HHto2B2G-SChan_Eta-0-M-2000-RelWidth-0p3_TuneCP5_13TeV_madgraph-pythia8	RunIISummer20UL16NanoAODv15-150X_mcRun2_asymptotic_v1-v1	NANOAODSIM	-	-	-	-	-
/HHto2B2G-SChan_Eta-0-M-2500-RelWidth-0p01_TuneCP5_13TeV_madgraph-pythia8/RunIISummer20UL16NanoAODv15-150X_mcRun2_asymptotic_v1-v1/NANOAODSIM	HHto2B2G-SChan_Eta-0-M-2500-RelWidth-0p01_TuneCP5_13TeV_madgraph-pythia8	RunIISummer20UL16NanoAODv15-150X_mcRun2_asymptotic_v1-v1	NANOAODSIM	-	-	-	-	-
/HHto2B2G-SChan_Eta-0-M-2500-RelWidth-0p05_TuneCP5_13TeV_madgraph-pythia8/RunIISummer20UL16NanoAODv15-150X_mcRun2_asymptotic_v1-v1/NANOAODSIM	HHto2B2G-SChan_Eta-0-M-2500-RelWidth-0p05_TuneCP5_13TeV_madgraph-pythia8	RunIISummer20UL16NanoAODv15-150X_mcRun2_asymptotic_v1-v1	NANOAODSIM	-	-	-	-	-
/HHto2B2G-SChan_Eta-0-M-2500-RelWidth-0p3_TuneCP5_13TeV_madgraph-pythia8/RunIISummer20UL16NanoAODv15-150X_mcRun2_asymptotic_v1-v1/NANOAODSIM	HHto2B2G-SChan_Eta-0-M-2500-RelWidth-0p3_TuneCP5_13TeV_madgraph-pythia8	RunIISummer20UL16NanoAODv15-150X_mcRun2_asymptotic_v1-v1	NANOAODSIM	-	-	-	-	-
/HHto2B2G-SChan_Eta-0-M-250-RelWidth-0p01_TuneCP5_13TeV_madgraph-pythia8/RunIISummer20UL16NanoAODv15-150X_mcRun2_asymptotic_v1-v1/NANOAODSIM	HHto2B2G-SChan_Eta-0-M-250-RelWidth-0p01_TuneCP5_13TeV_madgraph-pythia8	RunIISummer20UL16NanoAODv15-150X_mcRun2_asymptotic_v1-v1	NANOAODSIM	-	-	-	-	-
/HHto2B2G-SChan_Eta-0-M-250-RelWidth-0p05_TuneCP5_13TeV_madgraph-pythia8/RunIISummer20UL16NanoAODv15-150X_mcRun2_asymptotic_v1-v1/NANOAODSIM	HHto2B2G-SChan_Eta-0-M-250-RelWidth-0p05_TuneCP5_13TeV_madgraph-pythia8	RunIISummer20UL16NanoAODv15-150X_mcRun2_asymptotic_v1-v1	NANOAODSIM	-	-	-	-	-
/HHto2B2G-SChan_Eta-0-M-260-RelWidth-0p01_TuneCP5_13TeV_madgraph-pythia8/RunIISummer20UL16NanoAODv15-150X_mcRun2_asymptotic_v1-v1/NANOAODSIM	HHto2B2G-SChan_Eta-0-M-260-RelWidth-0p01_TuneCP5_13TeV_madgraph-pythia8	RunIISummer20UL16NanoAODv15-150X_mcRun2_asymptotic_v1-v1	NANOAODSIM	-	-	-	-	-
/HHto2B2G-SChan_Eta-0-M-260-RelWidth-0p05_TuneCP5_13TeV_madgraph-pythia8/RunIISummer20UL16NanoAODv15-150X_mcRun2_asymptotic_v1-v1/NANOAODSIM	HHto2B2G-SChan_Eta-0-M-260-RelWidth-0p05_TuneCP5_13TeV_madgraph-pythia8	RunIISummer20UL16NanoAODv15-150X_mcRun2_asymptotic_v1-v1	NANOAODSIM	-	-	-	-	-
/HHto2B2G-SChan_Eta-0-M-270-RelWidth-0p01_TuneCP5_13TeV_madgraph-pythia8/RunIISummer20UL16NanoAODv15-150X_mcRun2_asymptotic_v1-v1/NANOAODSIM	HHto2B2G-SChan_Eta-0-M-270-RelWidth-0p01_TuneCP5_13TeV_madgraph-pythia8	RunIISummer20UL16NanoAODv15-150X_mcRun2_asymptotic_v1-v1	NANOAODSIM	-	-	-	-	-
/HHto2B2G-SChan_Eta-0-M-270-RelWidth-0p05_TuneCP5_13TeV_madgraph-pythia8/RunIISummer20UL16NanoAODv15-150X_mcRun2_asymptotic_v1-v1/NANOAODSIM	HHto2B2G-SChan_Eta-0-M-270-RelWidth-0p05_TuneCP5_13TeV_madgraph-pythia8	RunIISummer20UL16NanoAODv15-150X_mcRun2_asymptotic_v1-v1	NANOAODSIM	-	-	-	-	-
/HHto2B2G-SChan_Eta-0-M-270-RelWidth-0p3_TuneCP5_13TeV_madgraph-pythia8/RunIISummer20UL16NanoAODv15-150X_mcRun2_asymptotic_v1-v1/NANOAODSIM	HHto2B2G-SChan_Eta-0-M-270-RelWidth-0p3_TuneCP5_13TeV_madgraph-pythia8	RunIISummer20UL16NanoAODv15-150X_mcRun2_asymptotic_v1-v1	NANOAODSIM	-	-	-	-	-
/HHto2B2G-SChan_Eta-0-M-280-RelWidth-0p01_TuneCP5_13TeV_madgraph-pythia8/RunIISummer20UL16NanoAODv15-150X_mcRun2_asymptotic_v1-v1/NANOAODSIM	HHto2B2G-SChan_Eta-0-M-280-RelWidth-0p01_TuneCP5_13TeV_madgraph-pythia8	RunIISummer20UL16NanoAODv15-150X_mcRun2_asymptotic_v1-v1	NANOAODSIM	-	-	-	-	-
/HHto2B2G-SChan_Eta-0-M-280-RelWidth-0p05_TuneCP5_13TeV_madgraph-pythia8/RunIISummer20UL16NanoAODv15-150X_mcRun2_asymptotic_v1-v1/NANOAODSIM	HHto2B2G-SChan_Eta-0-M-280-RelWidth-0p05_TuneCP5_13TeV_madgraph-pythia8	RunIISummer20UL16NanoAODv15-150X_mcRun2_asymptotic_v1-v1	NANOAODSIM	-	-	-	-	-
/HHto2B2G-SChan_Eta-0-M-280-RelWidth-0p3_TuneCP5_13TeV_madgraph-pythia8/RunIISummer20UL16NanoAODv15-150X_mcRun2_asymptotic_v1-v1/NANOAODSIM	HHto2B2G-SChan_Eta-0-M-280-RelWidth-0p3_TuneCP5_13TeV_madgraph-pythia8	RunIISummer20UL16NanoAODv15-150X_mcRun2_asymptotic_v1-v1	NANOAODSIM	-	-	-	-	-
/HHto2B2G-SChan_Eta-0-M-3000-RelWidth-0p01_TuneCP5_13TeV_madgraph-pythia8/RunIISummer20UL16NanoAODv15-150X_mcRun2_asymptotic_v1-v1/NANOAODSIM	HHto2B2G-SChan_Eta-0-M-3000-RelWidth-0p01_TuneCP5_13TeV_madgraph-pythia8	RunIISummer20UL16NanoAODv15-150X_mcRun2_asymptotic_v1-v1	NANOAODSIM	-	-	-	-	-
/HHto2B2G-SChan_Eta-0-M-3000-RelWidth-0p05_TuneCP5_13TeV_madgraph-pythia8/RunIISummer20UL16NanoAODv15-150X_mcRun2_asymptotic_v1-v1/NANOAODSIM	HHto2B2G-SChan_Eta-0-M-3000-RelWidth-0p05_TuneCP5_13TeV_madgraph-pythia8	RunIISummer20UL16NanoAODv15-150X_mcRun2_asymptotic_v1-v1	NANOAODSIM	-	-	-	-	-
/HHto2B2G-SChan_Eta-0-M-3000-RelWidth-0p3_TuneCP5_13TeV_madgraph-pythia8/RunIISummer20UL16NanoAODv15-150X_mcRun2_asymptotic_v1-v1/NANOAODSIM	HHto2B2G-SChan_Eta-0-M-3000-RelWidth-0p3_TuneCP5_13TeV_madgraph-pythia8	RunIISummer20UL16NanoAODv15-150X_mcRun2_asymptotic_v1-v1	NANOAODSIM	-	-	-	-	-
/HHto2B2G-SChan_Eta-0-M-300-RelWidth-0p01_TuneCP5_13TeV_madgraph-pythia8/RunIISummer20UL16NanoAODv15-150X_mcRun2_asymptotic_v1-v1/NANOAODSIM	HHto2B2G-SChan_Eta-0-M-300-RelWidth-0p01_TuneCP5_13TeV_madgraph-pythia8	RunIISummer20UL16NanoAODv15-150X_mcRun2_asymptotic_v1-v1	NANOAODSIM	-	-	-	-	-
/HHto2B2G-SChan_Eta-0-M-300-RelWidth-0p05_TuneCP5_13TeV_madgraph-pythia8/RunIISummer20UL16NanoAODv15-150X_mcRun2_asymptotic_v1-v1/NANOAODSIM	HHto2B2G-SChan_Eta-0-M-300-RelWidth-0p05_TuneCP5_13TeV_madgraph-pythia8	RunIISummer20UL16NanoAODv15-150X_mcRun2_asymptotic_v1-v1	NANOAODSIM	-	-	-	-	-
/HHto2B2G-SChan_Eta-0-M-300-RelWidth-0p3_TuneCP5_13TeV_madgraph-pythia8/RunIISummer20UL16NanoAODv15-150X_mcRun2_asymptotic_v1-v1/NANOAODSIM	HHto2B2G-SChan_Eta-0-M-300-RelWidth-0p3_TuneCP5_13TeV_madgraph-pythia8	RunIISummer20UL16NanoAODv15-150X_mcRun2_asymptotic_v1-v1	NANOAODSIM	-	-	-	-	-
/HHto2B2G-SChan_Eta-0-M-350-RelWidth-0p01_TuneCP5_13TeV_madgraph-pythia8/RunIISummer20UL16NanoAODv15-150X_mcRun2_asymptotic_v1-v1/NANOAODSIM	HHto2B2G-SChan_Eta-0-M-350-RelWidth-0p01_TuneCP5_13TeV_madgraph-pythia8	RunIISummer20UL16NanoAODv15-150X_mcRun2_asymptotic_v1-v1	NANOAODSIM	-	-	-	-	-
/HHto2B2G-SChan_Eta-0-M-350-RelWidth-0p05_TuneCP5_13TeV_madgraph-pythia8/RunIISummer20UL16NanoAODv15-150X_mcRun2_asymptotic_v1-v1/NANOAODSIM	HHto2B2G-SChan_Eta-0-M-350-RelWidth-0p05_TuneCP5_13TeV_madgraph-pythia8	RunIISummer20UL16NanoAODv15-150X_mcRun2_asymptotic_v1-v1	NANOAODSIM	-	-	-	-	-
/HHto2B2G-SChan_Eta-0-M-350-RelWidth-0p3_TuneCP5_13TeV_madgraph-pythia8/RunIISummer20UL16NanoAODv15-150X_mcRun2_asymptotic_v1-v1/NANOAODSIM	HHto2B2G-SChan_Eta-0-M-350-RelWidth-0p3_TuneCP5_13TeV_madgraph-pythia8	RunIISummer20UL16NanoAODv15-150X_mcRun2_asymptotic_v1-v1	NANOAODSIM	-	-	-	-	-
/HHto2B2G-SChan_Eta-0-M-4000-RelWidth-0p01_TuneCP5_13TeV_madgraph-pythia8/RunIISummer20UL16NanoAODv15-150X_mcRun2_asymptotic_v1-v1/NANOAODSIM	HHto2B2G-SChan_Eta-0-M-4000-RelWidth-0p01_TuneCP5_13TeV_madgraph-pythia8	RunIISummer20UL16NanoAODv15-150X_mcRun2_asymptotic_v1-v1	NANOAODSIM	-	-	-	-	-
/HHto2B2G-SChan_Eta-0-M-4000-RelWidth-0p05_TuneCP5_13TeV_madgraph-pythia8/RunIISummer20UL16NanoAODv15-150X_mcRun2_asymptotic_v1-v1/NANOAODSIM	HHto2B2G-SChan_Eta-0-M-4000-RelWidth-0p05_TuneCP5_13TeV_madgraph-pythia8	RunIISummer20UL16NanoAODv15-150X_mcRun2_asymptotic_v1-v1	NANOAODSIM	-	-	-	-	-
/HHto2B2G-SChan_Eta-0-M-4000-RelWidth-0p3_TuneCP5_13TeV_madgraph-pythia8/RunIISummer20UL16NanoAODv15-150X_mcRun2_asymptotic_v1-v1/NANOAODSIM	HHto2B2G-SChan_Eta-0-M-4000-RelWidth-0p3_TuneCP5_13TeV_madgraph-pythia8	RunIISummer20UL16NanoAODv15-150X_mcRun2_asymptotic_v1-v1	NANOAODSIM	-	-	-	-	-
/HHto2B2G-SChan_Eta-0-M-400-RelWidth-0p05_TuneCP5_13TeV_madgraph-pythia8/RunIISummer20UL16NanoAODv15-150X_mcRun2_asymptotic_v1-v1/NANOAODSIM	HHto2B2G-SChan_Eta-0-M-400-RelWidth-0p05_TuneCP5_13TeV_madgraph-pythia8	RunIISummer20UL16NanoAODv15-150X_mcRun2_asymptotic_v1-v1	NANOAODSIM	-	-	-	-	-
/HHto2B2G-SChan_Eta-0-M-400-RelWidth-0p3_TuneCP5_13TeV_madgraph-pythia8/RunIISummer20UL16NanoAODv15-150X_mcRun2_asymptotic_v1-v1/NANOAODSIM	HHto2B2G-SChan_Eta-0-M-400-RelWidth-0p3_TuneCP5_13TeV_madgraph-pythia8	RunIISummer20UL16NanoAODv15-150X_mcRun2_asymptotic_v1-v1	NANOAODSIM	-	-	-	-	-
/HHto2B2G-SChan_Eta-0-M-450-RelWidth-0p01_TuneCP5_13TeV_madgraph-pythia8/RunIISummer20UL16NanoAODv15-150X_mcRun2_asymptotic_v1-v1/NANOAODSIM	HHto2B2G-SChan_Eta-0-M-450-RelWidth-0p01_TuneCP5_13TeV_madgraph-pythia8	RunIISummer20UL16NanoAODv15-150X_mcRun2_asymptotic_v1-v1	NANOAODSIM	-	-	-	-	-
/HHto2B2G-SChan_Eta-0-M-450-RelWidth-0p05_TuneCP5_13TeV_madgraph-pythia8/RunIISummer20UL16NanoAODv15-150X_mcRun2_asymptotic_v1-v1/NANOAODSIM	HHto2B2G-SChan_Eta-0-M-450-RelWidth-0p05_TuneCP5_13TeV_madgraph-pythia8	RunIISummer20UL16NanoAODv15-150X_mcRun2_asymptotic_v1-v1	NANOAODSIM	-	-	-	-	-
/HHto2B2G-SChan_Eta-0-M-450-RelWidth-0p3_TuneCP5_13TeV_madgraph-pythia8/RunIISummer20UL16NanoAODv15-150X_mcRun2_asymptotic_v1-v1/NANOAODSIM	HHto2B2G-SChan_Eta-0-M-450-RelWidth-0p3_TuneCP5_13TeV_madgraph-pythia8	RunIISummer20UL16NanoAODv15-150X_mcRun2_asymptotic_v1-v1	NANOAODSIM	-	-	-	-	-
/HHto2B2G-SChan_Eta-0-M-5000-RelWidth-0p01_TuneCP5_13TeV_madgraph-pythia8/RunIISummer20UL16NanoAODv15-150X_mcRun2_asymptotic_v1-v1/NANOAODSIM	HHto2B2G-SChan_Eta-0-M-5000-RelWidth-0p01_TuneCP5_13TeV_madgraph-pythia8	RunIISummer20UL16NanoAODv15-150X_mcRun2_asymptotic_v1-v1	NANOAODSIM	-	-	-	-	-
/HHto2B2G-SChan_Eta-0-M-5000-RelWidth-0p05_TuneCP5_13TeV_madgraph-pythia8/RunIISummer20UL16NanoAODv15-150X_mcRun2_asymptotic_v1-v1/NANOAODSIM	HHto2B2G-SChan_Eta-0-M-5000-RelWidth-0p05_TuneCP5_13TeV_madgraph-pythia8	RunIISummer20UL16NanoAODv15-150X_mcRun2_asymptotic_v1-v1	NANOAODSIM	-	-	-	-	-
/HHto2B2G-SChan_Eta-0-M-5000-RelWidth-0p3_TuneCP5_13TeV_madgraph-pythia8/RunIISummer20UL16NanoAODv15-150X_mcRun2_asymptotic_v1-v1/NANOAODSIM	HHto2B2G-SChan_Eta-0-M-5000-RelWidth-0p3_TuneCP5_13TeV_madgraph-pythia8	RunIISummer20UL16NanoAODv15-150X_mcRun2_asymptotic_v1-v1	NANOAODSIM	-	-	-	-	-
/HHto2B2G-SChan_Eta-0-M-550-RelWidth-0p3_TuneCP5_13TeV_madgraph-pythia8/RunIISummer20UL16NanoAODv15-150X_mcRun2_asymptotic_v1-v1/NANOAODSIM	HHto2B2G-SChan_Eta-0-M-550-RelWidth-0p3_TuneCP5_13TeV_madgraph-pythia8	RunIISummer20UL16NanoAODv15-150X_mcRun2_asymptotic_v1-v1	NANOAODSIM	-	-	-	-	-
/HHto2B2G-SChan_Eta-0-M-600-RelWidth-0p01_TuneCP5_13TeV_madgraph-pythia8/RunIISummer20UL16NanoAODv15-150X_mcRun2_asymptotic_v1-v1/NANOAODSIM	HHto2B2G-SChan_Eta-0-M-600-RelWidth-0p01_TuneCP5_13TeV_madgraph-pythia8	RunIISummer20UL16NanoAODv15-150X_mcRun2_asymptotic_v1-v1	NANOAODSIM	-	-	-	-	-
/HHto2B2G-SChan_Eta-0-M-600-RelWidth-0p05_TuneCP5_13TeV_madgraph-pythia8/RunIISummer20UL16NanoAODv15-150X_mcRun2_asymptotic_v1-v1/NANOAODSIM	HHto2B2G-SChan_Eta-0-M-600-RelWidth-0p05_TuneCP5_13TeV_madgraph-pythia8	RunIISummer20UL16NanoAODv15-150X_mcRun2_asymptotic_v1-v1	NANOAODSIM	-	-	-	-	-
/HHto2B2G-SChan_Eta-0-M-600-RelWidth-0p3_TuneCP5_13TeV_madgraph-pythia8/RunIISummer20UL16NanoAODv15-150X_mcRun2_asymptotic_v1-v1/NANOAODSIM	HHto2B2G-SChan_Eta-0-M-600-RelWidth-0p3_TuneCP5_13TeV_madgraph-pythia8	RunIISummer20UL16NanoAODv15-150X_mcRun2_asymptotic_v1-v1	NANOAODSIM	-	-	-	-	-
/HHto2B2G-SChan_Eta-0-M-650-RelWidth-0p01_TuneCP5_13TeV_madgraph-pythia8/RunIISummer20UL16NanoAODv15-150X_mcRun2_asymptotic_v1-v1/NANOAODSIM	HHto2B2G-SChan_Eta-0-M-650-RelWidth-0p01_TuneCP5_13TeV_madgraph-pythia8	RunIISummer20UL16NanoAODv15-150X_mcRun2_asymptotic_v1-v1	NANOAODSIM	-	-	-	-	-
/HHto2B2G-SChan_Eta-0-M-650-RelWidth-0p05_TuneCP5_13TeV_madgraph-pythia8/RunIISummer20UL16NanoAODv15-150X_mcRun2_asymptotic_v1-v1/NANOAODSIM	HHto2B2G-SChan_Eta-0-M-650-RelWidth-0p05_TuneCP5_13TeV_madgraph-pythia8	RunIISummer20UL16NanoAODv15-150X_mcRun2_asymptotic_v1-v1	NANOAODSIM	-	-	-	-	-
/HHto2B2G-SChan_Eta-0-M-650-RelWidth-0p3_TuneCP5_13TeV_madgraph-pythia8/RunIISummer20UL16NanoAODv15-150X_mcRun2_asymptotic_v1-v1/NANOAODSIM	HHto2B2G-SChan_Eta-0-M-650-RelWidth-0p3_TuneCP5_13TeV_madgraph-pythia8	RunIISummer20UL16NanoAODv15-150X_mcRun2_asymptotic_v1-v1	NANOAODSIM	-	-	-	-	-
/HHto2B2G-SChan_Eta-0-M-700-RelWidth-0p01_TuneCP5_13TeV_madgraph-pythia8/RunIISummer20UL16NanoAODv15-150X_mcRun2_asymptotic_v1-v1/NANOAODSIM	HHto2B2G-SChan_Eta-0-M-700-RelWidth-0p01_TuneCP5_13TeV_madgraph-pythia8	RunIISummer20UL16NanoAODv15-150X_mcRun2_asymptotic_v1-v1	NANOAODSIM	-	-	-	-	-
/HHto2B2G-SChan_Eta-0-M-700-RelWidth-0p05_TuneCP5_13TeV_madgraph-pythia8/RunIISummer20UL16NanoAODv15-150X_mcRun2_asymptotic_v1-v1/NANOAODSIM	HHto2B2G-SChan_Eta-0-M-700-RelWidth-0p05_TuneCP5_13TeV_madgraph-pythia8	RunIISummer20UL16NanoAODv15-150X_mcRun2_asymptotic_v1-v1	NANOAODSIM	-	-	-	-	-
/HHto2B2G-SChan_Eta-0-M-700-RelWidth-0p3_TuneCP5_13TeV_madgraph-pythia8/RunIISummer20UL16NanoAODv15-150X_mcRun2_asymptotic_v1-v1/NANOAODSIM	HHto2B2G-SChan_Eta-0-M-700-RelWidth-0p3_TuneCP5_13TeV_madgraph-pythia8	RunIISummer20UL16NanoAODv15-150X_mcRun2_asymptotic_v1-v1	NANOAODSIM	-	-	-	-	-
/HHto2B2G-SChan_Eta-0-M-750-RelWidth-0p01_TuneCP5_13TeV_madgraph-pythia8/RunIISummer20UL16NanoAODv15-150X_mcRun2_asymptotic_v1-v1/NANOAODSIM	HHto2B2G-SChan_Eta-0-M-750-RelWidth-0p01_TuneCP5_13TeV_madgraph-pythia8	RunIISummer20UL16NanoAODv15-150X_mcRun2_asymptotic_v1-v1	NANOAODSIM	-	-	-	-	-
/HHto2B2G-SChan_Eta-0-M-750-RelWidth-0p05_TuneCP5_13TeV_madgraph-pythia8/RunIISummer20UL16NanoAODv15-150X_mcRun2_asymptotic_v1-v1/NANOAODSIM	HHto2B2G-SChan_Eta-0-M-750-RelWidth-0p05_TuneCP5_13TeV_madgraph-pythia8	RunIISummer20UL16NanoAODv15-150X_mcRun2_asymptotic_v1-v1	NANOAODSIM	-	-	-	-	-
/HHto2B2G-SChan_Eta-0-M-750-RelWidth-0p3_TuneCP5_13TeV_madgraph-pythia8/RunIISummer20UL16NanoAODv15-150X_mcRun2_asymptotic_v1-v1/NANOAODSIM	HHto2B2G-SChan_Eta-0-M-750-RelWidth-0p3_TuneCP5_13TeV_madgraph-pythia8	RunIISummer20UL16NanoAODv15-150X_mcRun2_asymptotic_v1-v1	NANOAODSIM	-	-	-	-	-
/HHto2B2G-SChan_Eta-0-M-800-RelWidth-0p01_TuneCP5_13TeV_madgraph-pythia8/RunIISummer20UL16NanoAODv15-150X_mcRun2_asymptotic_v1-v1/NANOAODSIM	HHto2B2G-SChan_Eta-0-M-800-RelWidth-0p01_TuneCP5_13TeV_madgraph-pythia8	RunIISummer20UL16NanoAODv15-150X_mcRun2_asymptotic_v1-v1	NANOAODSIM	-	-	-	-	-
/HHto2B2G-SChan_Eta-0-M-800-RelWidth-0p05_TuneCP5_13TeV_madgraph-pythia8/RunIISummer20UL16NanoAODv15-150X_mcRun2_asymptotic_v1-v1/NANOAODSIM	HHto2B2G-SChan_Eta-0-M-800-RelWidth-0p05_TuneCP5_13TeV_madgraph-pythia8	RunIISummer20UL16NanoAODv15-150X_mcRun2_asymptotic_v1-v1	NANOAODSIM	-	-	-	-	-
/HHto2B2G-SChan_Eta-0-M-850-RelWidth-0p05_TuneCP5_13TeV_madgraph-pythia8/RunIISummer20UL16NanoAODv15-150X_mcRun2_asymptotic_v1-v1/NANOAODSIM	HHto2B2G-SChan_Eta-0-M-850-RelWidth-0p05_TuneCP5_13TeV_madgraph-pythia8	RunIISummer20UL16NanoAODv15-150X_mcRun2_asymptotic_v1-v1	NANOAODSIM	-	-	-	-	-
/HHto2B2G-SChan_Eta-0-M-850-RelWidth-0p3_TuneCP5_13TeV_madgraph-pythia8/RunIISummer20UL16NanoAODv15-150X_mcRun2_asymptotic_v1-v1/NANOAODSIM	HHto2B2G-SChan_Eta-0-M-850-RelWidth-0p3_TuneCP5_13TeV_madgraph-pythia8	RunIISummer20UL16NanoAODv15-150X_mcRun2_asymptotic_v1-v1	NANOAODSIM	-	-	-	-	-
/HHto2B2G-SChan_Eta-0-M-900-RelWidth-0p01_TuneCP5_13TeV_madgraph-pythia8/RunIISummer20UL16NanoAODv15-150X_mcRun2_asymptotic_v1-v1/NANOAODSIM	HHto2B2G-SChan_Eta-0-M-900-RelWidth-0p01_TuneCP5_13TeV_madgraph-pythia8	RunIISummer20UL16NanoAODv15-150X_mcRun2_asymptotic_v1-v1	NANOAODSIM	-	-	-	-	-
/HHto2B2G-SChan_Eta-0-M-900-RelWidth-0p05_TuneCP5_13TeV_madgraph-pythia8/RunIISummer20UL16NanoAODv15-150X_mcRun2_asymptotic_v1-v1/NANOAODSIM	HHto2B2G-SChan_Eta-0-M-900-RelWidth-0p05_TuneCP5_13TeV_madgraph-pythia8	RunIISummer20UL16NanoAODv15-150X_mcRun2_asymptotic_v1-v1	NANOAODSIM	-	-	-	-	-
/HHto2B2G-SChan_Eta-0-M-900-RelWidth-0p3_TuneCP5_13TeV_madgraph-pythia8/RunIISummer20UL16NanoAODv15-150X_mcRun2_asymptotic_v1-v1/NANOAODSIM	HHto2B2G-SChan_Eta-0-M-900-RelWidth-0p3_TuneCP5_13TeV_madgraph-pythia8	RunIISummer20UL16NanoAODv15-150X_mcRun2_asymptotic_v1-v1	NANOAODSIM	-	-	-	-	-
/HHto2B2G-SChan-h-SChan-interference_Eta-0-M-1000-RelWidth-0p01_TuneCP5_13TeV_madgraph-pythia8/RunIISummer20UL16NanoAODv15-150X_mcRun2_asymptotic_v1-v1/NANOAODSIM	HHto2B2G-SChan-h-SChan-interference_Eta-0-M-1000-RelWidth-0p01_TuneCP5_13TeV_madgraph-pythia8	RunIISummer20UL16NanoAODv15-150X_mcRun2_asymptotic_v1-v1	NANOAODSIM	-	-	-	-	-
/HHto2B2G-SChan-h-SChan-interference_Eta-0-M-1000-RelWidth-0p05_TuneCP5_13TeV_madgraph-pythia8/RunIISummer20UL16NanoAODv15-150X_mcRun2_asymptotic_v1-v1/NANOAODSIM	HHto2B2G-SChan-h-SChan-interference_Eta-0-M-1000-RelWidth-0p05_TuneCP5_13TeV_madgraph-pythia8	RunIISummer20UL16NanoAODv15-150X_mcRun2_asymptotic_v1-v1	NANOAODSIM	-	-	-	-	-
/HHto2B2G-SChan-h-SChan-interference_Eta-0-M-1000-RelWidth-0p3_TuneCP5_13TeV_madgraph-pythia8/RunIISummer20UL16NanoAODv15-150X_mcRun2_asymptotic_v1-v1/NANOAODSIM	HHto2B2G-SChan-h-SChan-interference_Eta-0-M-1000-RelWidth-0p3_TuneCP5_13TeV_madgraph-pythia8	RunIISummer20UL16NanoAODv15-150X_mcRun2_asymptotic_v1-v1	NANOAODSIM	-	-	-	-	-
/HHto2B2G-SChan-h-SChan-interference_Eta-0-M-1100-RelWidth-0p01_TuneCP5_13TeV_madgraph-pythia8/RunIISummer20UL16NanoAODv15-150X_mcRun2_asymptotic_v1-v1/NANOAODSIM	HHto2B2G-SChan-h-SChan-interference_Eta-0-M-1100-RelWidth-0p01_TuneCP5_13TeV_madgraph-pythia8	RunIISummer20UL16NanoAODv15-150X_mcRun2_asymptotic_v1-v1	NANOAODSIM	-	-	-	-	-
/HHto2B2G-SChan-h-SChan-interference_Eta-0-M-1100-RelWidth-0p05_TuneCP5_13TeV_madgraph-pythia8/RunIISummer20UL16NanoAODv15-150X_mcRun2_asymptotic_v1-v1/NANOAODSIM	HHto2B2G-SChan-h-SChan-interference_Eta-0-M-1100-RelWidth-0p05_TuneCP5_13TeV_madgraph-pythia8	RunIISummer20UL16NanoAODv15-150X_mcRun2_asymptotic_v1-v1	NANOAODSIM	-	-	-	-	-
/HHto2B2G-SChan-h-SChan-interference_Eta-0-M-1100-RelWidth-0p3_TuneCP5_13TeV_madgraph-pythia8/RunIISummer20UL16NanoAODv15-150X_mcRun2_asymptotic_v1-v1/NANOAODSIM	HHto2B2G-SChan-h-SChan-interference_Eta-0-M-1100-RelWidth-0p3_TuneCP5_13TeV_madgraph-pythia8	RunIISummer20UL16NanoAODv15-150X_mcRun2_asymptotic_v1-v1	NANOAODSIM	-	-	-	-	-
/HHto2B2G-SChan-h-SChan-interference_Eta-0-M-1200-RelWidth-0p01_TuneCP5_13TeV_madgraph-pythia8/RunIISummer20UL16NanoAODv15-150X_mcRun2_asymptotic_v1-v1/NANOAODSIM	HHto2B2G-SChan-h-SChan-interference_Eta-0-M-1200-RelWidth-0p01_TuneCP5_13TeV_madgraph-pythia8	RunIISummer20UL16NanoAODv15-150X_mcRun2_asymptotic_v1-v1	NANOAODSIM	-	-	-	-	-
/HHto2B2G-SChan-h-SChan-interference_Eta-0-M-1200-RelWidth-0p05_TuneCP5_13TeV_madgraph-pythia8/RunIISummer20UL16NanoAODv15-150X_mcRun2_asymptotic_v1-v1/NANOAODSIM	HHto2B2G-SChan-h-SChan-interference_Eta-0-M-1200-RelWidth-0p05_TuneCP5_13TeV_madgraph-pythia8	RunIISummer20UL16NanoAODv15-150X_mcRun2_asymptotic_v1-v1	NANOAODSIM	-	-	-	-	-
/HHto2B2G-SChan-h-SChan-interference_Eta-0-M-1200-RelWidth-0p3_TuneCP5_13TeV_madgraph-pythia8/RunIISummer20UL16NanoAODv15-150X_mcRun2_asymptotic_v1-v1/NANOAODSIM	HHto2B2G-SChan-h-SChan-interference_Eta-0-M-1200-RelWidth-0p3_TuneCP5_13TeV_madgraph-pythia8	RunIISummer20UL16NanoAODv15-150X_mcRun2_asymptotic_v1-v1	NANOAODSIM	-	-	-	-	-
/HHto2B2G-SChan-h-SChan-interference_Eta-0-M-1300-RelWidth-0p01_TuneCP5_13TeV_madgraph-pythia8/RunIISummer20UL16NanoAODv15-150X_mcRun2_asymptotic_v1-v1/NANOAODSIM	HHto2B2G-SChan-h-SChan-interference_Eta-0-M-1300-RelWidth-0p01_TuneCP5_13TeV_madgraph-pythia8	RunIISummer20UL16NanoAODv15-150X_mcRun2_asymptotic_v1-v1	NANOAODSIM	-	-	-	-	-
/HHto2B2G-SChan-h-SChan-interference_Eta-0-M-1300-RelWidth-0p05_TuneCP5_13TeV_madgraph-pythia8/RunIISummer20UL16NanoAODv15-150X_mcRun2_asymptotic_v1-v1/NANOAODSIM	HHto2B2G-SChan-h-SChan-interference_Eta-0-M-1300-RelWidth-0p05_TuneCP5_13TeV_madgraph-pythia8	RunIISummer20UL16NanoAODv15-150X_mcRun2_asymptotic_v1-v1	NANOAODSIM	-	-	-	-	-
/HHto2B2G-SChan-h-SChan-interference_Eta-0-M-1300-RelWidth-0p3_TuneCP5_13TeV_madgraph-pythia8/RunIISummer20UL16NanoAODv15-150X_mcRun2_asymptotic_v1-v1/NANOAODSIM	HHto2B2G-SChan-h-SChan-interference_Eta-0-M-1300-RelWidth-0p3_TuneCP5_13TeV_madgraph-pythia8	RunIISummer20UL16NanoAODv15-150X_mcRun2_asymptotic_v1-v1	NANOAODSIM	-	-	-	-	-
/HHto2B2G-SChan-h-SChan-interference_Eta-0-M-1400-RelWidth-0p01_TuneCP5_13TeV_madgraph-pythia8/RunIISummer20UL16NanoAODv15-150X_mcRun2_asymptotic_v1-v1/NANOAODSIM	HHto2B2G-SChan-h-SChan-interference_Eta-0-M-1400-RelWidth-0p01_TuneCP5_13TeV_madgraph-pythia8	RunIISummer20UL16NanoAODv15-150X_mcRun2_asymptotic_v1-v1	NANOAODSIM	-	-	-	-	-
/HHto2B2G-SChan-h-SChan-interference_Eta-0-M-1400-RelWidth-0p05_TuneCP5_13TeV_madgraph-pythia8/RunIISummer20UL16NanoAODv15-150X_mcRun2_asymptotic_v1-v1/NANOAODSIM	HHto2B2G-SChan-h-SChan-interference_Eta-0-M-1400-RelWidth-0p05_TuneCP5_13TeV_madgraph-pythia8	RunIISummer20UL16NanoAODv15-150X_mcRun2_asymptotic_v1-v1	NANOAODSIM	-	-	-	-	-
/HHto2B2G-SChan-h-SChan-interference_Eta-0-M-1400-RelWidth-0p3_TuneCP5_13TeV_madgraph-pythia8/RunIISummer20UL16NanoAODv15-150X_mcRun2_asymptotic_v1-v1/NANOAODSIM	HHto2B2G-SChan-h-SChan-interference_Eta-0-M-1400-RelWidth-0p3_TuneCP5_13TeV_madgraph-pythia8	RunIISummer20UL16NanoAODv15-150X_mcRun2_asymptotic_v1-v1	NANOAODSIM	-	-	-	-	-
/HHto2B2G-SChan-h-SChan-interference_Eta-0-M-1500-RelWidth-0p01_TuneCP5_13TeV_madgraph-pythia8/RunIISummer20UL16NanoAODv15-150X_mcRun2_asymptotic_v1-v1/NANOAODSIM	HHto2B2G-SChan-h-SChan-interference_Eta-0-M-1500-RelWidth-0p01_TuneCP5_13TeV_madgraph-pythia8	RunIISummer20UL16NanoAODv15-150X_mcRun2_asymptotic_v1-v1	NANOAODSIM	-	-	-	-	-
/HHto2B2G-SChan-h-SChan-interference_Eta-0-M-1500-RelWidth-0p05_TuneCP5_13TeV_madgraph-pythia8/RunIISummer20UL16NanoAODv15-150X_mcRun2_asymptotic_v1-v1/NANOAODSIM	HHto2B2G-SChan-h-SChan-interference_Eta-0-M-1500-RelWidth-0p05_TuneCP5_13TeV_madgraph-pythia8	RunIISummer20UL16NanoAODv15-150X_mcRun2_asymptotic_v1-v1	NANOAODSIM	-	-	-	-	-
/HHto2B2G-SChan-h-SChan-interference_Eta-0-M-1500-RelWidth-0p3_TuneCP5_13TeV_madgraph-pythia8/RunIISummer20UL16NanoAODv15-150X_mcRun2_asymptotic_v1-v1/NANOAODSIM	HHto2B2G-SChan-h-SChan-interference_Eta-0-M-1500-RelWidth-0p3_TuneCP5_13TeV_madgraph-pythia8	RunIISummer20UL16NanoAODv15-150X_mcRun2_asymptotic_v1-v1	NANOAODSIM	-	-	-	-	-
/HHto2B2G-SChan-h-SChan-interference_Eta-0-M-1600-RelWidth-0p01_TuneCP5_13TeV_madgraph-pythia8/RunIISummer20UL16NanoAODv15-150X_mcRun2_asymptotic_v1-v1/NANOAODSIM	HHto2B2G-SChan-h-SChan-interference_Eta-0-M-1600-RelWidth-0p01_TuneCP5_13TeV_madgraph-pythia8	RunIISummer20UL16NanoAODv15-150X_mcRun2_asymptotic_v1-v1	NANOAODSIM	-	-	-	-	-
/HHto2B2G-SChan-h-SChan-interference_Eta-0-M-1600-RelWidth-0p05_TuneCP5_13TeV_madgraph-pythia8/RunIISummer20UL16NanoAODv15-150X_mcRun2_asymptotic_v1-v1/NANOAODSIM	HHto2B2G-SChan-h-SChan-interference_Eta-0-M-1600-RelWidth-0p05_TuneCP5_13TeV_madgraph-pythia8	RunIISummer20UL16NanoAODv15-150X_mcRun2_asymptotic_v1-v1	NANOAODSIM	-	-	-	-	-
/HHto2B2G-SChan-h-SChan-interference_Eta-0-M-1600-RelWidth-0p3_TuneCP5_13TeV_madgraph-pythia8/RunIISummer20UL16NanoAODv15-150X_mcRun2_asymptotic_v1-v1/NANOAODSIM	HHto2B2G-SChan-h-SChan-interference_Eta-0-M-1600-RelWidth-0p3_TuneCP5_13TeV_madgraph-pythia8	RunIISummer20UL16NanoAODv15-150X_mcRun2_asymptotic_v1-v1	NANOAODSIM	-	-	-	-	-
/HHto2B2G-SChan-h-SChan-interference_Eta-0-M-1700-RelWidth-0p01_TuneCP5_13TeV_madgraph-pythia8/RunIISummer20UL16NanoAODv15-150X_mcRun2_asymptotic_v1-v1/NANOAODSIM	HHto2B2G-SChan-h-SChan-interference_Eta-0-M-1700-RelWidth-0p01_TuneCP5_13TeV_madgraph-pythia8	RunIISummer20UL16NanoAODv15-150X_mcRun2_asymptotic_v1-v1	NANOAODSIM	-	-	-	-	-
/HHto2B2G-SChan-h-SChan-interference_Eta-0-M-1700-RelWidth-0p05_TuneCP5_13TeV_madgraph-pythia8/RunIISummer20UL16NanoAODv15-150X_mcRun2_asymptotic_v1-v1/NANOAODSIM	HHto2B2G-SChan-h-SChan-interference_Eta-0-M-1700-RelWidth-0p05_TuneCP5_13TeV_madgraph-pythia8	RunIISummer20UL16NanoAODv15-150X_mcRun2_asymptotic_v1-v1	NANOAODSIM	-	-	-	-	-
/HHto2B2G-SChan-h-SChan-interference_Eta-0-M-1700-RelWidth-0p3_TuneCP5_13TeV_madgraph-pythia8/RunIISummer20UL16NanoAODv15-150X_mcRun2_asymptotic_v1-v1/NANOAODSIM	HHto2B2G-SChan-h-SChan-interference_Eta-0-M-1700-RelWidth-0p3_TuneCP5_13TeV_madgraph-pythia8	RunIISummer20UL16NanoAODv15-150X_mcRun2_asymptotic_v1-v1	NANOAODSIM	-	-	-	-	-
/HHto2B2G-SChan-h-SChan-interference_Eta-0-M-1800-RelWidth-0p01_TuneCP5_13TeV_madgraph-pythia8/RunIISummer20UL16NanoAODv15-150X_mcRun2_asymptotic_v1-v1/NANOAODSIM	HHto2B2G-SChan-h-SChan-interference_Eta-0-M-1800-RelWidth-0p01_TuneCP5_13TeV_madgraph-pythia8	RunIISummer20UL16NanoAODv15-150X_mcRun2_asymptotic_v1-v1	NANOAODSIM	-	-	-	-	-
/HHto2B2G-SChan-h-SChan-interference_Eta-0-M-1800-RelWidth-0p05_TuneCP5_13TeV_madgraph-pythia8/RunIISummer20UL16NanoAODv15-150X_mcRun2_asymptotic_v1-v1/NANOAODSIM	HHto2B2G-SChan-h-SChan-interference_Eta-0-M-1800-RelWidth-0p05_TuneCP5_13TeV_madgraph-pythia8	RunIISummer20UL16NanoAODv15-150X_mcRun2_asymptotic_v1-v1	NANOAODSIM	-	-	-	-	-
/HHto2B2G-SChan-h-SChan-interference_Eta-0-M-1800-RelWidth-0p3_TuneCP5_13TeV_madgraph-pythia8/RunIISummer20UL16NanoAODv15-150X_mcRun2_asymptotic_v1-v1/NANOAODSIM	HHto2B2G-SChan-h-SChan-interference_Eta-0-M-1800-RelWidth-0p3_TuneCP5_13TeV_madgraph-pythia8	RunIISummer20UL16NanoAODv15-150X_mcRun2_asymptotic_v1-v1	NANOAODSIM	-	-	-	-	-
/HHto2B2G-SChan-h-SChan-interference_Eta-0-M-1900-RelWidth-0p01_TuneCP5_13TeV_madgraph-pythia8/RunIISummer20UL16NanoAODv15-150X_mcRun2_asymptotic_v1-v1/NANOAODSIM	HHto2B2G-SChan-h-SChan-interference_Eta-0-M-1900-RelWidth-0p01_TuneCP5_13TeV_madgraph-pythia8	RunIISummer20UL16NanoAODv15-150X_mcRun2_asymptotic_v1-v1	NANOAODSIM	-	-	-	-	-
/HHto2B2G-SChan-h-SChan-interference_Eta-0-M-1900-RelWidth-0p05_TuneCP5_13TeV_madgraph-pythia8/RunIISummer20UL16NanoAODv15-150X_mcRun2_asymptotic_v1-v1/NANOAODSIM	HHto2B2G-SChan-h-SChan-interference_Eta-0-M-1900-RelWidth-0p05_TuneCP5_13TeV_madgraph-pythia8	RunIISummer20UL16NanoAODv15-150X_mcRun2_asymptotic_v1-v1	NANOAODSIM	-	-	-	-	-
/HHto2B2G-SChan-h-SChan-interference_Eta-0-M-1900-RelWidth-0p3_TuneCP5_13TeV_madgraph-pythia8/RunIISummer20UL16NanoAODv15-150X_mcRun2_asymptotic_v1-v1/NANOAODSIM	HHto2B2G-SChan-h-SChan-interference_Eta-0-M-1900-RelWidth-0p3_TuneCP5_13TeV_madgraph-pythia8	RunIISummer20UL16NanoAODv15-150X_mcRun2_asymptotic_v1-v1	NANOAODSIM	-	-	-	-	-
/HHto2B2G-SChan-h-SChan-interference_Eta-0-M-2000-RelWidth-0p01_TuneCP5_13TeV_madgraph-pythia8/RunIISummer20UL16NanoAODv15-150X_mcRun2_asymptotic_v1-v1/NANOAODSIM	HHto2B2G-SChan-h-SChan-interference_Eta-0-M-2000-RelWidth-0p01_TuneCP5_13TeV_madgraph-pythia8	RunIISummer20UL16NanoAODv15-150X_mcRun2_asymptotic_v1-v1	NANOAODSIM	-	-	-	-	-
/HHto2B2G-SChan-h-SChan-interference_Eta-0-M-2000-RelWidth-0p05_TuneCP5_13TeV_madgraph-pythia8/RunIISummer20UL16NanoAODv15-150X_mcRun2_asymptotic_v1-v1/NANOAODSIM	HHto2B2G-SChan-h-SChan-interference_Eta-0-M-2000-RelWidth-0p05_TuneCP5_13TeV_madgraph-pythia8	RunIISummer20UL16NanoAODv15-150X_mcRun2_asymptotic_v1-v1	NANOAODSIM	-	-	-	-	-
/HHto2B2G-SChan-h-SChan-interference_Eta-0-M-2000-RelWidth-0p3_TuneCP5_13TeV_madgraph-pythia8/RunIISummer20UL16NanoAODv15-150X_mcRun2_asymptotic_v1-v1/NANOAODSIM	HHto2B2G-SChan-h-SChan-interference_Eta-0-M-2000-RelWidth-0p3_TuneCP5_13TeV_madgraph-pythia8	RunIISummer20UL16NanoAODv15-150X_mcRun2_asymptotic_v1-v1	NANOAODSIM	-	-	-	-	-
/HHto2B2G-SChan-h-SChan-interference_Eta-0-M-2500-RelWidth-0p01_TuneCP5_13TeV_madgraph-pythia8/RunIISummer20UL16NanoAODv15-150X_mcRun2_asymptotic_v1-v1/NANOAODSIM	HHto2B2G-SChan-h-SChan-interference_Eta-0-M-2500-RelWidth-0p01_TuneCP5_13TeV_madgraph-pythia8	RunIISummer20UL16NanoAODv15-150X_mcRun2_asymptotic_v1-v1	NANOAODSIM	-	-	-	-	-
/HHto2B2G-SChan-h-SChan-interference_Eta-0-M-2500-RelWidth-0p05_TuneCP5_13TeV_madgraph-pythia8/RunIISummer20UL16NanoAODv15-150X_mcRun2_asymptotic_v1-v1/NANOAODSIM	HHto2B2G-SChan-h-SChan-interference_Eta-0-M-2500-RelWidth-0p05_TuneCP5_13TeV_madgraph-pythia8	RunIISummer20UL16NanoAODv15-150X_mcRun2_asymptotic_v1-v1	NANOAODSIM	-	-	-	-	-
/HHto2B2G-SChan-h-SChan-interference_Eta-0-M-2500-RelWidth-0p3_TuneCP5_13TeV_madgraph-pythia8/RunIISummer20UL16NanoAODv15-150X_mcRun2_asymptotic_v1-v1/NANOAODSIM	HHto2B2G-SChan-h-SChan-interference_Eta-0-M-2500-RelWidth-0p3_TuneCP5_13TeV_madgraph-pythia8	RunIISummer20UL16NanoAODv15-150X_mcRun2_asymptotic_v1-v1	NANOAODSIM	-	-	-	-	-
/HHto2B2G-SChan-h-SChan-interference_Eta-0-M-250-RelWidth-0p01_TuneCP5_13TeV_madgraph-pythia8/RunIISummer20UL16NanoAODv15-150X_mcRun2_asymptotic_v1-v1/NANOAODSIM	HHto2B2G-SChan-h-SChan-interference_Eta-0-M-250-RelWidth-0p01_TuneCP5_13TeV_madgraph-pythia8	RunIISummer20UL16NanoAODv15-150X_mcRun2_asymptotic_v1-v1	NANOAODSIM	-	-	-	-	-
/HHto2B2G-SChan-h-SChan-interference_Eta-0-M-250-RelWidth-0p05_TuneCP5_13TeV_madgraph-pythia8/RunIISummer20UL16NanoAODv15-150X_mcRun2_asymptotic_v1-v1/NANOAODSIM	HHto2B2G-SChan-h-SChan-interference_Eta-0-M-250-RelWidth-0p05_TuneCP5_13TeV_madgraph-pythia8	RunIISummer20UL16NanoAODv15-150X_mcRun2_asymptotic_v1-v1	NANOAODSIM	-	-	-	-	-
/HHto2B2G-SChan-h-SChan-interference_Eta-0-M-250-RelWidth-0p3_TuneCP5_13TeV_madgraph-pythia8/RunIISummer20UL16NanoAODv15-150X_mcRun2_asymptotic_v1-v1/NANOAODSIM	HHto2B2G-SChan-h-SChan-interference_Eta-0-M-250-RelWidth-0p3_TuneCP5_13TeV_madgraph-pythia8	RunIISummer20UL16NanoAODv15-150X_mcRun2_asymptotic_v1-v1	NANOAODSIM	-	-	-	-	-
/HHto2B2G-SChan-h-SChan-interference_Eta-0-M-260-RelWidth-0p01_TuneCP5_13TeV_madgraph-pythia8/RunIISummer20UL16NanoAODv15-150X_mcRun2_asymptotic_v1-v1/NANOAODSIM	HHto2B2G-SChan-h-SChan-interference_Eta-0-M-260-RelWidth-0p01_TuneCP5_13TeV_madgraph-pythia8	RunIISummer20UL16NanoAODv15-150X_mcRun2_asymptotic_v1-v1	NANOAODSIM	-	-	-	-	-
/HHto2B2G-SChan-h-SChan-interference_Eta-0-M-260-RelWidth-0p05_TuneCP5_13TeV_madgraph-pythia8/RunIISummer20UL16NanoAODv15-150X_mcRun2_asymptotic_v1-v1/NANOAODSIM	HHto2B2G-SChan-h-SChan-interference_Eta-0-M-260-RelWidth-0p05_TuneCP5_13TeV_madgraph-pythia8	RunIISummer20UL16NanoAODv15-150X_mcRun2_asymptotic_v1-v1	NANOAODSIM	-	-	-	-	-
/HHto2B2G-SChan-h-SChan-interference_Eta-0-M-260-RelWidth-0p3_TuneCP5_13TeV_madgraph-pythia8/RunIISummer20UL16NanoAODv15-150X_mcRun2_asymptotic_v1-v1/NANOAODSIM	HHto2B2G-SChan-h-SChan-interference_Eta-0-M-260-RelWidth-0p3_TuneCP5_13TeV_madgraph-pythia8	RunIISummer20UL16NanoAODv15-150X_mcRun2_asymptotic_v1-v1	NANOAODSIM	-	-	-	-	-
/HHto2B2G-SChan-h-SChan-interference_Eta-0-M-270-RelWidth-0p01_TuneCP5_13TeV_madgraph-pythia8/RunIISummer20UL16NanoAODv15-150X_mcRun2_asymptotic_v1-v1/NANOAODSIM	HHto2B2G-SChan-h-SChan-interference_Eta-0-M-270-RelWidth-0p01_TuneCP5_13TeV_madgraph-pythia8	RunIISummer20UL16NanoAODv15-150X_mcRun2_asymptotic_v1-v1	NANOAODSIM	-	-	-	-	-
/HHto2B2G-SChan-h-SChan-interference_Eta-0-M-270-RelWidth-0p3_TuneCP5_13TeV_madgraph-pythia8/RunIISummer20UL16NanoAODv15-150X_mcRun2_asymptotic_v1-v1/NANOAODSIM	HHto2B2G-SChan-h-SChan-interference_Eta-0-M-270-RelWidth-0p3_TuneCP5_13TeV_madgraph-pythia8	RunIISummer20UL16NanoAODv15-150X_mcRun2_asymptotic_v1-v1	NANOAODSIM	-	-	-	-	-
/HHto2B2G-SChan-h-SChan-interference_Eta-0-M-280-RelWidth-0p01_TuneCP5_13TeV_madgraph-pythia8/RunIISummer20UL16NanoAODv15-150X_mcRun2_asymptotic_v1-v1/NANOAODSIM	HHto2B2G-SChan-h-SChan-interference_Eta-0-M-280-RelWidth-0p01_TuneCP5_13TeV_madgraph-pythia8	RunIISummer20UL16NanoAODv15-150X_mcRun2_asymptotic_v1-v1	NANOAODSIM	-	-	-	-	-
/HHto2B2G-SChan-h-SChan-interference_Eta-0-M-280-RelWidth-0p05_TuneCP5_13TeV_madgraph-pythia8/RunIISummer20UL16NanoAODv15-150X_mcRun2_asymptotic_v1-v1/NANOAODSIM	HHto2B2G-SChan-h-SChan-interference_Eta-0-M-280-RelWidth-0p05_TuneCP5_13TeV_madgraph-pythia8	RunIISummer20UL16NanoAODv15-150X_mcRun2_asymptotic_v1-v1	NANOAODSIM	-	-	-	-	-
/HHto2B2G-SChan-h-SChan-interference_Eta-0-M-280-RelWidth-0p3_TuneCP5_13TeV_madgraph-pythia8/RunIISummer20UL16NanoAODv15-150X_mcRun2_asymptotic_v1-v1/NANOAODSIM	HHto2B2G-SChan-h-SChan-interference_Eta-0-M-280-RelWidth-0p3_TuneCP5_13TeV_madgraph-pythia8	RunIISummer20UL16NanoAODv15-150X_mcRun2_asymptotic_v1-v1	NANOAODSIM	-	-	-	-	-
/HHto2B2G-SChan-h-SChan-interference_Eta-0-M-3000-RelWidth-0p01_TuneCP5_13TeV_madgraph-pythia8/RunIISummer20UL16NanoAODv15-150X_mcRun2_asymptotic_v1-v1/NANOAODSIM	HHto2B2G-SChan-h-SChan-interference_Eta-0-M-3000-RelWidth-0p01_TuneCP5_13TeV_madgraph-pythia8	RunIISummer20UL16NanoAODv15-150X_mcRun2_asymptotic_v1-v1	NANOAODSIM	-	-	-	-	-
/HHto2B2G-SChan-h-SChan-interference_Eta-0-M-3000-RelWidth-0p05_TuneCP5_13TeV_madgraph-pythia8/RunIISummer20UL16NanoAODv15-150X_mcRun2_asymptotic_v1-v1/NANOAODSIM	HHto2B2G-SChan-h-SChan-interference_Eta-0-M-3000-RelWidth-0p05_TuneCP5_13TeV_madgraph-pythia8	RunIISummer20UL16NanoAODv15-150X_mcRun2_asymptotic_v1-v1	NANOAODSIM	-	-	-	-	-
/HHto2B2G-SChan-h-SChan-interference_Eta-0-M-3000-RelWidth-0p3_TuneCP5_13TeV_madgraph-pythia8/RunIISummer20UL16NanoAODv15-150X_mcRun2_asymptotic_v1-v1/NANOAODSIM	HHto2B2G-SChan-h-SChan-interference_Eta-0-M-3000-RelWidth-0p3_TuneCP5_13TeV_madgraph-pythia8	RunIISummer20UL16NanoAODv15-150X_mcRun2_asymptotic_v1-v1	NANOAODSIM	-	-	-	-	-
/HHto2B2G-SChan-h-SChan-interference_Eta-0-M-300-RelWidth-0p01_TuneCP5_13TeV_madgraph-pythia8/RunIISummer20UL16NanoAODv15-150X_mcRun2_asymptotic_v1-v1/NANOAODSIM	HHto2B2G-SChan-h-SChan-interference_Eta-0-M-300-RelWidth-0p01_TuneCP5_13TeV_madgraph-pythia8	RunIISummer20UL16NanoAODv15-150X_mcRun2_asymptotic_v1-v1	NANOAODSIM	-	-	-	-	-
/HHto2B2G-SChan-h-SChan-interference_Eta-0-M-350-RelWidth-0p01_TuneCP5_13TeV_madgraph-pythia8/RunIISummer20UL16NanoAODv15-150X_mcRun2_asymptotic_v1-v1/NANOAODSIM	HHto2B2G-SChan-h-SChan-interference_Eta-0-M-350-RelWidth-0p01_TuneCP5_13TeV_madgraph-pythia8	RunIISummer20UL16NanoAODv15-150X_mcRun2_asymptotic_v1-v1	NANOAODSIM	-	-	-	-	-
/HHto2B2G-SChan-h-SChan-interference_Eta-0-M-350-RelWidth-0p05_TuneCP5_13TeV_madgraph-pythia8/RunIISummer20UL16NanoAODv15-150X_mcRun2_asymptotic_v1-v1/NANOAODSIM	HHto2B2G-SChan-h-SChan-interference_Eta-0-M-350-RelWidth-0p05_TuneCP5_13TeV_madgraph-pythia8	RunIISummer20UL16NanoAODv15-150X_mcRun2_asymptotic_v1-v1	NANOAODSIM	-	-	-	-	-
/HHto2B2G-SChan-h-SChan-interference_Eta-0-M-350-RelWidth-0p3_TuneCP5_13TeV_madgraph-pythia8/RunIISummer20UL16NanoAODv15-150X_mcRun2_asymptotic_v1-v1/NANOAODSIM	HHto2B2G-SChan-h-SChan-interference_Eta-0-M-350-RelWidth-0p3_TuneCP5_13TeV_madgraph-pythia8	RunIISummer20UL16NanoAODv15-150X_mcRun2_asymptotic_v1-v1	NANOAODSIM	-	-	-	-	-
/HHto2B2G-SChan-h-SChan-interference_Eta-0-M-400-RelWidth-0p01_TuneCP5_13TeV_madgraph-pythia8/RunIISummer20UL16NanoAODv15-150X_mcRun2_asymptotic_v1-v1/NANOAODSIM	HHto2B2G-SChan-h-SChan-interference_Eta-0-M-400-RelWidth-0p01_TuneCP5_13TeV_madgraph-pythia8	RunIISummer20UL16NanoAODv15-150X_mcRun2_asymptotic_v1-v1	NANOAODSIM	-	-	-	-	-
/HHto2B2G-SChan-h-SChan-interference_Eta-0-M-400-RelWidth-0p05_TuneCP5_13TeV_madgraph-pythia8/RunIISummer20UL16NanoAODv15-150X_mcRun2_asymptotic_v1-v1/NANOAODSIM	HHto2B2G-SChan-h-SChan-interference_Eta-0-M-400-RelWidth-0p05_TuneCP5_13TeV_madgraph-pythia8	RunIISummer20UL16NanoAODv15-150X_mcRun2_asymptotic_v1-v1	NANOAODSIM	-	-	-	-	-
/HHto2B2G-SChan-h-SChan-interference_Eta-0-M-400-RelWidth-0p3_TuneCP5_13TeV_madgraph-pythia8/RunIISummer20UL16NanoAODv15-150X_mcRun2_asymptotic_v1-v1/NANOAODSIM	HHto2B2G-SChan-h-SChan-interference_Eta-0-M-400-RelWidth-0p3_TuneCP5_13TeV_madgraph-pythia8	RunIISummer20UL16NanoAODv15-150X_mcRun2_asymptotic_v1-v1	NANOAODSIM	-	-	-	-	-
/HHto2B2G-SChan-h-SChan-interference_Eta-0-M-450-RelWidth-0p01_TuneCP5_13TeV_madgraph-pythia8/RunIISummer20UL16NanoAODv15-150X_mcRun2_asymptotic_v1-v1/NANOAODSIM	HHto2B2G-SChan-h-SChan-interference_Eta-0-M-450-RelWidth-0p01_TuneCP5_13TeV_madgraph-pythia8	RunIISummer20UL16NanoAODv15-150X_mcRun2_asymptotic_v1-v1	NANOAODSIM	-	-	-	-	-
/HHto2B2G-SChan-h-SChan-interference_Eta-0-M-450-RelWidth-0p05_TuneCP5_13TeV_madgraph-pythia8/RunIISummer20UL16NanoAODv15-150X_mcRun2_asymptotic_v1-v1/NANOAODSIM	HHto2B2G-SChan-h-SChan-interference_Eta-0-M-450-RelWidth-0p05_TuneCP5_13TeV_madgraph-pythia8	RunIISummer20UL16NanoAODv15-150X_mcRun2_asymptotic_v1-v1	NANOAODSIM	-	-	-	-	-
/HHto2B2G-SChan-h-SChan-interference_Eta-0-M-450-RelWidth-0p3_TuneCP5_13TeV_madgraph-pythia8/RunIISummer20UL16NanoAODv15-150X_mcRun2_asymptotic_v1-v1/NANOAODSIM	HHto2B2G-SChan-h-SChan-interference_Eta-0-M-450-RelWidth-0p3_TuneCP5_13TeV_madgraph-pythia8	RunIISummer20UL16NanoAODv15-150X_mcRun2_asymptotic_v1-v1	NANOAODSIM	-	-	-	-	-
/HHto2B2G-SChan-h-SChan-interference_Eta-0-M-5000-RelWidth-0p01_TuneCP5_13TeV_madgraph-pythia8/RunIISummer20UL16NanoAODv15-150X_mcRun2_asymptotic_v1-v1/NANOAODSIM	HHto2B2G-SChan-h-SChan-interference_Eta-0-M-5000-RelWidth-0p01_TuneCP5_13TeV_madgraph-pythia8	RunIISummer20UL16NanoAODv15-150X_mcRun2_asymptotic_v1-v1	NANOAODSIM	-	-	-	-	-
/HHto2B2G-SChan-h-SChan-interference_Eta-0-M-5000-RelWidth-0p05_TuneCP5_13TeV_madgraph-pythia8/RunIISummer20UL16NanoAODv15-150X_mcRun2_asymptotic_v1-v1/NANOAODSIM	HHto2B2G-SChan-h-SChan-interference_Eta-0-M-5000-RelWidth-0p05_TuneCP5_13TeV_madgraph-pythia8	RunIISummer20UL16NanoAODv15-150X_mcRun2_asymptotic_v1-v1	NANOAODSIM	-	-	-	-	-
/HHto2B2G-SChan-h-SChan-interference_Eta-0-M-5000-RelWidth-0p3_TuneCP5_13TeV_madgraph-pythia8/RunIISummer20UL16NanoAODv15-150X_mcRun2_asymptotic_v1-v1/NANOAODSIM	HHto2B2G-SChan-h-SChan-interference_Eta-0-M-5000-RelWidth-0p3_TuneCP5_13TeV_madgraph-pythia8	RunIISummer20UL16NanoAODv15-150X_mcRun2_asymptotic_v1-v1	NANOAODSIM	-	-	-	-	-
/HHto2B2G-SChan-h-SChan-interference_Eta-0-M-550-RelWidth-0p01_TuneCP5_13TeV_madgraph-pythia8/RunIISummer20UL16NanoAODv15-150X_mcRun2_asymptotic_v1-v1/NANOAODSIM	HHto2B2G-SChan-h-SChan-interference_Eta-0-M-550-RelWidth-0p01_TuneCP5_13TeV_madgraph-pythia8	RunIISummer20UL16NanoAODv15-150X_mcRun2_asymptotic_v1-v1	NANOAODSIM	-	-	-	-	-
/HHto2B2G-SChan-h-SChan-interference_Eta-0-M-550-RelWidth-0p05_TuneCP5_13TeV_madgraph-pythia8/RunIISummer20UL16NanoAODv15-150X_mcRun2_asymptotic_v1-v1/NANOAODSIM	HHto2B2G-SChan-h-SChan-interference_Eta-0-M-550-RelWidth-0p05_TuneCP5_13TeV_madgraph-pythia8	RunIISummer20UL16NanoAODv15-150X_mcRun2_asymptotic_v1-v1	NANOAODSIM	-	-	-	-	-
/HHto2B2G-SChan-h-SChan-interference_Eta-0-M-550-RelWidth-0p3_TuneCP5_13TeV_madgraph-pythia8/RunIISummer20UL16NanoAODv15-150X_mcRun2_asymptotic_v1-v1/NANOAODSIM	HHto2B2G-SChan-h-SChan-interference_Eta-0-M-550-RelWidth-0p3_TuneCP5_13TeV_madgraph-pythia8	RunIISummer20UL16NanoAODv15-150X_mcRun2_asymptotic_v1-v1	NANOAODSIM	-	-	-	-	-
/HHto2B2G-SChan-h-SChan-interference_Eta-0-M-600-RelWidth-0p01_TuneCP5_13TeV_madgraph-pythia8/RunIISummer20UL16NanoAODv15-150X_mcRun2_asymptotic_v1-v1/NANOAODSIM	HHto2B2G-SChan-h-SChan-interference_Eta-0-M-600-RelWidth-0p01_TuneCP5_13TeV_madgraph-pythia8	RunIISummer20UL16NanoAODv15-150X_mcRun2_asymptotic_v1-v1	NANOAODSIM	-	-	-	-	-
/HHto2B2G-SChan-h-SChan-interference_Eta-0-M-600-RelWidth-0p3_TuneCP5_13TeV_madgraph-pythia8/RunIISummer20UL16NanoAODv15-150X_mcRun2_asymptotic_v1-v1/NANOAODSIM	HHto2B2G-SChan-h-SChan-interference_Eta-0-M-600-RelWidth-0p3_TuneCP5_13TeV_madgraph-pythia8	RunIISummer20UL16NanoAODv15-150X_mcRun2_asymptotic_v1-v1	NANOAODSIM	-	-	-	-	-
/HHto2B2G-SChan-h-SChan-interference_Eta-0-M-650-RelWidth-0p01_TuneCP5_13TeV_madgraph-pythia8/RunIISummer20UL16NanoAODv15-150X_mcRun2_asymptotic_v1-v1/NANOAODSIM	HHto2B2G-SChan-h-SChan-interference_Eta-0-M-650-RelWidth-0p01_TuneCP5_13TeV_madgraph-pythia8	RunIISummer20UL16NanoAODv15-150X_mcRun2_asymptotic_v1-v1	NANOAODSIM	-	-	-	-	-
/HHto2B2G-SChan-h-SChan-interference_Eta-0-M-650-RelWidth-0p05_TuneCP5_13TeV_madgraph-pythia8/RunIISummer20UL16NanoAODv15-150X_mcRun2_asymptotic_v1-v1/NANOAODSIM	HHto2B2G-SChan-h-SChan-interference_Eta-0-M-650-RelWidth-0p05_TuneCP5_13TeV_madgraph-pythia8	RunIISummer20UL16NanoAODv15-150X_mcRun2_asymptotic_v1-v1	NANOAODSIM	-	-	-	-	-
/HHto2B2G-SChan-h-SChan-interference_Eta-0-M-650-RelWidth-0p3_TuneCP5_13TeV_madgraph-pythia8/RunIISummer20UL16NanoAODv15-150X_mcRun2_asymptotic_v1-v1/NANOAODSIM	HHto2B2G-SChan-h-SChan-interference_Eta-0-M-650-RelWidth-0p3_TuneCP5_13TeV_madgraph-pythia8	RunIISummer20UL16NanoAODv15-150X_mcRun2_asymptotic_v1-v1	NANOAODSIM	-	-	-	-	-
/HHto2B2G-SChan-h-SChan-interference_Eta-0-M-700-RelWidth-0p01_TuneCP5_13TeV_madgraph-pythia8/RunIISummer20UL16NanoAODv15-150X_mcRun2_asymptotic_v1-v1/NANOAODSIM	HHto2B2G-SChan-h-SChan-interference_Eta-0-M-700-RelWidth-0p01_TuneCP5_13TeV_madgraph-pythia8	RunIISummer20UL16NanoAODv15-150X_mcRun2_asymptotic_v1-v1	NANOAODSIM	-	-	-	-	-
/HHto2B2G-SChan-h-SChan-interference_Eta-0-M-700-RelWidth-0p05_TuneCP5_13TeV_madgraph-pythia8/RunIISummer20UL16NanoAODv15-150X_mcRun2_asymptotic_v1-v1/NANOAODSIM	HHto2B2G-SChan-h-SChan-interference_Eta-0-M-700-RelWidth-0p05_TuneCP5_13TeV_madgraph-pythia8	RunIISummer20UL16NanoAODv15-150X_mcRun2_asymptotic_v1-v1	NANOAODSIM	-	-	-	-	-
/HHto2B2G-SChan-h-SChan-interference_Eta-0-M-700-RelWidth-0p3_TuneCP5_13TeV_madgraph-pythia8/RunIISummer20UL16NanoAODv15-150X_mcRun2_asymptotic_v1-v1/NANOAODSIM	HHto2B2G-SChan-h-SChan-interference_Eta-0-M-700-RelWidth-0p3_TuneCP5_13TeV_madgraph-pythia8	RunIISummer20UL16NanoAODv15-150X_mcRun2_asymptotic_v1-v1	NANOAODSIM	-	-	-	-	-
/HHto2B2G-SChan-h-SChan-interference_Eta-0-M-750-RelWidth-0p01_TuneCP5_13TeV_madgraph-pythia8/RunIISummer20UL16NanoAODv15-150X_mcRun2_asymptotic_v1-v1/NANOAODSIM	HHto2B2G-SChan-h-SChan-interference_Eta-0-M-750-RelWidth-0p01_TuneCP5_13TeV_madgraph-pythia8	RunIISummer20UL16NanoAODv15-150X_mcRun2_asymptotic_v1-v1	NANOAODSIM	-	-	-	-	-
/HHto2B2G-SChan-h-SChan-interference_Eta-0-M-750-RelWidth-0p05_TuneCP5_13TeV_madgraph-pythia8/RunIISummer20UL16NanoAODv15-150X_mcRun2_asymptotic_v1-v1/NANOAODSIM	HHto2B2G-SChan-h-SChan-interference_Eta-0-M-750-RelWidth-0p05_TuneCP5_13TeV_madgraph-pythia8	RunIISummer20UL16NanoAODv15-150X_mcRun2_asymptotic_v1-v1	NANOAODSIM	-	-	-	-	-
/HHto2B2G-SChan-h-SChan-interference_Eta-0-M-750-RelWidth-0p3_TuneCP5_13TeV_madgraph-pythia8/RunIISummer20UL16NanoAODv15-150X_mcRun2_asymptotic_v1-v1/NANOAODSIM	HHto2B2G-SChan-h-SChan-interference_Eta-0-M-750-RelWidth-0p3_TuneCP5_13TeV_madgraph-pythia8	RunIISummer20UL16NanoAODv15-150X_mcRun2_asymptotic_v1-v1	NANOAODSIM	-	-	-	-	-
/HHto2B2G-SChan-h-SChan-interference_Eta-0-M-800-RelWidth-0p01_TuneCP5_13TeV_madgraph-pythia8/RunIISummer20UL16NanoAODv15-150X_mcRun2_asymptotic_v1-v1/NANOAODSIM	HHto2B2G-SChan-h-SChan-interference_Eta-0-M-800-RelWidth-0p01_TuneCP5_13TeV_madgraph-pythia8	RunIISummer20UL16NanoAODv15-150X_mcRun2_asymptotic_v1-v1	NANOAODSIM	-	-	-	-	-
/HHto2B2G-SChan-h-SChan-interference_Eta-0-M-800-RelWidth-0p05_TuneCP5_13TeV_madgraph-pythia8/RunIISummer20UL16NanoAODv15-150X_mcRun2_asymptotic_v1-v1/NANOAODSIM	HHto2B2G-SChan-h-SChan-interference_Eta-0-M-800-RelWidth-0p05_TuneCP5_13TeV_madgraph-pythia8	RunIISummer20UL16NanoAODv15-150X_mcRun2_asymptotic_v1-v1	NANOAODSIM	-	-	-	-	-
/HHto2B2G-SChan-h-SChan-interference_Eta-0-M-800-RelWidth-0p3_TuneCP5_13TeV_madgraph-pythia8/RunIISummer20UL16NanoAODv15-150X_mcRun2_asymptotic_v1-v1/NANOAODSIM	HHto2B2G-SChan-h-SChan-interference_Eta-0-M-800-RelWidth-0p3_TuneCP5_13TeV_madgraph-pythia8	RunIISummer20UL16NanoAODv15-150X_mcRun2_asymptotic_v1-v1	NANOAODSIM	-	-	-	-	-
/HHto2B2G-SChan-h-SChan-interference_Eta-0-M-850-RelWidth-0p01_TuneCP5_13TeV_madgraph-pythia8/RunIISummer20UL16NanoAODv15-150X_mcRun2_asymptotic_v1-v1/NANOAODSIM	HHto2B2G-SChan-h-SChan-interference_Eta-0-M-850-RelWidth-0p01_TuneCP5_13TeV_madgraph-pythia8	RunIISummer20UL16NanoAODv15-150X_mcRun2_asymptotic_v1-v1	NANOAODSIM	-	-	-	-	-
/HHto2B2G-SChan-h-SChan-interference_Eta-0-M-850-RelWidth-0p05_TuneCP5_13TeV_madgraph-pythia8/RunIISummer20UL16NanoAODv15-150X_mcRun2_asymptotic_v1-v1/NANOAODSIM	HHto2B2G-SChan-h-SChan-interference_Eta-0-M-850-RelWidth-0p05_TuneCP5_13TeV_madgraph-pythia8	RunIISummer20UL16NanoAODv15-150X_mcRun2_asymptotic_v1-v1	NANOAODSIM	-	-	-	-	-
/HHto2B2G-SChan-h-SChan-interference_Eta-0-M-850-RelWidth-0p3_TuneCP5_13TeV_madgraph-pythia8/RunIISummer20UL16NanoAODv15-150X_mcRun2_asymptotic_v1-v1/NANOAODSIM	HHto2B2G-SChan-h-SChan-interference_Eta-0-M-850-RelWidth-0p3_TuneCP5_13TeV_madgraph-pythia8	RunIISummer20UL16NanoAODv15-150X_mcRun2_asymptotic_v1-v1	NANOAODSIM	-	-	-	-	-
/HHto2B2G-SChan-h-SChan-interference_Eta-0-M-900-RelWidth-0p01_TuneCP5_13TeV_madgraph-pythia8/RunIISummer20UL16NanoAODv15-150X_mcRun2_asymptotic_v1-v1/NANOAODSIM	HHto2B2G-SChan-h-SChan-interference_Eta-0-M-900-RelWidth-0p01_TuneCP5_13TeV_madgraph-pythia8	RunIISummer20UL16NanoAODv15-150X_mcRun2_asymptotic_v1-v1	NANOAODSIM	-	-	-	-	-
/HHto2B2G-SChan-h-SChan-interference_Eta-0-M-900-RelWidth-0p05_TuneCP5_13TeV_madgraph-pythia8/RunIISummer20UL16NanoAODv15-150X_mcRun2_asymptotic_v1-v1/NANOAODSIM	HHto2B2G-SChan-h-SChan-interference_Eta-0-M-900-RelWidth-0p05_TuneCP5_13TeV_madgraph-pythia8	RunIISummer20UL16NanoAODv15-150X_mcRun2_asymptotic_v1-v1	NANOAODSIM	-	-	-	-	-
/HHto2B2G-SChan-h_TuneCP5_13TeV_madgraph-pythia8/RunIISummer20UL16NanoAODv15-150X_mcRun2_asymptotic_v1-v1/NANOAODSIM	HHto2B2G-SChan-h_TuneCP5_13TeV_madgraph-pythia8	RunIISummer20UL16NanoAODv15-150X_mcRun2_asymptotic_v1-v1	NANOAODSIM	-	-	-	-	-
/HPlusBottom_4FS_MuRFScaleDynX0p50_HToGG_M125_TuneCP5_13TeV_amcatnlo_pythia8/RunIISummer20UL16NanoAODv15-150X_mcRun2_asymptotic_v1-v1/NANOAODSIM	HPlusBottom_4FS_MuRFScaleDynX0p50_HToGG_M125_TuneCP5_13TeV_amcatnlo_pythia8	RunIISummer20UL16NanoAODv15-150X_mcRun2_asymptotic_v1-v1	NANOAODSIM	-	-	-	-	-
/HPlusBottom_5FS_MuRFScaleDynX0p50_HToGG_M125_TuneCP5_13TeV_amcatnloFXFX_pythia8/RunIISummer20UL16NanoAODv15-150X_mcRun2_asymptotic_v1-v1/NANOAODSIM	HPlusBottom_5FS_MuRFScaleDynX0p50_HToGG_M125_TuneCP5_13TeV_amcatnloFXFX_pythia8	RunIISummer20UL16NanoAODv15-150X_mcRun2_asymptotic_v1-v1	NANOAODSIM	-	-	-	-	-
/HPlusBottom_5FS_MuRFScaleDynX0p50_HToGG_M125_TuneCP5_13TeV_amcatnlo_pythia8/RunIISummer20UL16NanoAODv15-150X_mcRun2_asymptotic_v1-v1/NANOAODSIM	HPlusBottom_5FS_MuRFScaleDynX0p50_HToGG_M125_TuneCP5_13TeV_amcatnlo_pythia8	RunIISummer20UL16NanoAODv15-150X_mcRun2_asymptotic_v1-v1	NANOAODSIM	-	-	-	-	-
/HPlusCharm_3FS_MuRFScaleDynX0p50_HToGG_M125_TuneCP5_13TeV_amcatnlo_pythia8/RunIISummer20UL16NanoAODv15-150X_mcRun2_asymptotic_v1-v1/NANOAODSIM	HPlusCharm_3FS_MuRFScaleDynX0p50_HToGG_M125_TuneCP5_13TeV_amcatnlo_pythia8	RunIISummer20UL16NanoAODv15-150X_mcRun2_asymptotic_v1-v1	NANOAODSIM	-	-	-	-	-
/HPlusCharm_4FS_MuRFScaleDynX0p50_HToGG_M125_TuneCP5_13TeV_amcatnloFXFX_pythia8/RunIISummer20UL16NanoAODv15-150X_mcRun2_asymptotic_v1-v1/NANOAODSIM	HPlusCharm_4FS_MuRFScaleDynX0p50_HToGG_M125_TuneCP5_13TeV_amcatnloFXFX_pythia8	RunIISummer20UL16NanoAODv15-150X_mcRun2_asymptotic_v1-v1	NANOAODSIM	-	-	-	-	-
/HPlusCharm_4FS_MuRFScaleDynX0p50_HToGG_M125_TuneCP5_13TeV_amcatnlo_pythia8/RunIISummer20UL16NanoAODv15-150X_mcRun2_asymptotic_v1-v1/NANOAODSIM	HPlusCharm_4FS_MuRFScaleDynX0p50_HToGG_M125_TuneCP5_13TeV_amcatnlo_pythia8	RunIISummer20UL16NanoAODv15-150X_mcRun2_asymptotic_v1-v1	NANOAODSIM	-	-	-	-	-
/HZJ_HToWWTo2L2Nu_ZTo2L_M-125_TuneCP5_13TeV-powheg-jhugen727-pythia8/RunIISummer20UL16NanoAODv15-150X_mcRun2_asymptotic_v1-v1/NANOAODSIM	HZJ_HToWWTo2L2Nu_ZTo2L_M-125_TuneCP5_13TeV-powheg-jhugen727-pythia8	RunIISummer20UL16NanoAODv15-150X_mcRun2_asymptotic_v1-v1	NANOAODSIM	-	-	-	-	-
/JpsiToMuMu_JpsiPt8_TuneCP5_13TeV-pythia8/RunIISummer20UL16NanoAODv15-150X_mcRun2_asymptotic_v1-v1/NANOAODSIM	JpsiToMuMu_JpsiPt8_TuneCP5_13TeV-pythia8	RunIISummer20UL16NanoAODv15-150X_mcRun2_asymptotic_v1-v1	NANOAODSIM	-	-	-	-	-
/LLWA_WToLNu_4FS_TuneCP5_13TeV-amcatnlo-pythia8/RunIISummer20UL16NanoAODv15-150X_mcRun2_asymptotic_v1-v1/NANOAODSIM	LLWA_WToLNu_4FS_TuneCP5_13TeV-amcatnlo-pythia8	RunIISummer20UL16NanoAODv15-150X_mcRun2_asymptotic_v1-v1	NANOAODSIM	-	-	-	-	-
/LNuAJJ_EWK_MJJ-120_13TeV-sherpa/RunIISummer20UL16NanoAODv15-150X_mcRun2_asymptotic_v1-v1/NANOAODSIM	LNuAJJ_EWK_MJJ-120_13TeV-sherpa	RunIISummer20UL16NanoAODv15-150X_mcRun2_asymptotic_v1-v1	NANOAODSIM	-	-	-	-	-
/LNuGJJ_EWKnotop_MJJ-120_TuneCP5_13TeV-madgraph-pythia8/RunIISummer20UL16NanoAODv15-150X_mcRun2_asymptotic_v1-v1/NANOAODSIM	LNuGJJ_EWKnotop_MJJ-120_TuneCP5_13TeV-madgraph-pythia8	RunIISummer20UL16NanoAODv15-150X_mcRun2_asymptotic_v1-v1	NANOAODSIM	-	-	-	-	-
/NMSSM_XToYH_HTo2T_YTo2WTo4Q_MX_1000_MY_100_TuneCP5_13TeV-madgraph-pythia8/RunIISummer20UL16NanoAODv15-150X_mcRun2_asymptotic_v1-v1/NANOAODSIM	NMSSM_XToYH_HTo2T_YTo2WTo4Q_MX_1000_MY_100_TuneCP5_13TeV-madgraph-pythia8	RunIISummer20UL16NanoAODv15-150X_mcRun2_asymptotic_v1-v1	NANOAODSIM	-	-	-	-	-
/NMSSM_XToYH_HTo2T_YTo2WTo4Q_MX_1000_MY_125_TuneCP5_13TeV-madgraph-pythia8/RunIISummer20UL16NanoAODv15-150X_mcRun2_asymptotic_v1-v1/NANOAODSIM	NMSSM_XToYH_HTo2T_YTo2WTo4Q_MX_1000_MY_125_TuneCP5_13TeV-madgraph-pythia8	RunIISummer20UL16NanoAODv15-150X_mcRun2_asymptotic_v1-v1	NANOAODSIM	-	-	-	-	-
/NMSSM_XToYH_HTo2T_YTo2WTo4Q_MX_1000_MY_150_TuneCP5_13TeV-madgraph-pythia8/RunIISummer20UL16NanoAODv15-150X_mcRun2_asymptotic_v1-v1/NANOAODSIM	NMSSM_XToYH_HTo2T_YTo2WTo4Q_MX_1000_MY_150_TuneCP5_13TeV-madgraph-pythia8	RunIISummer20UL16NanoAODv15-150X_mcRun2_asymptotic_v1-v1	NANOAODSIM	-	-	-	-	-
/NMSSM_XToYH_HTo2T_YTo2WTo4Q_MX_1000_MY_200_TuneCP5_13TeV-madgraph-pythia8/RunIISummer20UL16NanoAODv15-150X_mcRun2_asymptotic_v1-v1/NANOAODSIM	NMSSM_XToYH_HTo2T_YTo2WTo4Q_MX_1000_MY_200_TuneCP5_13TeV-madgraph-pythia8	RunIISummer20UL16NanoAODv15-150X_mcRun2_asymptotic_v1-v1	NANOAODSIM	-	-	-	-	-
/NMSSM_XToYH_HTo2T_YTo2WTo4Q_MX_1000_MY_300_TuneCP5_13TeV-madgraph-pythia8/RunIISummer20UL16NanoAODv15-150X_mcRun2_asymptotic_v1-v1/NANOAODSIM	NMSSM_XToYH_HTo2T_YTo2WTo4Q_MX_1000_MY_300_TuneCP5_13TeV-madgraph-pythia8	RunIISummer20UL16NanoAODv15-150X_mcRun2_asymptotic_v1-v1	NANOAODSIM	-	-	-	-	-
/NMSSM_XToYH_HTo2T_YTo2WTo4Q_MX_1000_MY_400_TuneCP5_13TeV-madgraph-pythia8/RunIISummer20UL16NanoAODv15-150X_mcRun2_asymptotic_v1-v1/NANOAODSIM	NMSSM_XToYH_HTo2T_YTo2WTo4Q_MX_1000_MY_400_TuneCP5_13TeV-madgraph-pythia8	RunIISummer20UL16NanoAODv15-150X_mcRun2_asymptotic_v1-v1	NANOAODSIM	-	-	-	-	-
/NMSSM_XToYH_HTo2T_YTo2WTo4Q_MX_1000_MY_500_TuneCP5_13TeV-madgraph-pythia8/RunIISummer20UL16NanoAODv15-150X_mcRun2_asymptotic_v1-v1/NANOAODSIM	NMSSM_XToYH_HTo2T_YTo2WTo4Q_MX_1000_MY_500_TuneCP5_13TeV-madgraph-pythia8	RunIISummer20UL16NanoAODv15-150X_mcRun2_asymptotic_v1-v1	NANOAODSIM	-	-	-	-	-
/NMSSM_XToYH_HTo2T_YTo2WTo4Q_MX_1000_MY_600_TuneCP5_13TeV-madgraph-pythia8/RunIISummer20UL16NanoAODv15-150X_mcRun2_asymptotic_v1-v1/NANOAODSIM	NMSSM_XToYH_HTo2T_YTo2WTo4Q_MX_1000_MY_600_TuneCP5_13TeV-madgraph-pythia8	RunIISummer20UL16NanoAODv15-150X_mcRun2_asymptotic_v1-v1	NANOAODSIM	-	-	-	-	-
/NMSSM_XToYH_HTo2T_YTo2WTo4Q_MX_1000_MY_60_TuneCP5_13TeV-madgraph-pythia8/RunIISummer20UL16NanoAODv15-150X_mcRun2_asymptotic_v1-v1/NANOAODSIM	NMSSM_XToYH_HTo2T_YTo2WTo4Q_MX_1000_MY_60_TuneCP5_13TeV-madgraph-pythia8	RunIISummer20UL16NanoAODv15-150X_mcRun2_asymptotic_v1-v1	NANOAODSIM	-	-	-	-	-
/NMSSM_XToYH_HTo2T_YTo2WTo4Q_MX_1000_MY_70_TuneCP5_13TeV-madgraph-pythia8/RunIISummer20UL16NanoAODv15-150X_mcRun2_asymptotic_v1-v1/NANOAODSIM	NMSSM_XToYH_HTo2T_YTo2WTo4Q_MX_1000_MY_70_TuneCP5_13TeV-madgraph-pythia8	RunIISummer20UL16NanoAODv15-150X_mcRun2_asymptotic_v1-v1	NANOAODSIM	-	-	-	-	-
/NMSSM_XToYH_HTo2T_YTo2WTo4Q_MX_1000_MY_800_TuneCP5_13TeV-madgraph-pythia8/RunIISummer20UL16NanoAODv15-150X_mcRun2_asymptotic_v1-v1/NANOAODSIM	NMSSM_XToYH_HTo2T_YTo2WTo4Q_MX_1000_MY_800_TuneCP5_13TeV-madgraph-pythia8	RunIISummer20UL16NanoAODv15-150X_mcRun2_asymptotic_v1-v1	NANOAODSIM	-	-	-	-	-
/NMSSM_XToYH_HTo2T_YTo2WTo4Q_MX_1000_MY_80_TuneCP5_13TeV-madgraph-pythia8/RunIISummer20UL16NanoAODv15-150X_mcRun2_asymptotic_v1-v1/NANOAODSIM	NMSSM_XToYH_HTo2T_YTo2WTo4Q_MX_1000_MY_80_TuneCP5_13TeV-madgraph-pythia8	RunIISummer20UL16NanoAODv15-150X_mcRun2_asymptotic_v1-v1	NANOAODSIM	-	-	-	-	-
/NMSSM_XToYH_HTo2T_YTo2WTo4Q_MX_1000_MY_90_TuneCP5_13TeV-madgraph-pythia8/RunIISummer20UL16NanoAODv15-150X_mcRun2_asymptotic_v1-v1/NANOAODSIM	NMSSM_XToYH_HTo2T_YTo2WTo4Q_MX_1000_MY_90_TuneCP5_13TeV-madgraph-pythia8	RunIISummer20UL16NanoAODv15-150X_mcRun2_asymptotic_v1-v1	NANOAODSIM	-	-	-	-	-
/NMSSM_XToYH_HTo2T_YTo2WTo4Q_MX_1000_MY_95_TuneCP5_13TeV-madgraph-pythia8/RunIISummer20UL16NanoAODv15-150X_mcRun2_asymptotic_v1-v1/NANOAODSIM	NMSSM_XToYH_HTo2T_YTo2WTo4Q_MX_1000_MY_95_TuneCP5_13TeV-madgraph-pythia8	RunIISummer20UL16NanoAODv15-150X_mcRun2_asymptotic_v1-v1	NANOAODSIM	-	-	-	-	-
/NMSSM_XToYH_HTo2T_YTo2WTo4Q_MX_1200_MY_1000_TuneCP5_13TeV-madgraph-pythia8/RunIISummer20UL16NanoAODv15-150X_mcRun2_asymptotic_v1-v1/NANOAODSIM	NMSSM_XToYH_HTo2T_YTo2WTo4Q_MX_1200_MY_1000_TuneCP5_13TeV-madgraph-pythia8	RunIISummer20UL16NanoAODv15-150X_mcRun2_asymptotic_v1-v1	NANOAODSIM	-	-	-	-	-
/NMSSM_XToYH_HTo2T_YTo2WTo4Q_MX_1200_MY_100_TuneCP5_13TeV-madgraph-pythia8/RunIISummer20UL16NanoAODv15-150X_mcRun2_asymptotic_v1-v1/NANOAODSIM	NMSSM_XToYH_HTo2T_YTo2WTo4Q_MX_1200_MY_100_TuneCP5_13TeV-madgraph-pythia8	RunIISummer20UL16NanoAODv15-150X_mcRun2_asymptotic_v1-v1	NANOAODSIM	-	-	-	-	-
/NMSSM_XToYH_HTo2T_YTo2WTo4Q_MX_1200_MY_125_TuneCP5_13TeV-madgraph-pythia8/RunIISummer20UL16NanoAODv15-150X_mcRun2_asymptotic_v1-v1/NANOAODSIM	NMSSM_XToYH_HTo2T_YTo2WTo4Q_MX_1200_MY_125_TuneCP5_13TeV-madgraph-pythia8	RunIISummer20UL16NanoAODv15-150X_mcRun2_asymptotic_v1-v1	NANOAODSIM	-	-	-	-	-
/NMSSM_XToYH_HTo2T_YTo2WTo4Q_MX_1200_MY_150_TuneCP5_13TeV-madgraph-pythia8/RunIISummer20UL16NanoAODv15-150X_mcRun2_asymptotic_v1-v1/NANOAODSIM	NMSSM_XToYH_HTo2T_YTo2WTo4Q_MX_1200_MY_150_TuneCP5_13TeV-madgraph-pythia8	RunIISummer20UL16NanoAODv15-150X_mcRun2_asymptotic_v1-v1	NANOAODSIM	-	-	-	-	-
/NMSSM_XToYH_HTo2T_YTo2WTo4Q_MX_1200_MY_200_TuneCP5_13TeV-madgraph-pythia8/RunIISummer20UL16NanoAODv15-150X_mcRun2_asymptotic_v1-v1/NANOAODSIM	NMSSM_XToYH_HTo2T_YTo2WTo4Q_MX_1200_MY_200_TuneCP5_13TeV-madgraph-pythia8	RunIISummer20UL16NanoAODv15-150X_mcRun2_asymptotic_v1-v1	NANOAODSIM	-	-	-	-	-
/NMSSM_XToYH_HTo2T_YTo2WTo4Q_MX_1200_MY_300_TuneCP5_13TeV-madgraph-pythia8/RunIISummer20UL16NanoAODv15-150X_mcRun2_asymptotic_v1-v1/NANOAODSIM	NMSSM_XToYH_HTo2T_YTo2WTo4Q_MX_1200_MY_300_TuneCP5_13TeV-madgraph-pythia8	RunIISummer20UL16NanoAODv15-150X_mcRun2_asymptotic_v1-v1	NANOAODSIM	-	-	-	-	-
/NMSSM_XToYH_HTo2T_YTo2WTo4Q_MX_1200_MY_400_TuneCP5_13TeV-madgraph-pythia8/RunIISummer20UL16NanoAODv15-150X_mcRun2_asymptotic_v1-v1/NANOAODSIM	NMSSM_XToYH_HTo2T_YTo2WTo4Q_MX_1200_MY_400_TuneCP5_13TeV-madgraph-pythia8	RunIISummer20UL16NanoAODv15-150X_mcRun2_asymptotic_v1-v1	NANOAODSIM	-	-	-	-	-
/NMSSM_XToYH_HTo2T_YTo2WTo4Q_MX_1200_MY_500_TuneCP5_13TeV-madgraph-pythia8/RunIISummer20UL16NanoAODv15-150X_mcRun2_asymptotic_v1-v1/NANOAODSIM	NMSSM_XToYH_HTo2T_YTo2WTo4Q_MX_1200_MY_500_TuneCP5_13TeV-madgraph-pythia8	RunIISummer20UL16NanoAODv15-150X_mcRun2_asymptotic_v1-v1	NANOAODSIM	-	-	-	-	-
/NMSSM_XToYH_HTo2T_YTo2WTo4Q_MX_1200_MY_600_TuneCP5_13TeV-madgraph-pythia8/RunIISummer20UL16NanoAODv15-150X_mcRun2_asymptotic_v1-v1/NANOAODSIM	NMSSM_XToYH_HTo2T_YTo2WTo4Q_MX_1200_MY_600_TuneCP5_13TeV-madgraph-pythia8	RunIISummer20UL16NanoAODv15-150X_mcRun2_asymptotic_v1-v1	NANOAODSIM	-	-	-	-	-
/NMSSM_XToYH_HTo2T_YTo2WTo4Q_MX_1200_MY_60_TuneCP5_13TeV-madgraph-pythia8/RunIISummer20UL16NanoAODv15-150X_mcRun2_asymptotic_v1-v1/NANOAODSIM	NMSSM_XToYH_HTo2T_YTo2WTo4Q_MX_1200_MY_60_TuneCP5_13TeV-madgraph-pythia8	RunIISummer20UL16NanoAODv15-150X_mcRun2_asymptotic_v1-v1	NANOAODSIM	-	-	-	-	-
/NMSSM_XToYH_HTo2T_YTo2WTo4Q_MX_1200_MY_70_TuneCP5_13TeV-madgraph-pythia8/RunIISummer20UL16NanoAODv15-150X_mcRun2_asymptotic_v1-v1/NANOAODSIM	NMSSM_XToYH_HTo2T_YTo2WTo4Q_MX_1200_MY_70_TuneCP5_13TeV-madgraph-pythia8	RunIISummer20UL16NanoAODv15-150X_mcRun2_asymptotic_v1-v1	NANOAODSIM	-	-	-	-	-
/NMSSM_XToYH_HTo2T_YTo2WTo4Q_MX_1200_MY_800_TuneCP5_13TeV-madgraph-pythia8/RunIISummer20UL16NanoAODv15-150X_mcRun2_asymptotic_v1-v1/NANOAODSIM	NMSSM_XToYH_HTo2T_YTo2WTo4Q_MX_1200_MY_800_TuneCP5_13TeV-madgraph-pythia8	RunIISummer20UL16NanoAODv15-150X_mcRun2_asymptotic_v1-v1	NANOAODSIM	-	-	-	-	-
/NMSSM_XToYH_HTo2T_YTo2WTo4Q_MX_1200_MY_80_TuneCP5_13TeV-madgraph-pythia8/RunIISummer20UL16NanoAODv15-150X_mcRun2_asymptotic_v1-v1/NANOAODSIM	NMSSM_XToYH_HTo2T_YTo2WTo4Q_MX_1200_MY_80_TuneCP5_13TeV-madgraph-pythia8	RunIISummer20UL16NanoAODv15-150X_mcRun2_asymptotic_v1-v1	NANOAODSIM	-	-	-	-	-
/NMSSM_XToYH_HTo2T_YTo2WTo4Q_MX_1200_MY_90_TuneCP5_13TeV-madgraph-pythia8/RunIISummer20UL16NanoAODv15-150X_mcRun2_asymptotic_v1-v1/NANOAODSIM	NMSSM_XToYH_HTo2T_YTo2WTo4Q_MX_1200_MY_90_TuneCP5_13TeV-madgraph-pythia8	RunIISummer20UL16NanoAODv15-150X_mcRun2_asymptotic_v1-v1	NANOAODSIM	-	-	-	-	-
/NMSSM_XToYH_HTo2T_YTo2WTo4Q_MX_1200_MY_95_TuneCP5_13TeV-madgraph-pythia8/RunIISummer20UL16NanoAODv15-150X_mcRun2_asymptotic_v1-v1/NANOAODSIM	NMSSM_XToYH_HTo2T_YTo2WTo4Q_MX_1200_MY_95_TuneCP5_13TeV-madgraph-pythia8	RunIISummer20UL16NanoAODv15-150X_mcRun2_asymptotic_v1-v1	NANOAODSIM	-	-	-	-	-
/NMSSM_XToYH_HTo2T_YTo2WTo4Q_MX_1400_MY_1000_TuneCP5_13TeV-madgraph-pythia8/RunIISummer20UL16NanoAODv15-150X_mcRun2_asymptotic_v1-v1/NANOAODSIM	NMSSM_XToYH_HTo2T_YTo2WTo4Q_MX_1400_MY_1000_TuneCP5_13TeV-madgraph-pythia8	RunIISummer20UL16NanoAODv15-150X_mcRun2_asymptotic_v1-v1	NANOAODSIM	-	-	-	-	-
/NMSSM_XToYH_HTo2T_YTo2WTo4Q_MX_1400_MY_100_TuneCP5_13TeV-madgraph-pythia8/RunIISummer20UL16NanoAODv15-150X_mcRun2_asymptotic_v1-v1/NANOAODSIM	NMSSM_XToYH_HTo2T_YTo2WTo4Q_MX_1400_MY_100_TuneCP5_13TeV-madgraph-pythia8	RunIISummer20UL16NanoAODv15-150X_mcRun2_asymptotic_v1-v1	NANOAODSIM	-	-	-	-	-
/NMSSM_XToYH_HTo2T_YTo2WTo4Q_MX_1400_MY_1200_TuneCP5_13TeV-madgraph-pythia8/RunIISummer20UL16NanoAODv15-150X_mcRun2_asymptotic_v1-v1/NANOAODSIM	NMSSM_XToYH_HTo2T_YTo2WTo4Q_MX_1400_MY_1200_TuneCP5_13TeV-madgraph-pythia8	RunIISummer20UL16NanoAODv15-150X_mcRun2_asymptotic_v1-v1	NANOAODSIM	-	-	-	-	-
/NMSSM_XToYH_HTo2T_YTo2WTo4Q_MX_1400_MY_125_TuneCP5_13TeV-madgraph-pythia8/RunIISummer20UL16NanoAODv15-150X_mcRun2_asymptotic_v1-v1/NANOAODSIM	NMSSM_XToYH_HTo2T_YTo2WTo4Q_MX_1400_MY_125_TuneCP5_13TeV-madgraph-pythia8	RunIISummer20UL16NanoAODv15-150X_mcRun2_asymptotic_v1-v1	NANOAODSIM	-	-	-	-	-
/NMSSM_XToYH_HTo2T_YTo2WTo4Q_MX_1400_MY_150_TuneCP5_13TeV-madgraph-pythia8/RunIISummer20UL16NanoAODv15-150X_mcRun2_asymptotic_v1-v1/NANOAODSIM	NMSSM_XToYH_HTo2T_YTo2WTo4Q_MX_1400_MY_150_TuneCP5_13TeV-madgraph-pythia8	RunIISummer20UL16NanoAODv15-150X_mcRun2_asymptotic_v1-v1	NANOAODSIM	-	-	-	-	-
/NMSSM_XToYH_HTo2T_YTo2WTo4Q_MX_1400_MY_200_TuneCP5_13TeV-madgraph-pythia8/RunIISummer20UL16NanoAODv15-150X_mcRun2_asymptotic_v1-v1/NANOAODSIM	NMSSM_XToYH_HTo2T_YTo2WTo4Q_MX_1400_MY_200_TuneCP5_13TeV-madgraph-pythia8	RunIISummer20UL16NanoAODv15-150X_mcRun2_asymptotic_v1-v1	NANOAODSIM	-	-	-	-	-
/NMSSM_XToYH_HTo2T_YTo2WTo4Q_MX_1400_MY_300_TuneCP5_13TeV-madgraph-pythia8/RunIISummer20UL16NanoAODv15-150X_mcRun2_asymptotic_v1-v1/NANOAODSIM	NMSSM_XToYH_HTo2T_YTo2WTo4Q_MX_1400_MY_300_TuneCP5_13TeV-madgraph-pythia8	RunIISummer20UL16NanoAODv15-150X_mcRun2_asymptotic_v1-v1	NANOAODSIM	-	-	-	-	-
/NMSSM_XToYH_HTo2T_YTo2WTo4Q_MX_1400_MY_400_TuneCP5_13TeV-madgraph-pythia8/RunIISummer20UL16NanoAODv15-150X_mcRun2_asymptotic_v1-v1/NANOAODSIM	NMSSM_XToYH_HTo2T_YTo2WTo4Q_MX_1400_MY_400_TuneCP5_13TeV-madgraph-pythia8	RunIISummer20UL16NanoAODv15-150X_mcRun2_asymptotic_v1-v1	NANOAODSIM	-	-	-	-	-
/NMSSM_XToYH_HTo2T_YTo2WTo4Q_MX_1400_MY_500_TuneCP5_13TeV-madgraph-pythia8/RunIISummer20UL16NanoAODv15-150X_mcRun2_asymptotic_v1-v1/NANOAODSIM	NMSSM_XToYH_HTo2T_YTo2WTo4Q_MX_1400_MY_500_TuneCP5_13TeV-madgraph-pythia8	RunIISummer20UL16NanoAODv15-150X_mcRun2_asymptotic_v1-v1	NANOAODSIM	-	-	-	-	-
/NMSSM_XToYH_HTo2T_YTo2WTo4Q_MX_1400_MY_600_TuneCP5_13TeV-madgraph-pythia8/RunIISummer20UL16NanoAODv15-150X_mcRun2_asymptotic_v1-v1/NANOAODSIM	NMSSM_XToYH_HTo2T_YTo2WTo4Q_MX_1400_MY_600_TuneCP5_13TeV-madgraph-pythia8	RunIISummer20UL16NanoAODv15-150X_mcRun2_asymptotic_v1-v1	NANOAODSIM	-	-	-	-	-
/NMSSM_XToYH_HTo2T_YTo2WTo4Q_MX_1400_MY_60_TuneCP5_13TeV-madgraph-pythia8/RunIISummer20UL16NanoAODv15-150X_mcRun2_asymptotic_v1-v1/NANOAODSIM	NMSSM_XToYH_HTo2T_YTo2WTo4Q_MX_1400_MY_60_TuneCP5_13TeV-madgraph-pythia8	RunIISummer20UL16NanoAODv15-150X_mcRun2_asymptotic_v1-v1	NANOAODSIM	-	-	-	-	-
/NMSSM_XToYH_HTo2T_YTo2WTo4Q_MX_1400_MY_70_TuneCP5_13TeV-madgraph-pythia8/RunIISummer20UL16NanoAODv15-150X_mcRun2_asymptotic_v1-v1/NANOAODSIM	NMSSM_XToYH_HTo2T_YTo2WTo4Q_MX_1400_MY_70_TuneCP5_13TeV-madgraph-pythia8	RunIISummer20UL16NanoAODv15-150X_mcRun2_asymptotic_v1-v1	NANOAODSIM	-	-	-	-	-
/NMSSM_XToYH_HTo2T_YTo2WTo4Q_MX_1400_MY_800_TuneCP5_13TeV-madgraph-pythia8/RunIISummer20UL16NanoAODv15-150X_mcRun2_asymptotic_v1-v1/NANOAODSIM	NMSSM_XToYH_HTo2T_YTo2WTo4Q_MX_1400_MY_800_TuneCP5_13TeV-madgraph-pythia8	RunIISummer20UL16NanoAODv15-150X_mcRun2_asymptotic_v1-v1	NANOAODSIM	-	-	-	-	-
/NMSSM_XToYH_HTo2T_YTo2WTo4Q_MX_1400_MY_80_TuneCP5_13TeV-madgraph-pythia8/RunIISummer20UL16NanoAODv15-150X_mcRun2_asymptotic_v1-v1/NANOAODSIM	NMSSM_XToYH_HTo2T_YTo2WTo4Q_MX_1400_MY_80_TuneCP5_13TeV-madgraph-pythia8	RunIISummer20UL16NanoAODv15-150X_mcRun2_asymptotic_v1-v1	NANOAODSIM	-	-	-	-	-
/NMSSM_XToYH_HTo2T_YTo2WTo4Q_MX_1400_MY_90_TuneCP5_13TeV-madgraph-pythia8/RunIISummer20UL16NanoAODv15-150X_mcRun2_asymptotic_v1-v1/NANOAODSIM	NMSSM_XToYH_HTo2T_YTo2WTo4Q_MX_1400_MY_90_TuneCP5_13TeV-madgraph-pythia8	RunIISummer20UL16NanoAODv15-150X_mcRun2_asymptotic_v1-v1	NANOAODSIM	-	-	-	-	-
/NMSSM_XToYH_HTo2T_YTo2WTo4Q_MX_1400_MY_95_TuneCP5_13TeV-madgraph-pythia8/RunIISummer20UL16NanoAODv15-150X_mcRun2_asymptotic_v1-v1/NANOAODSIM	NMSSM_XToYH_HTo2T_YTo2WTo4Q_MX_1400_MY_95_TuneCP5_13TeV-madgraph-pythia8	RunIISummer20UL16NanoAODv15-150X_mcRun2_asymptotic_v1-v1	NANOAODSIM	-	-	-	-	-
/NMSSM_XToYH_HTo2T_YTo2WTo4Q_MX_1600_MY_1000_TuneCP5_13TeV-madgraph-pythia8/RunIISummer20UL16NanoAODv15-150X_mcRun2_asymptotic_v1-v1/NANOAODSIM	NMSSM_XToYH_HTo2T_YTo2WTo4Q_MX_1600_MY_1000_TuneCP5_13TeV-madgraph-pythia8	RunIISummer20UL16NanoAODv15-150X_mcRun2_asymptotic_v1-v1	NANOAODSIM	-	-	-	-	-
/NMSSM_XToYH_HTo2T_YTo2WTo4Q_MX_1600_MY_100_TuneCP5_13TeV-madgraph-pythia8/RunIISummer20UL16NanoAODv15-150X_mcRun2_asymptotic_v1-v1/NANOAODSIM	NMSSM_XToYH_HTo2T_YTo2WTo4Q_MX_1600_MY_100_TuneCP5_13TeV-madgraph-pythia8	RunIISummer20UL16NanoAODv15-150X_mcRun2_asymptotic_v1-v1	NANOAODSIM	-	-	-	-	-
/NMSSM_XToYH_HTo2T_YTo2WTo4Q_MX_1600_MY_1200_TuneCP5_13TeV-madgraph-pythia8/RunIISummer20UL16NanoAODv15-150X_mcRun2_asymptotic_v1-v1/NANOAODSIM	NMSSM_XToYH_HTo2T_YTo2WTo4Q_MX_1600_MY_1200_TuneCP5_13TeV-madgraph-pythia8	RunIISummer20UL16NanoAODv15-150X_mcRun2_asymptotic_v1-v1	NANOAODSIM	-	-	-	-	-
/NMSSM_XToYH_HTo2T_YTo2WTo4Q_MX_1600_MY_125_TuneCP5_13TeV-madgraph-pythia8/RunIISummer20UL16NanoAODv15-150X_mcRun2_asymptotic_v1-v1/NANOAODSIM	NMSSM_XToYH_HTo2T_YTo2WTo4Q_MX_1600_MY_125_TuneCP5_13TeV-madgraph-pythia8	RunIISummer20UL16NanoAODv15-150X_mcRun2_asymptotic_v1-v1	NANOAODSIM	-	-	-	-	-
/NMSSM_XToYH_HTo2T_YTo2WTo4Q_MX_1600_MY_1400_TuneCP5_13TeV-madgraph-pythia8/RunIISummer20UL16NanoAODv15-150X_mcRun2_asymptotic_v1-v1/NANOAODSIM	NMSSM_XToYH_HTo2T_YTo2WTo4Q_MX_1600_MY_1400_TuneCP5_13TeV-madgraph-pythia8	RunIISummer20UL16NanoAODv15-150X_mcRun2_asymptotic_v1-v1	NANOAODSIM	-	-	-	-	-
/NMSSM_XToYH_HTo2T_YTo2WTo4Q_MX_1600_MY_150_TuneCP5_13TeV-madgraph-pythia8/RunIISummer20UL16NanoAODv15-150X_mcRun2_asymptotic_v1-v1/NANOAODSIM	NMSSM_XToYH_HTo2T_YTo2WTo4Q_MX_1600_MY_150_TuneCP5_13TeV-madgraph-pythia8	RunIISummer20UL16NanoAODv15-150X_mcRun2_asymptotic_v1-v1	NANOAODSIM	-	-	-	-	-
/NMSSM_XToYH_HTo2T_YTo2WTo4Q_MX_1600_MY_200_TuneCP5_13TeV-madgraph-pythia8/RunIISummer20UL16NanoAODv15-150X_mcRun2_asymptotic_v1-v1/NANOAODSIM	NMSSM_XToYH_HTo2T_YTo2WTo4Q_MX_1600_MY_200_TuneCP5_13TeV-madgraph-pythia8	RunIISummer20UL16NanoAODv15-150X_mcRun2_asymptotic_v1-v1	NANOAODSIM	-	-	-	-	-
/NMSSM_XToYH_HTo2T_YTo2WTo4Q_MX_1600_MY_300_TuneCP5_13TeV-madgraph-pythia8/RunIISummer20UL16NanoAODv15-150X_mcRun2_asymptotic_v1-v1/NANOAODSIM	NMSSM_XToYH_HTo2T_YTo2WTo4Q_MX_1600_MY_300_TuneCP5_13TeV-madgraph-pythia8	RunIISummer20UL16NanoAODv15-150X_mcRun2_asymptotic_v1-v1	NANOAODSIM	-	-	-	-	-
/NMSSM_XToYH_HTo2T_YTo2WTo4Q_MX_1600_MY_400_TuneCP5_13TeV-madgraph-pythia8/RunIISummer20UL16NanoAODv15-150X_mcRun2_asymptotic_v1-v1/NANOAODSIM	NMSSM_XToYH_HTo2T_YTo2WTo4Q_MX_1600_MY_400_TuneCP5_13TeV-madgraph-pythia8	RunIISummer20UL16NanoAODv15-150X_mcRun2_asymptotic_v1-v1	NANOAODSIM	-	-	-	-	-
/NMSSM_XToYH_HTo2T_YTo2WTo4Q_MX_1600_MY_500_TuneCP5_13TeV-madgraph-pythia8/RunIISummer20UL16NanoAODv15-150X_mcRun2_asymptotic_v1-v1/NANOAODSIM	NMSSM_XToYH_HTo2T_YTo2WTo4Q_MX_1600_MY_500_TuneCP5_13TeV-madgraph-pythia8	RunIISummer20UL16NanoAODv15-150X_mcRun2_asymptotic_v1-v1	NANOAODSIM	-	-	-	-	-
/NMSSM_XToYH_HTo2T_YTo2WTo4Q_MX_1600_MY_600_TuneCP5_13TeV-madgraph-pythia8/RunIISummer20UL16NanoAODv15-150X_mcRun2_asymptotic_v1-v1/NANOAODSIM	NMSSM_XToYH_HTo2T_YTo2WTo4Q_MX_1600_MY_600_TuneCP5_13TeV-madgraph-pythia8	RunIISummer20UL16NanoAODv15-150X_mcRun2_asymptotic_v1-v1	NANOAODSIM	-	-	-	-	-
/NMSSM_XToYH_HTo2T_YTo2WTo4Q_MX_1600_MY_60_TuneCP5_13TeV-madgraph-pythia8/RunIISummer20UL16NanoAODv15-150X_mcRun2_asymptotic_v1-v1/NANOAODSIM	NMSSM_XToYH_HTo2T_YTo2WTo4Q_MX_1600_MY_60_TuneCP5_13TeV-madgraph-pythia8	RunIISummer20UL16NanoAODv15-150X_mcRun2_asymptotic_v1-v1	NANOAODSIM	-	-	-	-	-
/NMSSM_XToYH_HTo2T_YTo2WTo4Q_MX_1600_MY_70_TuneCP5_13TeV-madgraph-pythia8/RunIISummer20UL16NanoAODv15-150X_mcRun2_asymptotic_v1-v1/NANOAODSIM	NMSSM_XToYH_HTo2T_YTo2WTo4Q_MX_1600_MY_70_TuneCP5_13TeV-madgraph-pythia8	RunIISummer20UL16NanoAODv15-150X_mcRun2_asymptotic_v1-v1	NANOAODSIM	-	-	-	-	-
/NMSSM_XToYH_HTo2T_YTo2WTo4Q_MX_1600_MY_800_TuneCP5_13TeV-madgraph-pythia8/RunIISummer20UL16NanoAODv15-150X_mcRun2_asymptotic_v1-v1/NANOAODSIM	NMSSM_XToYH_HTo2T_YTo2WTo4Q_MX_1600_MY_800_TuneCP5_13TeV-madgraph-pythia8	RunIISummer20UL16NanoAODv15-150X_mcRun2_asymptotic_v1-v1	NANOAODSIM	-	-	-	-	-
/NMSSM_XToYH_HTo2T_YTo2WTo4Q_MX_1600_MY_80_TuneCP5_13TeV-madgraph-pythia8/RunIISummer20UL16NanoAODv15-150X_mcRun2_asymptotic_v1-v1/NANOAODSIM	NMSSM_XToYH_HTo2T_YTo2WTo4Q_MX_1600_MY_80_TuneCP5_13TeV-madgraph-pythia8	RunIISummer20UL16NanoAODv15-150X_mcRun2_asymptotic_v1-v1	NANOAODSIM	-	-	-	-	-
/NMSSM_XToYH_HTo2T_YTo2WTo4Q_MX_1600_MY_90_TuneCP5_13TeV-madgraph-pythia8/RunIISummer20UL16NanoAODv15-150X_mcRun2_asymptotic_v1-v1/NANOAODSIM	NMSSM_XToYH_HTo2T_YTo2WTo4Q_MX_1600_MY_90_TuneCP5_13TeV-madgraph-pythia8	RunIISummer20UL16NanoAODv15-150X_mcRun2_asymptotic_v1-v1	NANOAODSIM	-	-	-	-	-
/NMSSM_XToYH_HTo2T_YTo2WTo4Q_MX_1600_MY_95_TuneCP5_13TeV-madgraph-pythia8/RunIISummer20UL16NanoAODv15-150X_mcRun2_asymptotic_v1-v1/NANOAODSIM	NMSSM_XToYH_HTo2T_YTo2WTo4Q_MX_1600_MY_95_TuneCP5_13TeV-madgraph-pythia8	RunIISummer20UL16NanoAODv15-150X_mcRun2_asymptotic_v1-v1	NANOAODSIM	-	-	-	-	-
/NMSSM_XToYH_HTo2T_YTo2WTo4Q_MX_1800_MY_1000_TuneCP5_13TeV-madgraph-pythia8/RunIISummer20UL16NanoAODv15-150X_mcRun2_asymptotic_v1-v1/NANOAODSIM	NMSSM_XToYH_HTo2T_YTo2WTo4Q_MX_1800_MY_1000_TuneCP5_13TeV-madgraph-pythia8	RunIISummer20UL16NanoAODv15-150X_mcRun2_asymptotic_v1-v1	NANOAODSIM	-	-	-	-	-
/NMSSM_XToYH_HTo2T_YTo2WTo4Q_MX_1800_MY_100_TuneCP5_13TeV-madgraph-pythia8/RunIISummer20UL16NanoAODv15-150X_mcRun2_asymptotic_v1-v1/NANOAODSIM	NMSSM_XToYH_HTo2T_YTo2WTo4Q_MX_1800_MY_100_TuneCP5_13TeV-madgraph-pythia8	RunIISummer20UL16NanoAODv15-150X_mcRun2_asymptotic_v1-v1	NANOAODSIM	-	-	-	-	-
/NMSSM_XToYH_HTo2T_YTo2WTo4Q_MX_1800_MY_1200_TuneCP5_13TeV-madgraph-pythia8/RunIISummer20UL16NanoAODv15-150X_mcRun2_asymptotic_v1-v1/NANOAODSIM	NMSSM_XToYH_HTo2T_YTo2WTo4Q_MX_1800_MY_1200_TuneCP5_13TeV-madgraph-pythia8	RunIISummer20UL16NanoAODv15-150X_mcRun2_asymptotic_v1-v1	NANOAODSIM	-	-	-	-	-
/NMSSM_XToYH_HTo2T_YTo2WTo4Q_MX_1800_MY_125_TuneCP5_13TeV-madgraph-pythia8/RunIISummer20UL16NanoAODv15-150X_mcRun2_asymptotic_v1-v1/NANOAODSIM	NMSSM_XToYH_HTo2T_YTo2WTo4Q_MX_1800_MY_125_TuneCP5_13TeV-madgraph-pythia8	RunIISummer20UL16NanoAODv15-150X_mcRun2_asymptotic_v1-v1	NANOAODSIM	-	-	-	-	-
/NMSSM_XToYH_HTo2T_YTo2WTo4Q_MX_1800_MY_1400_TuneCP5_13TeV-madgraph-pythia8/RunIISummer20UL16NanoAODv15-150X_mcRun2_asymptotic_v1-v1/NANOAODSIM	NMSSM_XToYH_HTo2T_YTo2WTo4Q_MX_1800_MY_1400_TuneCP5_13TeV-madgraph-pythia8	RunIISummer20UL16NanoAODv15-150X_mcRun2_asymptotic_v1-v1	NANOAODSIM	-	-	-	-	-
/NMSSM_XToYH_HTo2T_YTo2WTo4Q_MX_1800_MY_150_TuneCP5_13TeV-madgraph-pythia8/RunIISummer20UL16NanoAODv15-150X_mcRun2_asymptotic_v1-v1/NANOAODSIM	NMSSM_XToYH_HTo2T_YTo2WTo4Q_MX_1800_MY_150_TuneCP5_13TeV-madgraph-pythia8	RunIISummer20UL16NanoAODv15-150X_mcRun2_asymptotic_v1-v1	NANOAODSIM	-	-	-	-	-
/NMSSM_XToYH_HTo2T_YTo2WTo4Q_MX_1800_MY_1600_TuneCP5_13TeV-madgraph-pythia8/RunIISummer20UL16NanoAODv15-150X_mcRun2_asymptotic_v1-v1/NANOAODSIM	NMSSM_XToYH_HTo2T_YTo2WTo4Q_MX_1800_MY_1600_TuneCP5_13TeV-madgraph-pythia8	RunIISummer20UL16NanoAODv15-150X_mcRun2_asymptotic_v1-v1	NANOAODSIM	-	-	-	-	-
/NMSSM_XToYH_HTo2T_YTo2WTo4Q_MX_1800_MY_200_TuneCP5_13TeV-madgraph-pythia8/RunIISummer20UL16NanoAODv15-150X_mcRun2_asymptotic_v1-v1/NANOAODSIM	NMSSM_XToYH_HTo2T_YTo2WTo4Q_MX_1800_MY_200_TuneCP5_13TeV-madgraph-pythia8	RunIISummer20UL16NanoAODv15-150X_mcRun2_asymptotic_v1-v1	NANOAODSIM	-	-	-	-	-
/NMSSM_XToYH_HTo2T_YTo2WTo4Q_MX_1800_MY_300_TuneCP5_13TeV-madgraph-pythia8/RunIISummer20UL16NanoAODv15-150X_mcRun2_asymptotic_v1-v1/NANOAODSIM	NMSSM_XToYH_HTo2T_YTo2WTo4Q_MX_1800_MY_300_TuneCP5_13TeV-madgraph-pythia8	RunIISummer20UL16NanoAODv15-150X_mcRun2_asymptotic_v1-v1	NANOAODSIM	-	-	-	-	-
/NMSSM_XToYH_HTo2T_YTo2WTo4Q_MX_1800_MY_400_TuneCP5_13TeV-madgraph-pythia8/RunIISummer20UL16NanoAODv15-150X_mcRun2_asymptotic_v1-v1/NANOAODSIM	NMSSM_XToYH_HTo2T_YTo2WTo4Q_MX_1800_MY_400_TuneCP5_13TeV-madgraph-pythia8	RunIISummer20UL16NanoAODv15-150X_mcRun2_asymptotic_v1-v1	NANOAODSIM	-	-	-	-	-
/NMSSM_XToYH_HTo2T_YTo2WTo4Q_MX_1800_MY_500_TuneCP5_13TeV-madgraph-pythia8/RunIISummer20UL16NanoAODv15-150X_mcRun2_asymptotic_v1-v1/NANOAODSIM	NMSSM_XToYH_HTo2T_YTo2WTo4Q_MX_1800_MY_500_TuneCP5_13TeV-madgraph-pythia8	RunIISummer20UL16NanoAODv15-150X_mcRun2_asymptotic_v1-v1	NANOAODSIM	-	-	-	-	-
/NMSSM_XToYH_HTo2T_YTo2WTo4Q_MX_1800_MY_600_TuneCP5_13TeV-madgraph-pythia8/RunIISummer20UL16NanoAODv15-150X_mcRun2_asymptotic_v1-v1/NANOAODSIM	NMSSM_XToYH_HTo2T_YTo2WTo4Q_MX_1800_MY_600_TuneCP5_13TeV-madgraph-pythia8	RunIISummer20UL16NanoAODv15-150X_mcRun2_asymptotic_v1-v1	NANOAODSIM	-	-	-	-	-
/NMSSM_XToYH_HTo2T_YTo2WTo4Q_MX_1800_MY_60_TuneCP5_13TeV-madgraph-pythia8/RunIISummer20UL16NanoAODv15-150X_mcRun2_asymptotic_v1-v1/NANOAODSIM	NMSSM_XToYH_HTo2T_YTo2WTo4Q_MX_1800_MY_60_TuneCP5_13TeV-madgraph-pythia8	RunIISummer20UL16NanoAODv15-150X_mcRun2_asymptotic_v1-v1	NANOAODSIM	-	-	-	-	-
/NMSSM_XToYH_HTo2T_YTo2WTo4Q_MX_1800_MY_70_TuneCP5_13TeV-madgraph-pythia8/RunIISummer20UL16NanoAODv15-150X_mcRun2_asymptotic_v1-v1/NANOAODSIM	NMSSM_XToYH_HTo2T_YTo2WTo4Q_MX_1800_MY_70_TuneCP5_13TeV-madgraph-pythia8	RunIISummer20UL16NanoAODv15-150X_mcRun2_asymptotic_v1-v1	NANOAODSIM	-	-	-	-	-
/NMSSM_XToYH_HTo2T_YTo2WTo4Q_MX_1800_MY_800_TuneCP5_13TeV-madgraph-pythia8/RunIISummer20UL16NanoAODv15-150X_mcRun2_asymptotic_v1-v1/NANOAODSIM	NMSSM_XToYH_HTo2T_YTo2WTo4Q_MX_1800_MY_800_TuneCP5_13TeV-madgraph-pythia8	RunIISummer20UL16NanoAODv15-150X_mcRun2_asymptotic_v1-v1	NANOAODSIM	-	-	-	-	-
/NMSSM_XToYH_HTo2T_YTo2WTo4Q_MX_1800_MY_80_TuneCP5_13TeV-madgraph-pythia8/RunIISummer20UL16NanoAODv15-150X_mcRun2_asymptotic_v1-v1/NANOAODSIM	NMSSM_XToYH_HTo2T_YTo2WTo4Q_MX_1800_MY_80_TuneCP5_13TeV-madgraph-pythia8	RunIISummer20UL16NanoAODv15-150X_mcRun2_asymptotic_v1-v1	NANOAODSIM	-	-	-	-	-
/NMSSM_XToYH_HTo2T_YTo2WTo4Q_MX_1800_MY_90_TuneCP5_13TeV-madgraph-pythia8/RunIISummer20UL16NanoAODv15-150X_mcRun2_asymptotic_v1-v1/NANOAODSIM	NMSSM_XToYH_HTo2T_YTo2WTo4Q_MX_1800_MY_90_TuneCP5_13TeV-madgraph-pythia8	RunIISummer20UL16NanoAODv15-150X_mcRun2_asymptotic_v1-v1	NANOAODSIM	-	-	-	-	-
/NMSSM_XToYH_HTo2T_YTo2WTo4Q_MX_1800_MY_95_TuneCP5_13TeV-madgraph-pythia8/RunIISummer20UL16NanoAODv15-150X_mcRun2_asymptotic_v1-v1/NANOAODSIM	NMSSM_XToYH_HTo2T_YTo2WTo4Q_MX_1800_MY_95_TuneCP5_13TeV-madgraph-pythia8	RunIISummer20UL16NanoAODv15-150X_mcRun2_asymptotic_v1-v1	NANOAODSIM	-	-	-	-	-
/NMSSM_XToYH_HTo2T_YTo2WTo4Q_MX_2000_MY_1000_TuneCP5_13TeV-madgraph-pythia8/RunIISummer20UL16NanoAODv15-150X_mcRun2_asymptotic_v1-v1/NANOAODSIM	NMSSM_XToYH_HTo2T_YTo2WTo4Q_MX_2000_MY_1000_TuneCP5_13TeV-madgraph-pythia8	RunIISummer20UL16NanoAODv15-150X_mcRun2_asymptotic_v1-v1	NANOAODSIM	-	-	-	-	-
/NMSSM_XToYH_HTo2T_YTo2WTo4Q_MX_2000_MY_100_TuneCP5_13TeV-madgraph-pythia8/RunIISummer20UL16NanoAODv15-150X_mcRun2_asymptotic_v1-v1/NANOAODSIM	NMSSM_XToYH_HTo2T_YTo2WTo4Q_MX_2000_MY_100_TuneCP5_13TeV-madgraph-pythia8	RunIISummer20UL16NanoAODv15-150X_mcRun2_asymptotic_v1-v1	NANOAODSIM	-	-	-	-	-
/NMSSM_XToYH_HTo2T_YTo2WTo4Q_MX_2000_MY_1200_TuneCP5_13TeV-madgraph-pythia8/RunIISummer20UL16NanoAODv15-150X_mcRun2_asymptotic_v1-v1/NANOAODSIM	NMSSM_XToYH_HTo2T_YTo2WTo4Q_MX_2000_MY_1200_TuneCP5_13TeV-madgraph-pythia8	RunIISummer20UL16NanoAODv15-150X_mcRun2_asymptotic_v1-v1	NANOAODSIM	-	-	-	-	-
/NMSSM_XToYH_HTo2T_YTo2WTo4Q_MX_2000_MY_125_TuneCP5_13TeV-madgraph-pythia8/RunIISummer20UL16NanoAODv15-150X_mcRun2_asymptotic_v1-v1/NANOAODSIM	NMSSM_XToYH_HTo2T_YTo2WTo4Q_MX_2000_MY_125_TuneCP5_13TeV-madgraph-pythia8	RunIISummer20UL16NanoAODv15-150X_mcRun2_asymptotic_v1-v1	NANOAODSIM	-	-	-	-	-
/NMSSM_XToYH_HTo2T_YTo2WTo4Q_MX_2000_MY_1400_TuneCP5_13TeV-madgraph-pythia8/RunIISummer20UL16NanoAODv15-150X_mcRun2_asymptotic_v1-v1/NANOAODSIM	NMSSM_XToYH_HTo2T_YTo2WTo4Q_MX_2000_MY_1400_TuneCP5_13TeV-madgraph-pythia8	RunIISummer20UL16NanoAODv15-150X_mcRun2_asymptotic_v1-v1	NANOAODSIM	-	-	-	-	-
/NMSSM_XToYH_HTo2T_YTo2WTo4Q_MX_2000_MY_150_TuneCP5_13TeV-madgraph-pythia8/RunIISummer20UL16NanoAODv15-150X_mcRun2_asymptotic_v1-v1/NANOAODSIM	NMSSM_XToYH_HTo2T_YTo2WTo4Q_MX_2000_MY_150_TuneCP5_13TeV-madgraph-pythia8	RunIISummer20UL16NanoAODv15-150X_mcRun2_asymptotic_v1-v1	NANOAODSIM	-	-	-	-	-
/NMSSM_XToYH_HTo2T_YTo2WTo4Q_MX_2000_MY_1600_TuneCP5_13TeV-madgraph-pythia8/RunIISummer20UL16NanoAODv15-150X_mcRun2_asymptotic_v1-v1/NANOAODSIM	NMSSM_XToYH_HTo2T_YTo2WTo4Q_MX_2000_MY_1600_TuneCP5_13TeV-madgraph-pythia8	RunIISummer20UL16NanoAODv15-150X_mcRun2_asymptotic_v1-v1	NANOAODSIM	-	-	-	-	-
/NMSSM_XToYH_HTo2T_YTo2WTo4Q_MX_2000_MY_1800_TuneCP5_13TeV-madgraph-pythia8/RunIISummer20UL16NanoAODv15-150X_mcRun2_asymptotic_v1-v1/NANOAODSIM	NMSSM_XToYH_HTo2T_YTo2WTo4Q_MX_2000_MY_1800_TuneCP5_13TeV-madgraph-pythia8	RunIISummer20UL16NanoAODv15-150X_mcRun2_asymptotic_v1-v1	NANOAODSIM	-	-	-	-	-
/NMSSM_XToYH_HTo2T_YTo2WTo4Q_MX_2000_MY_200_TuneCP5_13TeV-madgraph-pythia8/RunIISummer20UL16NanoAODv15-150X_mcRun2_asymptotic_v1-v1/NANOAODSIM	NMSSM_XToYH_HTo2T_YTo2WTo4Q_MX_2000_MY_200_TuneCP5_13TeV-madgraph-pythia8	RunIISummer20UL16NanoAODv15-150X_mcRun2_asymptotic_v1-v1	NANOAODSIM	-	-	-	-	-
/NMSSM_XToYH_HTo2T_YTo2WTo4Q_MX_2000_MY_300_TuneCP5_13TeV-madgraph-pythia8/RunIISummer20UL16NanoAODv15-150X_mcRun2_asymptotic_v1-v1/NANOAODSIM	NMSSM_XToYH_HTo2T_YTo2WTo4Q_MX_2000_MY_300_TuneCP5_13TeV-madgraph-pythia8	RunIISummer20UL16NanoAODv15-150X_mcRun2_asymptotic_v1-v1	NANOAODSIM	-	-	-	-	-
/NMSSM_XToYH_HTo2T_YTo2WTo4Q_MX_2000_MY_400_TuneCP5_13TeV-madgraph-pythia8/RunIISummer20UL16NanoAODv15-150X_mcRun2_asymptotic_v1-v1/NANOAODSIM	NMSSM_XToYH_HTo2T_YTo2WTo4Q_MX_2000_MY_400_TuneCP5_13TeV-madgraph-pythia8	RunIISummer20UL16NanoAODv15-150X_mcRun2_asymptotic_v1-v1	NANOAODSIM	-	-	-	-	-
/NMSSM_XToYH_HTo2T_YTo2WTo4Q_MX_2000_MY_500_TuneCP5_13TeV-madgraph-pythia8/RunIISummer20UL16NanoAODv15-150X_mcRun2_asymptotic_v1-v1/NANOAODSIM	NMSSM_XToYH_HTo2T_YTo2WTo4Q_MX_2000_MY_500_TuneCP5_13TeV-madgraph-pythia8	RunIISummer20UL16NanoAODv15-150X_mcRun2_asymptotic_v1-v1	NANOAODSIM	-	-	-	-	-
/NMSSM_XToYH_HTo2T_YTo2WTo4Q_MX_2000_MY_600_TuneCP5_13TeV-madgraph-pythia8/RunIISummer20UL16NanoAODv15-150X_mcRun2_asymptotic_v1-v1/NANOAODSIM	NMSSM_XToYH_HTo2T_YTo2WTo4Q_MX_2000_MY_600_TuneCP5_13TeV-madgraph-pythia8	RunIISummer20UL16NanoAODv15-150X_mcRun2_asymptotic_v1-v1	NANOAODSIM	-	-	-	-	-
/NMSSM_XToYH_HTo2T_YTo2WTo4Q_MX_2000_MY_60_TuneCP5_13TeV-madgraph-pythia8/RunIISummer20UL16NanoAODv15-150X_mcRun2_asymptotic_v1-v1/NANOAODSIM	NMSSM_XToYH_HTo2T_YTo2WTo4Q_MX_2000_MY_60_TuneCP5_13TeV-madgraph-pythia8	RunIISummer20UL16NanoAODv15-150X_mcRun2_asymptotic_v1-v1	NANOAODSIM	-	-	-	-	-
/NMSSM_XToYH_HTo2T_YTo2WTo4Q_MX_2000_MY_70_TuneCP5_13TeV-madgraph-pythia8/RunIISummer20UL16NanoAODv15-150X_mcRun2_asymptotic_v1-v1/NANOAODSIM	NMSSM_XToYH_HTo2T_YTo2WTo4Q_MX_2000_MY_70_TuneCP5_13TeV-madgraph-pythia8	RunIISummer20UL16NanoAODv15-150X_mcRun2_asymptotic_v1-v1	NANOAODSIM	-	-	-	-	-
/NMSSM_XToYH_HTo2T_YTo2WTo4Q_MX_2000_MY_800_TuneCP5_13TeV-madgraph-pythia8/RunIISummer20UL16NanoAODv15-150X_mcRun2_asymptotic_v1-v1/NANOAODSIM	NMSSM_XToYH_HTo2T_YTo2WTo4Q_MX_2000_MY_800_TuneCP5_13TeV-madgraph-pythia8	RunIISummer20UL16NanoAODv15-150X_mcRun2_asymptotic_v1-v1	NANOAODSIM	-	-	-	-	-
/NMSSM_XToYH_HTo2T_YTo2WTo4Q_MX_2000_MY_80_TuneCP5_13TeV-madgraph-pythia8/RunIISummer20UL16NanoAODv15-150X_mcRun2_asymptotic_v1-v1/NANOAODSIM	NMSSM_XToYH_HTo2T_YTo2WTo4Q_MX_2000_MY_80_TuneCP5_13TeV-madgraph-pythia8	RunIISummer20UL16NanoAODv15-150X_mcRun2_asymptotic_v1-v1	NANOAODSIM	-	-	-	-	-
/NMSSM_XToYH_HTo2T_YTo2WTo4Q_MX_2000_MY_90_TuneCP5_13TeV-madgraph-pythia8/RunIISummer20UL16NanoAODv15-150X_mcRun2_asymptotic_v1-v1/NANOAODSIM	NMSSM_XToYH_HTo2T_YTo2WTo4Q_MX_2000_MY_90_TuneCP5_13TeV-madgraph-pythia8	RunIISummer20UL16NanoAODv15-150X_mcRun2_asymptotic_v1-v1	NANOAODSIM	-	-	-	-	-
/NMSSM_XToYH_HTo2T_YTo2WTo4Q_MX_2000_MY_95_TuneCP5_13TeV-madgraph-pythia8/RunIISummer20UL16NanoAODv15-150X_mcRun2_asymptotic_v1-v1/NANOAODSIM	NMSSM_XToYH_HTo2T_YTo2WTo4Q_MX_2000_MY_95_TuneCP5_13TeV-madgraph-pythia8	RunIISummer20UL16NanoAODv15-150X_mcRun2_asymptotic_v1-v1	NANOAODSIM	-	-	-	-	-
/NMSSM_XToYH_HTo2T_YTo2WTo4Q_MX_2500_MY_1000_TuneCP5_13TeV-madgraph-pythia8/RunIISummer20UL16NanoAODv15-150X_mcRun2_asymptotic_v1-v1/NANOAODSIM	NMSSM_XToYH_HTo2T_YTo2WTo4Q_MX_2500_MY_1000_TuneCP5_13TeV-madgraph-pythia8	RunIISummer20UL16NanoAODv15-150X_mcRun2_asymptotic_v1-v1	NANOAODSIM	-	-	-	-	-
/NMSSM_XToYH_HTo2T_YTo2WTo4Q_MX_2500_MY_100_TuneCP5_13TeV-madgraph-pythia8/RunIISummer20UL16NanoAODv15-150X_mcRun2_asymptotic_v1-v1/NANOAODSIM	NMSSM_XToYH_HTo2T_YTo2WTo4Q_MX_2500_MY_100_TuneCP5_13TeV-madgraph-pythia8	RunIISummer20UL16NanoAODv15-150X_mcRun2_asymptotic_v1-v1	NANOAODSIM	-	-	-	-	-
/NMSSM_XToYH_HTo2T_YTo2WTo4Q_MX_2500_MY_1200_TuneCP5_13TeV-madgraph-pythia8/RunIISummer20UL16NanoAODv15-150X_mcRun2_asymptotic_v1-v1/NANOAODSIM	NMSSM_XToYH_HTo2T_YTo2WTo4Q_MX_2500_MY_1200_TuneCP5_13TeV-madgraph-pythia8	RunIISummer20UL16NanoAODv15-150X_mcRun2_asymptotic_v1-v1	NANOAODSIM	-	-	-	-	-
/NMSSM_XToYH_HTo2T_YTo2WTo4Q_MX_2500_MY_125_TuneCP5_13TeV-madgraph-pythia8/RunIISummer20UL16NanoAODv15-150X_mcRun2_asymptotic_v1-v1/NANOAODSIM	NMSSM_XToYH_HTo2T_YTo2WTo4Q_MX_2500_MY_125_TuneCP5_13TeV-madgraph-pythia8	RunIISummer20UL16NanoAODv15-150X_mcRun2_asymptotic_v1-v1	NANOAODSIM	-	-	-	-	-
/NMSSM_XToYH_HTo2T_YTo2WTo4Q_MX_2500_MY_1400_TuneCP5_13TeV-madgraph-pythia8/RunIISummer20UL16NanoAODv15-150X_mcRun2_asymptotic_v1-v1/NANOAODSIM	NMSSM_XToYH_HTo2T_YTo2WTo4Q_MX_2500_MY_1400_TuneCP5_13TeV-madgraph-pythia8	RunIISummer20UL16NanoAODv15-150X_mcRun2_asymptotic_v1-v1	NANOAODSIM	-	-	-	-	-
/NMSSM_XToYH_HTo2T_YTo2WTo4Q_MX_2500_MY_150_TuneCP5_13TeV-madgraph-pythia8/RunIISummer20UL16NanoAODv15-150X_mcRun2_asymptotic_v1-v1/NANOAODSIM	NMSSM_XToYH_HTo2T_YTo2WTo4Q_MX_2500_MY_150_TuneCP5_13TeV-madgraph-pythia8	RunIISummer20UL16NanoAODv15-150X_mcRun2_asymptotic_v1-v1	NANOAODSIM	-	-	-	-	-
/NMSSM_XToYH_HTo2T_YTo2WTo4Q_MX_2500_MY_1600_TuneCP5_13TeV-madgraph-pythia8/RunIISummer20UL16NanoAODv15-150X_mcRun2_asymptotic_v1-v1/NANOAODSIM	NMSSM_XToYH_HTo2T_YTo2WTo4Q_MX_2500_MY_1600_TuneCP5_13TeV-madgraph-pythia8	RunIISummer20UL16NanoAODv15-150X_mcRun2_asymptotic_v1-v1	NANOAODSIM	-	-	-	-	-
/NMSSM_XToYH_HTo2T_YTo2WTo4Q_MX_2500_MY_1800_TuneCP5_13TeV-madgraph-pythia8/RunIISummer20UL16NanoAODv15-150X_mcRun2_asymptotic_v1-v1/NANOAODSIM	NMSSM_XToYH_HTo2T_YTo2WTo4Q_MX_2500_MY_1800_TuneCP5_13TeV-madgraph-pythia8	RunIISummer20UL16NanoAODv15-150X_mcRun2_asymptotic_v1-v1	NANOAODSIM	-	-	-	-	-
/NMSSM_XToYH_HTo2T_YTo2WTo4Q_MX_2500_MY_2000_TuneCP5_13TeV-madgraph-pythia8/RunIISummer20UL16NanoAODv15-150X_mcRun2_asymptotic_v1-v1/NANOAODSIM	NMSSM_XToYH_HTo2T_YTo2WTo4Q_MX_2500_MY_2000_TuneCP5_13TeV-madgraph-pythia8	RunIISummer20UL16NanoAODv15-150X_mcRun2_asymptotic_v1-v1	NANOAODSIM	-	-	-	-	-
/NMSSM_XToYH_HTo2T_YTo2WTo4Q_MX_2500_MY_200_TuneCP5_13TeV-madgraph-pythia8/RunIISummer20UL16NanoAODv15-150X_mcRun2_asymptotic_v1-v1/NANOAODSIM	NMSSM_XToYH_HTo2T_YTo2WTo4Q_MX_2500_MY_200_TuneCP5_13TeV-madgraph-pythia8	RunIISummer20UL16NanoAODv15-150X_mcRun2_asymptotic_v1-v1	NANOAODSIM	-	-	-	-	-
/NMSSM_XToYH_HTo2T_YTo2WTo4Q_MX_2500_MY_300_TuneCP5_13TeV-madgraph-pythia8/RunIISummer20UL16NanoAODv15-150X_mcRun2_asymptotic_v1-v1/NANOAODSIM	NMSSM_XToYH_HTo2T_YTo2WTo4Q_MX_2500_MY_300_TuneCP5_13TeV-madgraph-pythia8	RunIISummer20UL16NanoAODv15-150X_mcRun2_asymptotic_v1-v1	NANOAODSIM	-	-	-	-	-
/NMSSM_XToYH_HTo2T_YTo2WTo4Q_MX_2500_MY_400_TuneCP5_13TeV-madgraph-pythia8/RunIISummer20UL16NanoAODv15-150X_mcRun2_asymptotic_v1-v1/NANOAODSIM	NMSSM_XToYH_HTo2T_YTo2WTo4Q_MX_2500_MY_400_TuneCP5_13TeV-madgraph-pythia8	RunIISummer20UL16NanoAODv15-150X_mcRun2_asymptotic_v1-v1	NANOAODSIM	-	-	-	-	-
/NMSSM_XToYH_HTo2T_YTo2WTo4Q_MX_2500_MY_500_TuneCP5_13TeV-madgraph-pythia8/RunIISummer20UL16NanoAODv15-150X_mcRun2_asymptotic_v1-v1/NANOAODSIM	NMSSM_XToYH_HTo2T_YTo2WTo4Q_MX_2500_MY_500_TuneCP5_13TeV-madgraph-pythia8	RunIISummer20UL16NanoAODv15-150X_mcRun2_asymptotic_v1-v1	NANOAODSIM	-	-	-	-	-
/NMSSM_XToYH_HTo2T_YTo2WTo4Q_MX_2500_MY_600_TuneCP5_13TeV-madgraph-pythia8/RunIISummer20UL16NanoAODv15-150X_mcRun2_asymptotic_v1-v1/NANOAODSIM	NMSSM_XToYH_HTo2T_YTo2WTo4Q_MX_2500_MY_600_TuneCP5_13TeV-madgraph-pythia8	RunIISummer20UL16NanoAODv15-150X_mcRun2_asymptotic_v1-v1	NANOAODSIM	-	-	-	-	-
/NMSSM_XToYH_HTo2T_YTo2WTo4Q_MX_2500_MY_60_TuneCP5_13TeV-madgraph-pythia8/RunIISummer20UL16NanoAODv15-150X_mcRun2_asymptotic_v1-v1/NANOAODSIM	NMSSM_XToYH_HTo2T_YTo2WTo4Q_MX_2500_MY_60_TuneCP5_13TeV-madgraph-pythia8	RunIISummer20UL16NanoAODv15-150X_mcRun2_asymptotic_v1-v1	NANOAODSIM	-	-	-	-	-
/NMSSM_XToYH_HTo2T_YTo2WTo4Q_MX_2500_MY_70_TuneCP5_13TeV-madgraph-pythia8/RunIISummer20UL16NanoAODv15-150X_mcRun2_asymptotic_v1-v1/NANOAODSIM	NMSSM_XToYH_HTo2T_YTo2WTo4Q_MX_2500_MY_70_TuneCP5_13TeV-madgraph-pythia8	RunIISummer20UL16NanoAODv15-150X_mcRun2_asymptotic_v1-v1	NANOAODSIM	-	-	-	-	-
/NMSSM_XToYH_HTo2T_YTo2WTo4Q_MX_2500_MY_800_TuneCP5_13TeV-madgraph-pythia8/RunIISummer20UL16NanoAODv15-150X_mcRun2_asymptotic_v1-v1/NANOAODSIM	NMSSM_XToYH_HTo2T_YTo2WTo4Q_MX_2500_MY_800_TuneCP5_13TeV-madgraph-pythia8	RunIISummer20UL16NanoAODv15-150X_mcRun2_asymptotic_v1-v1	NANOAODSIM	-	-	-	-	-
/NMSSM_XToYH_HTo2T_YTo2WTo4Q_MX_2500_MY_80_TuneCP5_13TeV-madgraph-pythia8/RunIISummer20UL16NanoAODv15-150X_mcRun2_asymptotic_v1-v1/NANOAODSIM	NMSSM_XToYH_HTo2T_YTo2WTo4Q_MX_2500_MY_80_TuneCP5_13TeV-madgraph-pythia8	RunIISummer20UL16NanoAODv15-150X_mcRun2_asymptotic_v1-v1	NANOAODSIM	-	-	-	-	-
/NMSSM_XToYH_HTo2T_YTo2WTo4Q_MX_2500_MY_90_TuneCP5_13TeV-madgraph-pythia8/RunIISummer20UL16NanoAODv15-150X_mcRun2_asymptotic_v1-v1/NANOAODSIM	NMSSM_XToYH_HTo2T_YTo2WTo4Q_MX_2500_MY_90_TuneCP5_13TeV-madgraph-pythia8	RunIISummer20UL16NanoAODv15-150X_mcRun2_asymptotic_v1-v1	NANOAODSIM	-	-	-	-	-
/NMSSM_XToYH_HTo2T_YTo2WTo4Q_MX_2500_MY_95_TuneCP5_13TeV-madgraph-pythia8/RunIISummer20UL16NanoAODv15-150X_mcRun2_asymptotic_v1-v1/NANOAODSIM	NMSSM_XToYH_HTo2T_YTo2WTo4Q_MX_2500_MY_95_TuneCP5_13TeV-madgraph-pythia8	RunIISummer20UL16NanoAODv15-150X_mcRun2_asymptotic_v1-v1	NANOAODSIM	-	-	-	-	-
/NMSSM_XToYH_HTo2T_YTo2WTo4Q_MX_3000_MY_1000_TuneCP5_13TeV-madgraph-pythia8/RunIISummer20UL16NanoAODv15-150X_mcRun2_asymptotic_v1-v1/NANOAODSIM	NMSSM_XToYH_HTo2T_YTo2WTo4Q_MX_3000_MY_1000_TuneCP5_13TeV-madgraph-pythia8	RunIISummer20UL16NanoAODv15-150X_mcRun2_asymptotic_v1-v1	NANOAODSIM	-	-	-	-	-
/NMSSM_XToYH_HTo2T_YTo2WTo4Q_MX_3000_MY_100_TuneCP5_13TeV-madgraph-pythia8/RunIISummer20UL16NanoAODv15-150X_mcRun2_asymptotic_v1-v1/NANOAODSIM	NMSSM_XToYH_HTo2T_YTo2WTo4Q_MX_3000_MY_100_TuneCP5_13TeV-madgraph-pythia8	RunIISummer20UL16NanoAODv15-150X_mcRun2_asymptotic_v1-v1	NANOAODSIM	-	-	-	-	-
/NMSSM_XToYH_HTo2T_YTo2WTo4Q_MX_3000_MY_1200_TuneCP5_13TeV-madgraph-pythia8/RunIISummer20UL16NanoAODv15-150X_mcRun2_asymptotic_v1-v1/NANOAODSIM	NMSSM_XToYH_HTo2T_YTo2WTo4Q_MX_3000_MY_1200_TuneCP5_13TeV-madgraph-pythia8	RunIISummer20UL16NanoAODv15-150X_mcRun2_asymptotic_v1-v1	NANOAODSIM	-	-	-	-	-
/NMSSM_XToYH_HTo2T_YTo2WTo4Q_MX_3000_MY_125_TuneCP5_13TeV-madgraph-pythia8/RunIISummer20UL16NanoAODv15-150X_mcRun2_asymptotic_v1-v1/NANOAODSIM	NMSSM_XToYH_HTo2T_YTo2WTo4Q_MX_3000_MY_125_TuneCP5_13TeV-madgraph-pythia8	RunIISummer20UL16NanoAODv15-150X_mcRun2_asymptotic_v1-v1	NANOAODSIM	-	-	-	-	-
/NMSSM_XToYH_HTo2T_YTo2WTo4Q_MX_3000_MY_1400_TuneCP5_13TeV-madgraph-pythia8/RunIISummer20UL16NanoAODv15-150X_mcRun2_asymptotic_v1-v1/NANOAODSIM	NMSSM_XToYH_HTo2T_YTo2WTo4Q_MX_3000_MY_1400_TuneCP5_13TeV-madgraph-pythia8	RunIISummer20UL16NanoAODv15-150X_mcRun2_asymptotic_v1-v1	NANOAODSIM	-	-	-	-	-
/NMSSM_XToYH_HTo2T_YTo2WTo4Q_MX_3000_MY_150_TuneCP5_13TeV-madgraph-pythia8/RunIISummer20UL16NanoAODv15-150X_mcRun2_asymptotic_v1-v1/NANOAODSIM	NMSSM_XToYH_HTo2T_YTo2WTo4Q_MX_3000_MY_150_TuneCP5_13TeV-madgraph-pythia8	RunIISummer20UL16NanoAODv15-150X_mcRun2_asymptotic_v1-v1	NANOAODSIM	-	-	-	-	-
/NMSSM_XToYH_HTo2T_YTo2WTo4Q_MX_3000_MY_1600_TuneCP5_13TeV-madgraph-pythia8/RunIISummer20UL16NanoAODv15-150X_mcRun2_asymptotic_v1-v1/NANOAODSIM	NMSSM_XToYH_HTo2T_YTo2WTo4Q_MX_3000_MY_1600_TuneCP5_13TeV-madgraph-pythia8	RunIISummer20UL16NanoAODv15-150X_mcRun2_asymptotic_v1-v1	NANOAODSIM	-	-	-	-	-
/NMSSM_XToYH_HTo2T_YTo2WTo4Q_MX_3000_MY_1800_TuneCP5_13TeV-madgraph-pythia8/RunIISummer20UL16NanoAODv15-150X_mcRun2_asymptotic_v1-v1/NANOAODSIM	NMSSM_XToYH_HTo2T_YTo2WTo4Q_MX_3000_MY_1800_TuneCP5_13TeV-madgraph-pythia8	RunIISummer20UL16NanoAODv15-150X_mcRun2_asymptotic_v1-v1	NANOAODSIM	-	-	-	-	-
/NMSSM_XToYH_HTo2T_YTo2WTo4Q_MX_3000_MY_2000_TuneCP5_13TeV-madgraph-pythia8/RunIISummer20UL16NanoAODv15-150X_mcRun2_asymptotic_v1-v1/NANOAODSIM	NMSSM_XToYH_HTo2T_YTo2WTo4Q_MX_3000_MY_2000_TuneCP5_13TeV-madgraph-pythia8	RunIISummer20UL16NanoAODv15-150X_mcRun2_asymptotic_v1-v1	NANOAODSIM	-	-	-	-	-
/NMSSM_XToYH_HTo2T_YTo2WTo4Q_MX_3000_MY_200_TuneCP5_13TeV-madgraph-pythia8/RunIISummer20UL16NanoAODv15-150X_mcRun2_asymptotic_v1-v1/NANOAODSIM	NMSSM_XToYH_HTo2T_YTo2WTo4Q_MX_3000_MY_200_TuneCP5_13TeV-madgraph-pythia8	RunIISummer20UL16NanoAODv15-150X_mcRun2_asymptotic_v1-v1	NANOAODSIM	-	-	-	-	-
/NMSSM_XToYH_HTo2T_YTo2WTo4Q_MX_3000_MY_2600_TuneCP5_13TeV-madgraph-pythia8/RunIISummer20UL16NanoAODv15-150X_mcRun2_asymptotic_v1-v1/NANOAODSIM	NMSSM_XToYH_HTo2T_YTo2WTo4Q_MX_3000_MY_2600_TuneCP5_13TeV-madgraph-pythia8	RunIISummer20UL16NanoAODv15-150X_mcRun2_asymptotic_v1-v1	NANOAODSIM	-	-	-	-	-
/NMSSM_XToYH_HTo2T_YTo2WTo4Q_MX_3000_MY_300_TuneCP5_13TeV-madgraph-pythia8/RunIISummer20UL16NanoAODv15-150X_mcRun2_asymptotic_v1-v1/NANOAODSIM	NMSSM_XToYH_HTo2T_YTo2WTo4Q_MX_3000_MY_300_TuneCP5_13TeV-madgraph-pythia8	RunIISummer20UL16NanoAODv15-150X_mcRun2_asymptotic_v1-v1	NANOAODSIM	-	-	-	-	-
/NMSSM_XToYH_HTo2T_YTo2WTo4Q_MX_3000_MY_400_TuneCP5_13TeV-madgraph-pythia8/RunIISummer20UL16NanoAODv15-150X_mcRun2_asymptotic_v1-v1/NANOAODSIM	NMSSM_XToYH_HTo2T_YTo2WTo4Q_MX_3000_MY_400_TuneCP5_13TeV-madgraph-pythia8	RunIISummer20UL16NanoAODv15-150X_mcRun2_asymptotic_v1-v1	NANOAODSIM	-	-	-	-	-
/NMSSM_XToYH_HTo2T_YTo2WTo4Q_MX_3000_MY_500_TuneCP5_13TeV-madgraph-pythia8/RunIISummer20UL16NanoAODv15-150X_mcRun2_asymptotic_v1-v1/NANOAODSIM	NMSSM_XToYH_HTo2T_YTo2WTo4Q_MX_3000_MY_500_TuneCP5_13TeV-madgraph-pythia8	RunIISummer20UL16NanoAODv15-150X_mcRun2_asymptotic_v1-v1	NANOAODSIM	-	-	-	-	-
/NMSSM_XToYH_HTo2T_YTo2WTo4Q_MX_3000_MY_600_TuneCP5_13TeV-madgraph-pythia8/RunIISummer20UL16NanoAODv15-150X_mcRun2_asymptotic_v1-v1/NANOAODSIM	NMSSM_XToYH_HTo2T_YTo2WTo4Q_MX_3000_MY_600_TuneCP5_13TeV-madgraph-pythia8	RunIISummer20UL16NanoAODv15-150X_mcRun2_asymptotic_v1-v1	NANOAODSIM	-	-	-	-	-
/NMSSM_XToYH_HTo2T_YTo2WTo4Q_MX_3000_MY_60_TuneCP5_13TeV-madgraph-pythia8/RunIISummer20UL16NanoAODv15-150X_mcRun2_asymptotic_v1-v1/NANOAODSIM	NMSSM_XToYH_HTo2T_YTo2WTo4Q_MX_3000_MY_60_TuneCP5_13TeV-madgraph-pythia8	RunIISummer20UL16NanoAODv15-150X_mcRun2_asymptotic_v1-v1	NANOAODSIM	-	-	-	-	-
/NMSSM_XToYH_HTo2T_YTo2WTo4Q_MX_3000_MY_70_TuneCP5_13TeV-madgraph-pythia8/RunIISummer20UL16NanoAODv15-150X_mcRun2_asymptotic_v1-v1/NANOAODSIM	NMSSM_XToYH_HTo2T_YTo2WTo4Q_MX_3000_MY_70_TuneCP5_13TeV-madgraph-pythia8	RunIISummer20UL16NanoAODv15-150X_mcRun2_asymptotic_v1-v1	NANOAODSIM	-	-	-	-	-
/NMSSM_XToYH_HTo2T_YTo2WTo4Q_MX_3000_MY_800_TuneCP5_13TeV-madgraph-pythia8/RunIISummer20UL16NanoAODv15-150X_mcRun2_asymptotic_v1-v1/NANOAODSIM	NMSSM_XToYH_HTo2T_YTo2WTo4Q_MX_3000_MY_800_TuneCP5_13TeV-madgraph-pythia8	RunIISummer20UL16NanoAODv15-150X_mcRun2_asymptotic_v1-v1	NANOAODSIM	-	-	-	-	-
/NMSSM_XToYH_HTo2T_YTo2WTo4Q_MX_3000_MY_80_TuneCP5_13TeV-madgraph-pythia8/RunIISummer20UL16NanoAODv15-150X_mcRun2_asymptotic_v1-v1/NANOAODSIM	NMSSM_XToYH_HTo2T_YTo2WTo4Q_MX_3000_MY_80_TuneCP5_13TeV-madgraph-pythia8	RunIISummer20UL16NanoAODv15-150X_mcRun2_asymptotic_v1-v1	NANOAODSIM	-	-	-	-	-
/NMSSM_XToYH_HTo2T_YTo2WTo4Q_MX_3000_MY_90_TuneCP5_13TeV-madgraph-pythia8/RunIISummer20UL16NanoAODv15-150X_mcRun2_asymptotic_v1-v1/NANOAODSIM	NMSSM_XToYH_HTo2T_YTo2WTo4Q_MX_3000_MY_90_TuneCP5_13TeV-madgraph-pythia8	RunIISummer20UL16NanoAODv15-150X_mcRun2_asymptotic_v1-v1	NANOAODSIM	-	-	-	-	-
/NMSSM_XToYH_HTo2T_YTo2WTo4Q_MX_3000_MY_95_TuneCP5_13TeV-madgraph-pythia8/RunIISummer20UL16NanoAODv15-150X_mcRun2_asymptotic_v1-v1/NANOAODSIM	NMSSM_XToYH_HTo2T_YTo2WTo4Q_MX_3000_MY_95_TuneCP5_13TeV-madgraph-pythia8	RunIISummer20UL16NanoAODv15-150X_mcRun2_asymptotic_v1-v1	NANOAODSIM	-	-	-	-	-
/NMSSM_XToYH_HTo2T_YTo2WTo4Q_MX_300_MY_100_TuneCP5_13TeV-madgraph-pythia8/RunIISummer20UL16NanoAODv15-150X_mcRun2_asymptotic_v1-v1/NANOAODSIM	NMSSM_XToYH_HTo2T_YTo2WTo4Q_MX_300_MY_100_TuneCP5_13TeV-madgraph-pythia8	RunIISummer20UL16NanoAODv15-150X_mcRun2_asymptotic_v1-v1	NANOAODSIM	-	-	-	-	-
/NMSSM_XToYH_HTo2T_YTo2WTo4Q_MX_300_MY_125_TuneCP5_13TeV-madgraph-pythia8/RunIISummer20UL16NanoAODv15-150X_mcRun2_asymptotic_v1-v1/NANOAODSIM	NMSSM_XToYH_HTo2T_YTo2WTo4Q_MX_300_MY_125_TuneCP5_13TeV-madgraph-pythia8	RunIISummer20UL16NanoAODv15-150X_mcRun2_asymptotic_v1-v1	NANOAODSIM	-	-	-	-	-
/NMSSM_XToYH_HTo2T_YTo2WTo4Q_MX_300_MY_150_TuneCP5_13TeV-madgraph-pythia8/RunIISummer20UL16NanoAODv15-150X_mcRun2_asymptotic_v1-v1/NANOAODSIM	NMSSM_XToYH_HTo2T_YTo2WTo4Q_MX_300_MY_150_TuneCP5_13TeV-madgraph-pythia8	RunIISummer20UL16NanoAODv15-150X_mcRun2_asymptotic_v1-v1	NANOAODSIM	-	-	-	-	-
/NMSSM_XToYH_HTo2T_YTo2WTo4Q_MX_300_MY_60_TuneCP5_13TeV-madgraph-pythia8/RunIISummer20UL16NanoAODv15-150X_mcRun2_asymptotic_v1-v1/NANOAODSIM	NMSSM_XToYH_HTo2T_YTo2WTo4Q_MX_300_MY_60_TuneCP5_13TeV-madgraph-pythia8	RunIISummer20UL16NanoAODv15-150X_mcRun2_asymptotic_v1-v1	NANOAODSIM	-	-	-	-	-
/NMSSM_XToYH_HTo2T_YTo2WTo4Q_MX_300_MY_70_TuneCP5_13TeV-madgraph-pythia8/RunIISummer20UL16NanoAODv15-150X_mcRun2_asymptotic_v1-v1/NANOAODSIM	NMSSM_XToYH_HTo2T_YTo2WTo4Q_MX_300_MY_70_TuneCP5_13TeV-madgraph-pythia8	RunIISummer20UL16NanoAODv15-150X_mcRun2_asymptotic_v1-v1	NANOAODSIM	-	-	-	-	-
/NMSSM_XToYH_HTo2T_YTo2WTo4Q_MX_300_MY_80_TuneCP5_13TeV-madgraph-pythia8/RunIISummer20UL16NanoAODv15-150X_mcRun2_asymptotic_v1-v1/NANOAODSIM	NMSSM_XToYH_HTo2T_YTo2WTo4Q_MX_300_MY_80_TuneCP5_13TeV-madgraph-pythia8	RunIISummer20UL16NanoAODv15-150X_mcRun2_asymptotic_v1-v1	NANOAODSIM	-	-	-	-	-
/NMSSM_XToYH_HTo2T_YTo2WTo4Q_MX_300_MY_90_TuneCP5_13TeV-madgraph-pythia8/RunIISummer20UL16NanoAODv15-150X_mcRun2_asymptotic_v1-v1/NANOAODSIM	NMSSM_XToYH_HTo2T_YTo2WTo4Q_MX_300_MY_90_TuneCP5_13TeV-madgraph-pythia8	RunIISummer20UL16NanoAODv15-150X_mcRun2_asymptotic_v1-v1	NANOAODSIM	-	-	-	-	-
/NMSSM_XToYH_HTo2T_YTo2WTo4Q_MX_300_MY_95_TuneCP5_13TeV-madgraph-pythia8/RunIISummer20UL16NanoAODv15-150X_mcRun2_asymptotic_v1-v1/NANOAODSIM	NMSSM_XToYH_HTo2T_YTo2WTo4Q_MX_300_MY_95_TuneCP5_13TeV-madgraph-pythia8	RunIISummer20UL16NanoAODv15-150X_mcRun2_asymptotic_v1-v1	NANOAODSIM	-	-	-	-	-
/NMSSM_XToYH_HTo2T_YTo2WTo4Q_MX_3500_MY_1000_TuneCP5_13TeV-madgraph-pythia8/RunIISummer20UL16NanoAODv15-150X_mcRun2_asymptotic_v1-v1/NANOAODSIM	NMSSM_XToYH_HTo2T_YTo2WTo4Q_MX_3500_MY_1000_TuneCP5_13TeV-madgraph-pythia8	RunIISummer20UL16NanoAODv15-150X_mcRun2_asymptotic_v1-v1	NANOAODSIM	-	-	-	-	-
/NMSSM_XToYH_HTo2T_YTo2WTo4Q_MX_3500_MY_100_TuneCP5_13TeV-madgraph-pythia8/RunIISummer20UL16NanoAODv15-150X_mcRun2_asymptotic_v1-v1/NANOAODSIM	NMSSM_XToYH_HTo2T_YTo2WTo4Q_MX_3500_MY_100_TuneCP5_13TeV-madgraph-pythia8	RunIISummer20UL16NanoAODv15-150X_mcRun2_asymptotic_v1-v1	NANOAODSIM	-	-	-	-	-
/NMSSM_XToYH_HTo2T_YTo2WTo4Q_MX_3500_MY_1200_TuneCP5_13TeV-madgraph-pythia8/RunIISummer20UL16NanoAODv15-150X_mcRun2_asymptotic_v1-v1/NANOAODSIM	NMSSM_XToYH_HTo2T_YTo2WTo4Q_MX_3500_MY_1200_TuneCP5_13TeV-madgraph-pythia8	RunIISummer20UL16NanoAODv15-150X_mcRun2_asymptotic_v1-v1	NANOAODSIM	-	-	-	-	-
/NMSSM_XToYH_HTo2T_YTo2WTo4Q_MX_3500_MY_125_TuneCP5_13TeV-madgraph-pythia8/RunIISummer20UL16NanoAODv15-150X_mcRun2_asymptotic_v1-v1/NANOAODSIM	NMSSM_XToYH_HTo2T_YTo2WTo4Q_MX_3500_MY_125_TuneCP5_13TeV-madgraph-pythia8	RunIISummer20UL16NanoAODv15-150X_mcRun2_asymptotic_v1-v1	NANOAODSIM	-	-	-	-	-
/NMSSM_XToYH_HTo2T_YTo2WTo4Q_MX_3500_MY_1400_TuneCP5_13TeV-madgraph-pythia8/RunIISummer20UL16NanoAODv15-150X_mcRun2_asymptotic_v1-v1/NANOAODSIM	NMSSM_XToYH_HTo2T_YTo2WTo4Q_MX_3500_MY_1400_TuneCP5_13TeV-madgraph-pythia8	RunIISummer20UL16NanoAODv15-150X_mcRun2_asymptotic_v1-v1	NANOAODSIM	-	-	-	-	-
/NMSSM_XToYH_HTo2T_YTo2WTo4Q_MX_3500_MY_150_TuneCP5_13TeV-madgraph-pythia8/RunIISummer20UL16NanoAODv15-150X_mcRun2_asymptotic_v1-v1/NANOAODSIM	NMSSM_XToYH_HTo2T_YTo2WTo4Q_MX_3500_MY_150_TuneCP5_13TeV-madgraph-pythia8	RunIISummer20UL16NanoAODv15-150X_mcRun2_asymptotic_v1-v1	NANOAODSIM	-	-	-	-	-
/NMSSM_XToYH_HTo2T_YTo2WTo4Q_MX_3500_MY_1600_TuneCP5_13TeV-madgraph-pythia8/RunIISummer20UL16NanoAODv15-150X_mcRun2_asymptotic_v1-v1/NANOAODSIM	NMSSM_XToYH_HTo2T_YTo2WTo4Q_MX_3500_MY_1600_TuneCP5_13TeV-madgraph-pythia8	RunIISummer20UL16NanoAODv15-150X_mcRun2_asymptotic_v1-v1	NANOAODSIM	-	-	-	-	-
/NMSSM_XToYH_HTo2T_YTo2WTo4Q_MX_3500_MY_1800_TuneCP5_13TeV-madgraph-pythia8/RunIISummer20UL16NanoAODv15-150X_mcRun2_asymptotic_v1-v1/NANOAODSIM	NMSSM_XToYH_HTo2T_YTo2WTo4Q_MX_3500_MY_1800_TuneCP5_13TeV-madgraph-pythia8	RunIISummer20UL16NanoAODv15-150X_mcRun2_asymptotic_v1-v1	NANOAODSIM	-	-	-	-	-
/NMSSM_XToYH_HTo2T_YTo2WTo4Q_MX_3500_MY_2000_TuneCP5_13TeV-madgraph-pythia8/RunIISummer20UL16NanoAODv15-150X_mcRun2_asymptotic_v1-v1/NANOAODSIM	NMSSM_XToYH_HTo2T_YTo2WTo4Q_MX_3500_MY_2000_TuneCP5_13TeV-madgraph-pythia8	RunIISummer20UL16NanoAODv15-150X_mcRun2_asymptotic_v1-v1	NANOAODSIM	-	-	-	-	-
/NMSSM_XToYH_HTo2T_YTo2WTo4Q_MX_3500_MY_200_TuneCP5_13TeV-madgraph-pythia8/RunIISummer20UL16NanoAODv15-150X_mcRun2_asymptotic_v1-v1/NANOAODSIM	NMSSM_XToYH_HTo2T_YTo2WTo4Q_MX_3500_MY_200_TuneCP5_13TeV-madgraph-pythia8	RunIISummer20UL16NanoAODv15-150X_mcRun2_asymptotic_v1-v1	NANOAODSIM	-	-	-	-	-
/NMSSM_XToYH_HTo2T_YTo2WTo4Q_MX_3500_MY_2600_TuneCP5_13TeV-madgraph-pythia8/RunIISummer20UL16NanoAODv15-150X_mcRun2_asymptotic_v1-v1/NANOAODSIM	NMSSM_XToYH_HTo2T_YTo2WTo4Q_MX_3500_MY_2600_TuneCP5_13TeV-madgraph-pythia8	RunIISummer20UL16NanoAODv15-150X_mcRun2_asymptotic_v1-v1	NANOAODSIM	-	-	-	-	-
/NMSSM_XToYH_HTo2T_YTo2WTo4Q_MX_3500_MY_3000_TuneCP5_13TeV-madgraph-pythia8/RunIISummer20UL16NanoAODv15-150X_mcRun2_asymptotic_v1-v1/NANOAODSIM	NMSSM_XToYH_HTo2T_YTo2WTo4Q_MX_3500_MY_3000_TuneCP5_13TeV-madgraph-pythia8	RunIISummer20UL16NanoAODv15-150X_mcRun2_asymptotic_v1-v1	NANOAODSIM	-	-	-	-	-
/NMSSM_XToYH_HTo2T_YTo2WTo4Q_MX_3500_MY_300_TuneCP5_13TeV-madgraph-pythia8/RunIISummer20UL16NanoAODv15-150X_mcRun2_asymptotic_v1-v1/NANOAODSIM	NMSSM_XToYH_HTo2T_YTo2WTo4Q_MX_3500_MY_300_TuneCP5_13TeV-madgraph-pythia8	RunIISummer20UL16NanoAODv15-150X_mcRun2_asymptotic_v1-v1	NANOAODSIM	-	-	-	-	-
/NMSSM_XToYH_HTo2T_YTo2WTo4Q_MX_3500_MY_400_TuneCP5_13TeV-madgraph-pythia8/RunIISummer20UL16NanoAODv15-150X_mcRun2_asymptotic_v1-v1/NANOAODSIM	NMSSM_XToYH_HTo2T_YTo2WTo4Q_MX_3500_MY_400_TuneCP5_13TeV-madgraph-pythia8	RunIISummer20UL16NanoAODv15-150X_mcRun2_asymptotic_v1-v1	NANOAODSIM	-	-	-	-	-
/NMSSM_XToYH_HTo2T_YTo2WTo4Q_MX_3500_MY_500_TuneCP5_13TeV-madgraph-pythia8/RunIISummer20UL16NanoAODv15-150X_mcRun2_asymptotic_v1-v1/NANOAODSIM	NMSSM_XToYH_HTo2T_YTo2WTo4Q_MX_3500_MY_500_TuneCP5_13TeV-madgraph-pythia8	RunIISummer20UL16NanoAODv15-150X_mcRun2_asymptotic_v1-v1	NANOAODSIM	-	-	-	-	-
/NMSSM_XToYH_HTo2T_YTo2WTo4Q_MX_3500_MY_600_TuneCP5_13TeV-madgraph-pythia8/RunIISummer20UL16NanoAODv15-150X_mcRun2_asymptotic_v1-v1/NANOAODSIM	NMSSM_XToYH_HTo2T_YTo2WTo4Q_MX_3500_MY_600_TuneCP5_13TeV-madgraph-pythia8	RunIISummer20UL16NanoAODv15-150X_mcRun2_asymptotic_v1-v1	NANOAODSIM	-	-	-	-	-
/NMSSM_XToYH_HTo2T_YTo2WTo4Q_MX_3500_MY_60_TuneCP5_13TeV-madgraph-pythia8/RunIISummer20UL16NanoAODv15-150X_mcRun2_asymptotic_v1-v1/NANOAODSIM	NMSSM_XToYH_HTo2T_YTo2WTo4Q_MX_3500_MY_60_TuneCP5_13TeV-madgraph-pythia8	RunIISummer20UL16NanoAODv15-150X_mcRun2_asymptotic_v1-v1	NANOAODSIM	-	-	-	-	-
/NMSSM_XToYH_HTo2T_YTo2WTo4Q_MX_3500_MY_70_TuneCP5_13TeV-madgraph-pythia8/RunIISummer20UL16NanoAODv15-150X_mcRun2_asymptotic_v1-v1/NANOAODSIM	NMSSM_XToYH_HTo2T_YTo2WTo4Q_MX_3500_MY_70_TuneCP5_13TeV-madgraph-pythia8	RunIISummer20UL16NanoAODv15-150X_mcRun2_asymptotic_v1-v1	NANOAODSIM	-	-	-	-	-
/NMSSM_XToYH_HTo2T_YTo2WTo4Q_MX_3500_MY_800_TuneCP5_13TeV-madgraph-pythia8/RunIISummer20UL16NanoAODv15-150X_mcRun2_asymptotic_v1-v1/NANOAODSIM	NMSSM_XToYH_HTo2T_YTo2WTo4Q_MX_3500_MY_800_TuneCP5_13TeV-madgraph-pythia8	RunIISummer20UL16NanoAODv15-150X_mcRun2_asymptotic_v1-v1	NANOAODSIM	-	-	-	-	-
/NMSSM_XToYH_HTo2T_YTo2WTo4Q_MX_3500_MY_80_TuneCP5_13TeV-madgraph-pythia8/RunIISummer20UL16NanoAODv15-150X_mcRun2_asymptotic_v1-v1/NANOAODSIM	NMSSM_XToYH_HTo2T_YTo2WTo4Q_MX_3500_MY_80_TuneCP5_13TeV-madgraph-pythia8	RunIISummer20UL16NanoAODv15-150X_mcRun2_asymptotic_v1-v1	NANOAODSIM	-	-	-	-	-
/NMSSM_XToYH_HTo2T_YTo2WTo4Q_MX_3500_MY_90_TuneCP5_13TeV-madgraph-pythia8/RunIISummer20UL16NanoAODv15-150X_mcRun2_asymptotic_v1-v1/NANOAODSIM	NMSSM_XToYH_HTo2T_YTo2WTo4Q_MX_3500_MY_90_TuneCP5_13TeV-madgraph-pythia8	RunIISummer20UL16NanoAODv15-150X_mcRun2_asymptotic_v1-v1	NANOAODSIM	-	-	-	-	-
/NMSSM_XToYH_HTo2T_YTo2WTo4Q_MX_3500_MY_95_TuneCP5_13TeV-madgraph-pythia8/RunIISummer20UL16NanoAODv15-150X_mcRun2_asymptotic_v1-v1/NANOAODSIM	NMSSM_XToYH_HTo2T_YTo2WTo4Q_MX_3500_MY_95_TuneCP5_13TeV-madgraph-pythia8	RunIISummer20UL16NanoAODv15-150X_mcRun2_asymptotic_v1-v1	NANOAODSIM	-	-	-	-	-
/NMSSM_XToYH_HTo2T_YTo2WTo4Q_MX_4000_MY_1000_TuneCP5_13TeV-madgraph-pythia8/RunIISummer20UL16NanoAODv15-150X_mcRun2_asymptotic_v1-v1/NANOAODSIM	NMSSM_XToYH_HTo2T_YTo2WTo4Q_MX_4000_MY_1000_TuneCP5_13TeV-madgraph-pythia8	RunIISummer20UL16NanoAODv15-150X_mcRun2_asymptotic_v1-v1	NANOAODSIM	-	-	-	-	-
/NMSSM_XToYH_HTo2T_YTo2WTo4Q_MX_4000_MY_100_TuneCP5_13TeV-madgraph-pythia8/RunIISummer20UL16NanoAODv15-150X_mcRun2_asymptotic_v1-v1/NANOAODSIM	NMSSM_XToYH_HTo2T_YTo2WTo4Q_MX_4000_MY_100_TuneCP5_13TeV-madgraph-pythia8	RunIISummer20UL16NanoAODv15-150X_mcRun2_asymptotic_v1-v1	NANOAODSIM	-	-	-	-	-
/NMSSM_XToYH_HTo2T_YTo2WTo4Q_MX_4000_MY_1200_TuneCP5_13TeV-madgraph-pythia8/RunIISummer20UL16NanoAODv15-150X_mcRun2_asymptotic_v1-v1/NANOAODSIM	NMSSM_XToYH_HTo2T_YTo2WTo4Q_MX_4000_MY_1200_TuneCP5_13TeV-madgraph-pythia8	RunIISummer20UL16NanoAODv15-150X_mcRun2_asymptotic_v1-v1	NANOAODSIM	-	-	-	-	-
/NMSSM_XToYH_HTo2T_YTo2WTo4Q_MX_4000_MY_125_TuneCP5_13TeV-madgraph-pythia8/RunIISummer20UL16NanoAODv15-150X_mcRun2_asymptotic_v1-v1/NANOAODSIM	NMSSM_XToYH_HTo2T_YTo2WTo4Q_MX_4000_MY_125_TuneCP5_13TeV-madgraph-pythia8	RunIISummer20UL16NanoAODv15-150X_mcRun2_asymptotic_v1-v1	NANOAODSIM	-	-	-	-	-
/NMSSM_XToYH_HTo2T_YTo2WTo4Q_MX_4000_MY_1400_TuneCP5_13TeV-madgraph-pythia8/RunIISummer20UL16NanoAODv15-150X_mcRun2_asymptotic_v1-v1/NANOAODSIM	NMSSM_XToYH_HTo2T_YTo2WTo4Q_MX_4000_MY_1400_TuneCP5_13TeV-madgraph-pythia8	RunIISummer20UL16NanoAODv15-150X_mcRun2_asymptotic_v1-v1	NANOAODSIM	-	-	-	-	-
/NMSSM_XToYH_HTo2T_YTo2WTo4Q_MX_4000_MY_150_TuneCP5_13TeV-madgraph-pythia8/RunIISummer20UL16NanoAODv15-150X_mcRun2_asymptotic_v1-v1/NANOAODSIM	NMSSM_XToYH_HTo2T_YTo2WTo4Q_MX_4000_MY_150_TuneCP5_13TeV-madgraph-pythia8	RunIISummer20UL16NanoAODv15-150X_mcRun2_asymptotic_v1-v1	NANOAODSIM	-	-	-	-	-
/NMSSM_XToYH_HTo2T_YTo2WTo4Q_MX_4000_MY_1600_TuneCP5_13TeV-madgraph-pythia8/RunIISummer20UL16NanoAODv15-150X_mcRun2_asymptotic_v1-v1/NANOAODSIM	NMSSM_XToYH_HTo2T_YTo2WTo4Q_MX_4000_MY_1600_TuneCP5_13TeV-madgraph-pythia8	RunIISummer20UL16NanoAODv15-150X_mcRun2_asymptotic_v1-v1	NANOAODSIM	-	-	-	-	-
/NMSSM_XToYH_HTo2T_YTo2WTo4Q_MX_4000_MY_1800_TuneCP5_13TeV-madgraph-pythia8/RunIISummer20UL16NanoAODv15-150X_mcRun2_asymptotic_v1-v1/NANOAODSIM	NMSSM_XToYH_HTo2T_YTo2WTo4Q_MX_4000_MY_1800_TuneCP5_13TeV-madgraph-pythia8	RunIISummer20UL16NanoAODv15-150X_mcRun2_asymptotic_v1-v1	NANOAODSIM	-	-	-	-	-
/NMSSM_XToYH_HTo2T_YTo2WTo4Q_MX_4000_MY_2000_TuneCP5_13TeV-madgraph-pythia8/RunIISummer20UL16NanoAODv15-150X_mcRun2_asymptotic_v1-v1/NANOAODSIM	NMSSM_XToYH_HTo2T_YTo2WTo4Q_MX_4000_MY_2000_TuneCP5_13TeV-madgraph-pythia8	RunIISummer20UL16NanoAODv15-150X_mcRun2_asymptotic_v1-v1	NANOAODSIM	-	-	-	-	-
/NMSSM_XToYH_HTo2T_YTo2WTo4Q_MX_4000_MY_200_TuneCP5_13TeV-madgraph-pythia8/RunIISummer20UL16NanoAODv15-150X_mcRun2_asymptotic_v1-v1/NANOAODSIM	NMSSM_XToYH_HTo2T_YTo2WTo4Q_MX_4000_MY_200_TuneCP5_13TeV-madgraph-pythia8	RunIISummer20UL16NanoAODv15-150X_mcRun2_asymptotic_v1-v1	NANOAODSIM	-	-	-	-	-
/NMSSM_XToYH_HTo2T_YTo2WTo4Q_MX_4000_MY_2600_TuneCP5_13TeV-madgraph-pythia8/RunIISummer20UL16NanoAODv15-150X_mcRun2_asymptotic_v1-v1/NANOAODSIM	NMSSM_XToYH_HTo2T_YTo2WTo4Q_MX_4000_MY_2600_TuneCP5_13TeV-madgraph-pythia8	RunIISummer20UL16NanoAODv15-150X_mcRun2_asymptotic_v1-v1	NANOAODSIM	-	-	-	-	-
/NMSSM_XToYH_HTo2T_YTo2WTo4Q_MX_4000_MY_3000_TuneCP5_13TeV-madgraph-pythia8/RunIISummer20UL16NanoAODv15-150X_mcRun2_asymptotic_v1-v1/NANOAODSIM	NMSSM_XToYH_HTo2T_YTo2WTo4Q_MX_4000_MY_3000_TuneCP5_13TeV-madgraph-pythia8	RunIISummer20UL16NanoAODv15-150X_mcRun2_asymptotic_v1-v1	NANOAODSIM	-	-	-	-	-
/NMSSM_XToYH_HTo2T_YTo2WTo4Q_MX_4000_MY_300_TuneCP5_13TeV-madgraph-pythia8/RunIISummer20UL16NanoAODv15-150X_mcRun2_asymptotic_v1-v1/NANOAODSIM	NMSSM_XToYH_HTo2T_YTo2WTo4Q_MX_4000_MY_300_TuneCP5_13TeV-madgraph-pythia8	RunIISummer20UL16NanoAODv15-150X_mcRun2_asymptotic_v1-v1	NANOAODSIM	-	-	-	-	-
/NMSSM_XToYH_HTo2T_YTo2WTo4Q_MX_4000_MY_3500_TuneCP5_13TeV-madgraph-pythia8/RunIISummer20UL16NanoAODv15-150X_mcRun2_asymptotic_v1-v1/NANOAODSIM	NMSSM_XToYH_HTo2T_YTo2WTo4Q_MX_4000_MY_3500_TuneCP5_13TeV-madgraph-pythia8	RunIISummer20UL16NanoAODv15-150X_mcRun2_asymptotic_v1-v1	NANOAODSIM	-	-	-	-	-
/NMSSM_XToYH_HTo2T_YTo2WTo4Q_MX_4000_MY_400_TuneCP5_13TeV-madgraph-pythia8/RunIISummer20UL16NanoAODv15-150X_mcRun2_asymptotic_v1-v1/NANOAODSIM	NMSSM_XToYH_HTo2T_YTo2WTo4Q_MX_4000_MY_400_TuneCP5_13TeV-madgraph-pythia8	RunIISummer20UL16NanoAODv15-150X_mcRun2_asymptotic_v1-v1	NANOAODSIM	-	-	-	-	-
/NMSSM_XToYH_HTo2T_YTo2WTo4Q_MX_4000_MY_500_TuneCP5_13TeV-madgraph-pythia8/RunIISummer20UL16NanoAODv15-150X_mcRun2_asymptotic_v1-v1/NANOAODSIM	NMSSM_XToYH_HTo2T_YTo2WTo4Q_MX_4000_MY_500_TuneCP5_13TeV-madgraph-pythia8	RunIISummer20UL16NanoAODv15-150X_mcRun2_asymptotic_v1-v1	NANOAODSIM	-	-	-	-	-
/NMSSM_XToYH_HTo2T_YTo2WTo4Q_MX_4000_MY_600_TuneCP5_13TeV-madgraph-pythia8/RunIISummer20UL16NanoAODv15-150X_mcRun2_asymptotic_v1-v1/NANOAODSIM	NMSSM_XToYH_HTo2T_YTo2WTo4Q_MX_4000_MY_600_TuneCP5_13TeV-madgraph-pythia8	RunIISummer20UL16NanoAODv15-150X_mcRun2_asymptotic_v1-v1	NANOAODSIM	-	-	-	-	-
/NMSSM_XToYH_HTo2T_YTo2WTo4Q_MX_4000_MY_60_TuneCP5_13TeV-madgraph-pythia8/RunIISummer20UL16NanoAODv15-150X_mcRun2_asymptotic_v1-v1/NANOAODSIM	NMSSM_XToYH_HTo2T_YTo2WTo4Q_MX_4000_MY_60_TuneCP5_13TeV-madgraph-pythia8	RunIISummer20UL16NanoAODv15-150X_mcRun2_asymptotic_v1-v1	NANOAODSIM	-	-	-	-	-
/NMSSM_XToYH_HTo2T_YTo2WTo4Q_MX_4000_MY_70_TuneCP5_13TeV-madgraph-pythia8/RunIISummer20UL16NanoAODv15-150X_mcRun2_asymptotic_v1-v1/NANOAODSIM	NMSSM_XToYH_HTo2T_YTo2WTo4Q_MX_4000_MY_70_TuneCP5_13TeV-madgraph-pythia8	RunIISummer20UL16NanoAODv15-150X_mcRun2_asymptotic_v1-v1	NANOAODSIM	-	-	-	-	-
/NMSSM_XToYH_HTo2T_YTo2WTo4Q_MX_4000_MY_800_TuneCP5_13TeV-madgraph-pythia8/RunIISummer20UL16NanoAODv15-150X_mcRun2_asymptotic_v1-v1/NANOAODSIM	NMSSM_XToYH_HTo2T_YTo2WTo4Q_MX_4000_MY_800_TuneCP5_13TeV-madgraph-pythia8	RunIISummer20UL16NanoAODv15-150X_mcRun2_asymptotic_v1-v1	NANOAODSIM	-	-	-	-	-
/NMSSM_XToYH_HTo2T_YTo2WTo4Q_MX_4000_MY_80_TuneCP5_13TeV-madgraph-pythia8/RunIISummer20UL16NanoAODv15-150X_mcRun2_asymptotic_v1-v1/NANOAODSIM	NMSSM_XToYH_HTo2T_YTo2WTo4Q_MX_4000_MY_80_TuneCP5_13TeV-madgraph-pythia8	RunIISummer20UL16NanoAODv15-150X_mcRun2_asymptotic_v1-v1	NANOAODSIM	-	-	-	-	-
/NMSSM_XToYH_HTo2T_YTo2WTo4Q_MX_4000_MY_90_TuneCP5_13TeV-madgraph-pythia8/RunIISummer20UL16NanoAODv15-150X_mcRun2_asymptotic_v1-v1/NANOAODSIM	NMSSM_XToYH_HTo2T_YTo2WTo4Q_MX_4000_MY_90_TuneCP5_13TeV-madgraph-pythia8	RunIISummer20UL16NanoAODv15-150X_mcRun2_asymptotic_v1-v1	NANOAODSIM	-	-	-	-	-
/NMSSM_XToYH_HTo2T_YTo2WTo4Q_MX_4000_MY_95_TuneCP5_13TeV-madgraph-pythia8/RunIISummer20UL16NanoAODv15-150X_mcRun2_asymptotic_v1-v1/NANOAODSIM	NMSSM_XToYH_HTo2T_YTo2WTo4Q_MX_4000_MY_95_TuneCP5_13TeV-madgraph-pythia8	RunIISummer20UL16NanoAODv15-150X_mcRun2_asymptotic_v1-v1	NANOAODSIM	-	-	-	-	-
/NMSSM_XToYH_HTo2T_YTo2WTo4Q_MX_400_MY_100_TuneCP5_13TeV-madgraph-pythia8/RunIISummer20UL16NanoAODv15-150X_mcRun2_asymptotic_v1-v1/NANOAODSIM	NMSSM_XToYH_HTo2T_YTo2WTo4Q_MX_400_MY_100_TuneCP5_13TeV-madgraph-pythia8	RunIISummer20UL16NanoAODv15-150X_mcRun2_asymptotic_v1-v1	NANOAODSIM	-	-	-	-	-
/NMSSM_XToYH_HTo2T_YTo2WTo4Q_MX_400_MY_125_TuneCP5_13TeV-madgraph-pythia8/RunIISummer20UL16NanoAODv15-150X_mcRun2_asymptotic_v1-v1/NANOAODSIM	NMSSM_XToYH_HTo2T_YTo2WTo4Q_MX_400_MY_125_TuneCP5_13TeV-madgraph-pythia8	RunIISummer20UL16NanoAODv15-150X_mcRun2_asymptotic_v1-v1	NANOAODSIM	-	-	-	-	-
/NMSSM_XToYH_HTo2T_YTo2WTo4Q_MX_400_MY_150_TuneCP5_13TeV-madgraph-pythia8/RunIISummer20UL16NanoAODv15-150X_mcRun2_asymptotic_v1-v1/NANOAODSIM	NMSSM_XToYH_HTo2T_YTo2WTo4Q_MX_400_MY_150_TuneCP5_13TeV-madgraph-pythia8	RunIISummer20UL16NanoAODv15-150X_mcRun2_asymptotic_v1-v1	NANOAODSIM	-	-	-	-	-
/NMSSM_XToYH_HTo2T_YTo2WTo4Q_MX_400_MY_200_TuneCP5_13TeV-madgraph-pythia8/RunIISummer20UL16NanoAODv15-150X_mcRun2_asymptotic_v1-v1/NANOAODSIM	NMSSM_XToYH_HTo2T_YTo2WTo4Q_MX_400_MY_200_TuneCP5_13TeV-madgraph-pythia8	RunIISummer20UL16NanoAODv15-150X_mcRun2_asymptotic_v1-v1	NANOAODSIM	-	-	-	-	-
/NMSSM_XToYH_HTo2T_YTo2WTo4Q_MX_400_MY_60_TuneCP5_13TeV-madgraph-pythia8/RunIISummer20UL16NanoAODv15-150X_mcRun2_asymptotic_v1-v1/NANOAODSIM	NMSSM_XToYH_HTo2T_YTo2WTo4Q_MX_400_MY_60_TuneCP5_13TeV-madgraph-pythia8	RunIISummer20UL16NanoAODv15-150X_mcRun2_asymptotic_v1-v1	NANOAODSIM	-	-	-	-	-
/NMSSM_XToYH_HTo2T_YTo2WTo4Q_MX_400_MY_70_TuneCP5_13TeV-madgraph-pythia8/RunIISummer20UL16NanoAODv15-150X_mcRun2_asymptotic_v1-v1/NANOAODSIM	NMSSM_XToYH_HTo2T_YTo2WTo4Q_MX_400_MY_70_TuneCP5_13TeV-madgraph-pythia8	RunIISummer20UL16NanoAODv15-150X_mcRun2_asymptotic_v1-v1	NANOAODSIM	-	-	-	-	-
/NMSSM_XToYH_HTo2T_YTo2WTo4Q_MX_400_MY_80_TuneCP5_13TeV-madgraph-pythia8/RunIISummer20UL16NanoAODv15-150X_mcRun2_asymptotic_v1-v1/NANOAODSIM	NMSSM_XToYH_HTo2T_YTo2WTo4Q_MX_400_MY_80_TuneCP5_13TeV-madgraph-pythia8	RunIISummer20UL16NanoAODv15-150X_mcRun2_asymptotic_v1-v1	NANOAODSIM	-	-	-	-	-
/NMSSM_XToYH_HTo2T_YTo2WTo4Q_MX_400_MY_90_TuneCP5_13TeV-madgraph-pythia8/RunIISummer20UL16NanoAODv15-150X_mcRun2_asymptotic_v1-v1/NANOAODSIM	NMSSM_XToYH_HTo2T_YTo2WTo4Q_MX_400_MY_90_TuneCP5_13TeV-madgraph-pythia8	RunIISummer20UL16NanoAODv15-150X_mcRun2_asymptotic_v1-v1	NANOAODSIM	-	-	-	-	-
/NMSSM_XToYH_HTo2T_YTo2WTo4Q_MX_400_MY_95_TuneCP5_13TeV-madgraph-pythia8/RunIISummer20UL16NanoAODv15-150X_mcRun2_asymptotic_v1-v1/NANOAODSIM	NMSSM_XToYH_HTo2T_YTo2WTo4Q_MX_400_MY_95_TuneCP5_13TeV-madgraph-pythia8	RunIISummer20UL16NanoAODv15-150X_mcRun2_asymptotic_v1-v1	NANOAODSIM	-	-	-	-	-
/NMSSM_XToYH_HTo2T_YTo2WTo4Q_MX_500_MY_100_TuneCP5_13TeV-madgraph-pythia8/RunIISummer20UL16NanoAODv15-150X_mcRun2_asymptotic_v1-v1/NANOAODSIM	NMSSM_XToYH_HTo2T_YTo2WTo4Q_MX_500_MY_100_TuneCP5_13TeV-madgraph-pythia8	RunIISummer20UL16NanoAODv15-150X_mcRun2_asymptotic_v1-v1	NANOAODSIM	-	-	-	-	-
/NMSSM_XToYH_HTo2T_YTo2WTo4Q_MX_500_MY_125_TuneCP5_13TeV-madgraph-pythia8/RunIISummer20UL16NanoAODv15-150X_mcRun2_asymptotic_v1-v1/NANOAODSIM	NMSSM_XToYH_HTo2T_YTo2WTo4Q_MX_500_MY_125_TuneCP5_13TeV-madgraph-pythia8	RunIISummer20UL16NanoAODv15-150X_mcRun2_asymptotic_v1-v1	NANOAODSIM	-	-	-	-	-
/NMSSM_XToYH_HTo2T_YTo2WTo4Q_MX_500_MY_150_TuneCP5_13TeV-madgraph-pythia8/RunIISummer20UL16NanoAODv15-150X_mcRun2_asymptotic_v1-v1/NANOAODSIM	NMSSM_XToYH_HTo2T_YTo2WTo4Q_MX_500_MY_150_TuneCP5_13TeV-madgraph-pythia8	RunIISummer20UL16NanoAODv15-150X_mcRun2_asymptotic_v1-v1	NANOAODSIM	-	-	-	-	-
/NMSSM_XToYH_HTo2T_YTo2WTo4Q_MX_500_MY_200_TuneCP5_13TeV-madgraph-pythia8/RunIISummer20UL16NanoAODv15-150X_mcRun2_asymptotic_v1-v1/NANOAODSIM	NMSSM_XToYH_HTo2T_YTo2WTo4Q_MX_500_MY_200_TuneCP5_13TeV-madgraph-pythia8	RunIISummer20UL16NanoAODv15-150X_mcRun2_asymptotic_v1-v1	NANOAODSIM	-	-	-	-	-
/NMSSM_XToYH_HTo2T_YTo2WTo4Q_MX_500_MY_300_TuneCP5_13TeV-madgraph-pythia8/RunIISummer20UL16NanoAODv15-150X_mcRun2_asymptotic_v1-v1/NANOAODSIM	NMSSM_XToYH_HTo2T_YTo2WTo4Q_MX_500_MY_300_TuneCP5_13TeV-madgraph-pythia8	RunIISummer20UL16NanoAODv15-150X_mcRun2_asymptotic_v1-v1	NANOAODSIM	-	-	-	-	-
/NMSSM_XToYH_HTo2T_YTo2WTo4Q_MX_500_MY_60_TuneCP5_13TeV-madgraph-pythia8/RunIISummer20UL16NanoAODv15-150X_mcRun2_asymptotic_v1-v1/NANOAODSIM	NMSSM_XToYH_HTo2T_YTo2WTo4Q_MX_500_MY_60_TuneCP5_13TeV-madgraph-pythia8	RunIISummer20UL16NanoAODv15-150X_mcRun2_asymptotic_v1-v1	NANOAODSIM	-	-	-	-	-
/NMSSM_XToYH_HTo2T_YTo2WTo4Q_MX_500_MY_70_TuneCP5_13TeV-madgraph-pythia8/RunIISummer20UL16NanoAODv15-150X_mcRun2_asymptotic_v1-v1/NANOAODSIM	NMSSM_XToYH_HTo2T_YTo2WTo4Q_MX_500_MY_70_TuneCP5_13TeV-madgraph-pythia8	RunIISummer20UL16NanoAODv15-150X_mcRun2_asymptotic_v1-v1	NANOAODSIM	-	-	-	-	-
/NMSSM_XToYH_HTo2T_YTo2WTo4Q_MX_500_MY_80_TuneCP5_13TeV-madgraph-pythia8/RunIISummer20UL16NanoAODv15-150X_mcRun2_asymptotic_v1-v1/NANOAODSIM	NMSSM_XToYH_HTo2T_YTo2WTo4Q_MX_500_MY_80_TuneCP5_13TeV-madgraph-pythia8	RunIISummer20UL16NanoAODv15-150X_mcRun2_asymptotic_v1-v1	NANOAODSIM	-	-	-	-	-
/NMSSM_XToYH_HTo2T_YTo2WTo4Q_MX_500_MY_90_TuneCP5_13TeV-madgraph-pythia8/RunIISummer20UL16NanoAODv15-150X_mcRun2_asymptotic_v1-v1/NANOAODSIM	NMSSM_XToYH_HTo2T_YTo2WTo4Q_MX_500_MY_90_TuneCP5_13TeV-madgraph-pythia8	RunIISummer20UL16NanoAODv15-150X_mcRun2_asymptotic_v1-v1	NANOAODSIM	-	-	-	-	-
/NMSSM_XToYH_HTo2T_YTo2WTo4Q_MX_500_MY_95_TuneCP5_13TeV-madgraph-pythia8/RunIISummer20UL16NanoAODv15-150X_mcRun2_asymptotic_v1-v1/NANOAODSIM	NMSSM_XToYH_HTo2T_YTo2WTo4Q_MX_500_MY_95_TuneCP5_13TeV-madgraph-pythia8	RunIISummer20UL16NanoAODv15-150X_mcRun2_asymptotic_v1-v1	NANOAODSIM	-	-	-	-	-
/NMSSM_XToYH_HTo2T_YTo2WTo4Q_MX_550_MY_100_TuneCP5_13TeV-madgraph-pythia8/RunIISummer20UL16NanoAODv15-150X_mcRun2_asymptotic_v1-v1/NANOAODSIM	NMSSM_XToYH_HTo2T_YTo2WTo4Q_MX_550_MY_100_TuneCP5_13TeV-madgraph-pythia8	RunIISummer20UL16NanoAODv15-150X_mcRun2_asymptotic_v1-v1	NANOAODSIM	-	-	-	-	-
/NMSSM_XToYH_HTo2T_YTo2WTo4Q_MX_550_MY_125_TuneCP5_13TeV-madgraph-pythia8/RunIISummer20UL16NanoAODv15-150X_mcRun2_asymptotic_v1-v1/NANOAODSIM	NMSSM_XToYH_HTo2T_YTo2WTo4Q_MX_550_MY_125_TuneCP5_13TeV-madgraph-pythia8	RunIISummer20UL16NanoAODv15-150X_mcRun2_asymptotic_v1-v1	NANOAODSIM	-	-	-	-	-
/NMSSM_XToYH_HTo2T_YTo2WTo4Q_MX_550_MY_150_TuneCP5_13TeV-madgraph-pythia8/RunIISummer20UL16NanoAODv15-150X_mcRun2_asymptotic_v1-v1/NANOAODSIM	NMSSM_XToYH_HTo2T_YTo2WTo4Q_MX_550_MY_150_TuneCP5_13TeV-madgraph-pythia8	RunIISummer20UL16NanoAODv15-150X_mcRun2_asymptotic_v1-v1	NANOAODSIM	-	-	-	-	-
/NMSSM_XToYH_HTo2T_YTo2WTo4Q_MX_550_MY_200_TuneCP5_13TeV-madgraph-pythia8/RunIISummer20UL16NanoAODv15-150X_mcRun2_asymptotic_v1-v1/NANOAODSIM	NMSSM_XToYH_HTo2T_YTo2WTo4Q_MX_550_MY_200_TuneCP5_13TeV-madgraph-pythia8	RunIISummer20UL16NanoAODv15-150X_mcRun2_asymptotic_v1-v1	NANOAODSIM	-	-	-	-	-
/NMSSM_XToYH_HTo2T_YTo2WTo4Q_MX_550_MY_300_TuneCP5_13TeV-madgraph-pythia8/RunIISummer20UL16NanoAODv15-150X_mcRun2_asymptotic_v1-v1/NANOAODSIM	NMSSM_XToYH_HTo2T_YTo2WTo4Q_MX_550_MY_300_TuneCP5_13TeV-madgraph-pythia8	RunIISummer20UL16NanoAODv15-150X_mcRun2_asymptotic_v1-v1	NANOAODSIM	-	-	-	-	-
/NMSSM_XToYH_HTo2T_YTo2WTo4Q_MX_550_MY_400_TuneCP5_13TeV-madgraph-pythia8/RunIISummer20UL16NanoAODv15-150X_mcRun2_asymptotic_v1-v1/NANOAODSIM	NMSSM_XToYH_HTo2T_YTo2WTo4Q_MX_550_MY_400_TuneCP5_13TeV-madgraph-pythia8	RunIISummer20UL16NanoAODv15-150X_mcRun2_asymptotic_v1-v1	NANOAODSIM	-	-	-	-	-
/NMSSM_XToYH_HTo2T_YTo2WTo4Q_MX_550_MY_60_TuneCP5_13TeV-madgraph-pythia8/RunIISummer20UL16NanoAODv15-150X_mcRun2_asymptotic_v1-v1/NANOAODSIM	NMSSM_XToYH_HTo2T_YTo2WTo4Q_MX_550_MY_60_TuneCP5_13TeV-madgraph-pythia8	RunIISummer20UL16NanoAODv15-150X_mcRun2_asymptotic_v1-v1	NANOAODSIM	-	-	-	-	-
/NMSSM_XToYH_HTo2T_YTo2WTo4Q_MX_550_MY_70_TuneCP5_13TeV-madgraph-pythia8/RunIISummer20UL16NanoAODv15-150X_mcRun2_asymptotic_v1-v1/NANOAODSIM	NMSSM_XToYH_HTo2T_YTo2WTo4Q_MX_550_MY_70_TuneCP5_13TeV-madgraph-pythia8	RunIISummer20UL16NanoAODv15-150X_mcRun2_asymptotic_v1-v1	NANOAODSIM	-	-	-	-	-
/NMSSM_XToYH_HTo2T_YTo2WTo4Q_MX_550_MY_80_TuneCP5_13TeV-madgraph-pythia8/RunIISummer20UL16NanoAODv15-150X_mcRun2_asymptotic_v1-v1/NANOAODSIM	NMSSM_XToYH_HTo2T_YTo2WTo4Q_MX_550_MY_80_TuneCP5_13TeV-madgraph-pythia8	RunIISummer20UL16NanoAODv15-150X_mcRun2_asymptotic_v1-v1	NANOAODSIM	-	-	-	-	-
/NMSSM_XToYH_HTo2T_YTo2WTo4Q_MX_550_MY_90_TuneCP5_13TeV-madgraph-pythia8/RunIISummer20UL16NanoAODv15-150X_mcRun2_asymptotic_v1-v1/NANOAODSIM	NMSSM_XToYH_HTo2T_YTo2WTo4Q_MX_550_MY_90_TuneCP5_13TeV-madgraph-pythia8	RunIISummer20UL16NanoAODv15-150X_mcRun2_asymptotic_v1-v1	NANOAODSIM	-	-	-	-	-
/NMSSM_XToYH_HTo2T_YTo2WTo4Q_MX_550_MY_95_TuneCP5_13TeV-madgraph-pythia8/RunIISummer20UL16NanoAODv15-150X_mcRun2_asymptotic_v1-v1/NANOAODSIM	NMSSM_XToYH_HTo2T_YTo2WTo4Q_MX_550_MY_95_TuneCP5_13TeV-madgraph-pythia8	RunIISummer20UL16NanoAODv15-150X_mcRun2_asymptotic_v1-v1	NANOAODSIM	-	-	-	-	-
/NMSSM_XToYH_HTo2T_YTo2WTo4Q_MX_600_MY_100_TuneCP5_13TeV-madgraph-pythia8/RunIISummer20UL16NanoAODv15-150X_mcRun2_asymptotic_v1-v1/NANOAODSIM	NMSSM_XToYH_HTo2T_YTo2WTo4Q_MX_600_MY_100_TuneCP5_13TeV-madgraph-pythia8	RunIISummer20UL16NanoAODv15-150X_mcRun2_asymptotic_v1-v1	NANOAODSIM	-	-	-	-	-
/NMSSM_XToYH_HTo2T_YTo2WTo4Q_MX_600_MY_125_TuneCP5_13TeV-madgraph-pythia8/RunIISummer20UL16NanoAODv15-150X_mcRun2_asymptotic_v1-v1/NANOAODSIM	NMSSM_XToYH_HTo2T_YTo2WTo4Q_MX_600_MY_125_TuneCP5_13TeV-madgraph-pythia8	RunIISummer20UL16NanoAODv15-150X_mcRun2_asymptotic_v1-v1	NANOAODSIM	-	-	-	-	-
/NMSSM_XToYH_HTo2T_YTo2WTo4Q_MX_600_MY_150_TuneCP5_13TeV-madgraph-pythia8/RunIISummer20UL16NanoAODv15-150X_mcRun2_asymptotic_v1-v1/NANOAODSIM	NMSSM_XToYH_HTo2T_YTo2WTo4Q_MX_600_MY_150_TuneCP5_13TeV-madgraph-pythia8	RunIISummer20UL16NanoAODv15-150X_mcRun2_asymptotic_v1-v1	NANOAODSIM	-	-	-	-	-
/NMSSM_XToYH_HTo2T_YTo2WTo4Q_MX_600_MY_200_TuneCP5_13TeV-madgraph-pythia8/RunIISummer20UL16NanoAODv15-150X_mcRun2_asymptotic_v1-v1/NANOAODSIM	NMSSM_XToYH_HTo2T_YTo2WTo4Q_MX_600_MY_200_TuneCP5_13TeV-madgraph-pythia8	RunIISummer20UL16NanoAODv15-150X_mcRun2_asymptotic_v1-v1	NANOAODSIM	-	-	-	-	-
/NMSSM_XToYH_HTo2T_YTo2WTo4Q_MX_600_MY_300_TuneCP5_13TeV-madgraph-pythia8/RunIISummer20UL16NanoAODv15-150X_mcRun2_asymptotic_v1-v1/NANOAODSIM	NMSSM_XToYH_HTo2T_YTo2WTo4Q_MX_600_MY_300_TuneCP5_13TeV-madgraph-pythia8	RunIISummer20UL16NanoAODv15-150X_mcRun2_asymptotic_v1-v1	NANOAODSIM	-	-	-	-	-
/NMSSM_XToYH_HTo2T_YTo2WTo4Q_MX_600_MY_400_TuneCP5_13TeV-madgraph-pythia8/RunIISummer20UL16NanoAODv15-150X_mcRun2_asymptotic_v1-v1/NANOAODSIM	NMSSM_XToYH_HTo2T_YTo2WTo4Q_MX_600_MY_400_TuneCP5_13TeV-madgraph-pythia8	RunIISummer20UL16NanoAODv15-150X_mcRun2_asymptotic_v1-v1	NANOAODSIM	-	-	-	-	-
/NMSSM_XToYH_HTo2T_YTo2WTo4Q_MX_600_MY_60_TuneCP5_13TeV-madgraph-pythia8/RunIISummer20UL16NanoAODv15-150X_mcRun2_asymptotic_v1-v1/NANOAODSIM	NMSSM_XToYH_HTo2T_YTo2WTo4Q_MX_600_MY_60_TuneCP5_13TeV-madgraph-pythia8	RunIISummer20UL16NanoAODv15-150X_mcRun2_asymptotic_v1-v1	NANOAODSIM	-	-	-	-	-
/NMSSM_XToYH_HTo2T_YTo2WTo4Q_MX_600_MY_70_TuneCP5_13TeV-madgraph-pythia8/RunIISummer20UL16NanoAODv15-150X_mcRun2_asymptotic_v1-v1/NANOAODSIM	NMSSM_XToYH_HTo2T_YTo2WTo4Q_MX_600_MY_70_TuneCP5_13TeV-madgraph-pythia8	RunIISummer20UL16NanoAODv15-150X_mcRun2_asymptotic_v1-v1	NANOAODSIM	-	-	-	-	-
/NMSSM_XToYH_HTo2T_YTo2WTo4Q_MX_600_MY_80_TuneCP5_13TeV-madgraph-pythia8/RunIISummer20UL16NanoAODv15-150X_mcRun2_asymptotic_v1-v1/NANOAODSIM	NMSSM_XToYH_HTo2T_YTo2WTo4Q_MX_600_MY_80_TuneCP5_13TeV-madgraph-pythia8	RunIISummer20UL16NanoAODv15-150X_mcRun2_asymptotic_v1-v1	NANOAODSIM	-	-	-	-	-
/NMSSM_XToYH_HTo2T_YTo2WTo4Q_MX_600_MY_90_TuneCP5_13TeV-madgraph-pythia8/RunIISummer20UL16NanoAODv15-150X_mcRun2_asymptotic_v1-v1/NANOAODSIM	NMSSM_XToYH_HTo2T_YTo2WTo4Q_MX_600_MY_90_TuneCP5_13TeV-madgraph-pythia8	RunIISummer20UL16NanoAODv15-150X_mcRun2_asymptotic_v1-v1	NANOAODSIM	-	-	-	-	-
/NMSSM_XToYH_HTo2T_YTo2WTo4Q_MX_600_MY_95_TuneCP5_13TeV-madgraph-pythia8/RunIISummer20UL16NanoAODv15-150X_mcRun2_asymptotic_v1-v1/NANOAODSIM	NMSSM_XToYH_HTo2T_YTo2WTo4Q_MX_600_MY_95_TuneCP5_13TeV-madgraph-pythia8	RunIISummer20UL16NanoAODv15-150X_mcRun2_asymptotic_v1-v1	NANOAODSIM	-	-	-	-	-
/NMSSM_XToYH_HTo2T_YTo2WTo4Q_MX_650_MY_100_TuneCP5_13TeV-madgraph-pythia8/RunIISummer20UL16NanoAODv15-150X_mcRun2_asymptotic_v1-v1/NANOAODSIM	NMSSM_XToYH_HTo2T_YTo2WTo4Q_MX_650_MY_100_TuneCP5_13TeV-madgraph-pythia8	RunIISummer20UL16NanoAODv15-150X_mcRun2_asymptotic_v1-v1	NANOAODSIM	-	-	-	-	-
/NMSSM_XToYH_HTo2T_YTo2WTo4Q_MX_650_MY_125_TuneCP5_13TeV-madgraph-pythia8/RunIISummer20UL16NanoAODv15-150X_mcRun2_asymptotic_v1-v1/NANOAODSIM	NMSSM_XToYH_HTo2T_YTo2WTo4Q_MX_650_MY_125_TuneCP5_13TeV-madgraph-pythia8	RunIISummer20UL16NanoAODv15-150X_mcRun2_asymptotic_v1-v1	NANOAODSIM	-	-	-	-	-
/NMSSM_XToYH_HTo2T_YTo2WTo4Q_MX_650_MY_150_TuneCP5_13TeV-madgraph-pythia8/RunIISummer20UL16NanoAODv15-150X_mcRun2_asymptotic_v1-v1/NANOAODSIM	NMSSM_XToYH_HTo2T_YTo2WTo4Q_MX_650_MY_150_TuneCP5_13TeV-madgraph-pythia8	RunIISummer20UL16NanoAODv15-150X_mcRun2_asymptotic_v1-v1	NANOAODSIM	-	-	-	-	-
/NMSSM_XToYH_HTo2T_YTo2WTo4Q_MX_650_MY_200_TuneCP5_13TeV-madgraph-pythia8/RunIISummer20UL16NanoAODv15-150X_mcRun2_asymptotic_v1-v1/NANOAODSIM	NMSSM_XToYH_HTo2T_YTo2WTo4Q_MX_650_MY_200_TuneCP5_13TeV-madgraph-pythia8	RunIISummer20UL16NanoAODv15-150X_mcRun2_asymptotic_v1-v1	NANOAODSIM	-	-	-	-	-
/NMSSM_XToYH_HTo2T_YTo2WTo4Q_MX_650_MY_300_TuneCP5_13TeV-madgraph-pythia8/RunIISummer20UL16NanoAODv15-150X_mcRun2_asymptotic_v1-v1/NANOAODSIM	NMSSM_XToYH_HTo2T_YTo2WTo4Q_MX_650_MY_300_TuneCP5_13TeV-madgraph-pythia8	RunIISummer20UL16NanoAODv15-150X_mcRun2_asymptotic_v1-v1	NANOAODSIM	-	-	-	-	-
/NMSSM_XToYH_HTo2T_YTo2WTo4Q_MX_650_MY_400_TuneCP5_13TeV-madgraph-pythia8/RunIISummer20UL16NanoAODv15-150X_mcRun2_asymptotic_v1-v1/NANOAODSIM	NMSSM_XToYH_HTo2T_YTo2WTo4Q_MX_650_MY_400_TuneCP5_13TeV-madgraph-pythia8	RunIISummer20UL16NanoAODv15-150X_mcRun2_asymptotic_v1-v1	NANOAODSIM	-	-	-	-	-
/NMSSM_XToYH_HTo2T_YTo2WTo4Q_MX_650_MY_500_TuneCP5_13TeV-madgraph-pythia8/RunIISummer20UL16NanoAODv15-150X_mcRun2_asymptotic_v1-v1/NANOAODSIM	NMSSM_XToYH_HTo2T_YTo2WTo4Q_MX_650_MY_500_TuneCP5_13TeV-madgraph-pythia8	RunIISummer20UL16NanoAODv15-150X_mcRun2_asymptotic_v1-v1	NANOAODSIM	-	-	-	-	-
/NMSSM_XToYH_HTo2T_YTo2WTo4Q_MX_650_MY_60_TuneCP5_13TeV-madgraph-pythia8/RunIISummer20UL16NanoAODv15-150X_mcRun2_asymptotic_v1-v1/NANOAODSIM	NMSSM_XToYH_HTo2T_YTo2WTo4Q_MX_650_MY_60_TuneCP5_13TeV-madgraph-pythia8	RunIISummer20UL16NanoAODv15-150X_mcRun2_asymptotic_v1-v1	NANOAODSIM	-	-	-	-	-
/NMSSM_XToYH_HTo2T_YTo2WTo4Q_MX_650_MY_70_TuneCP5_13TeV-madgraph-pythia8/RunIISummer20UL16NanoAODv15-150X_mcRun2_asymptotic_v1-v1/NANOAODSIM	NMSSM_XToYH_HTo2T_YTo2WTo4Q_MX_650_MY_70_TuneCP5_13TeV-madgraph-pythia8	RunIISummer20UL16NanoAODv15-150X_mcRun2_asymptotic_v1-v1	NANOAODSIM	-	-	-	-	-
/NMSSM_XToYH_HTo2T_YTo2WTo4Q_MX_650_MY_80_TuneCP5_13TeV-madgraph-pythia8/RunIISummer20UL16NanoAODv15-150X_mcRun2_asymptotic_v1-v1/NANOAODSIM	NMSSM_XToYH_HTo2T_YTo2WTo4Q_MX_650_MY_80_TuneCP5_13TeV-madgraph-pythia8	RunIISummer20UL16NanoAODv15-150X_mcRun2_asymptotic_v1-v1	NANOAODSIM	-	-	-	-	-
/NMSSM_XToYH_HTo2T_YTo2WTo4Q_MX_650_MY_90_TuneCP5_13TeV-madgraph-pythia8/RunIISummer20UL16NanoAODv15-150X_mcRun2_asymptotic_v1-v1/NANOAODSIM	NMSSM_XToYH_HTo2T_YTo2WTo4Q_MX_650_MY_90_TuneCP5_13TeV-madgraph-pythia8	RunIISummer20UL16NanoAODv15-150X_mcRun2_asymptotic_v1-v1	NANOAODSIM	-	-	-	-	-
/NMSSM_XToYH_HTo2T_YTo2WTo4Q_MX_650_MY_95_TuneCP5_13TeV-madgraph-pythia8/RunIISummer20UL16NanoAODv15-150X_mcRun2_asymptotic_v1-v1/NANOAODSIM	NMSSM_XToYH_HTo2T_YTo2WTo4Q_MX_650_MY_95_TuneCP5_13TeV-madgraph-pythia8	RunIISummer20UL16NanoAODv15-150X_mcRun2_asymptotic_v1-v1	NANOAODSIM	-	-	-	-	-
/NMSSM_XToYH_HTo2T_YTo2WTo4Q_MX_700_MY_100_TuneCP5_13TeV-madgraph-pythia8/RunIISummer20UL16NanoAODv15-150X_mcRun2_asymptotic_v1-v1/NANOAODSIM	NMSSM_XToYH_HTo2T_YTo2WTo4Q_MX_700_MY_100_TuneCP5_13TeV-madgraph-pythia8	RunIISummer20UL16NanoAODv15-150X_mcRun2_asymptotic_v1-v1	NANOAODSIM	-	-	-	-	-
/NMSSM_XToYH_HTo2T_YTo2WTo4Q_MX_700_MY_125_TuneCP5_13TeV-madgraph-pythia8/RunIISummer20UL16NanoAODv15-150X_mcRun2_asymptotic_v1-v1/NANOAODSIM	NMSSM_XToYH_HTo2T_YTo2WTo4Q_MX_700_MY_125_TuneCP5_13TeV-madgraph-pythia8	RunIISummer20UL16NanoAODv15-150X_mcRun2_asymptotic_v1-v1	NANOAODSIM	-	-	-	-	-
/NMSSM_XToYH_HTo2T_YTo2WTo4Q_MX_700_MY_150_TuneCP5_13TeV-madgraph-pythia8/RunIISummer20UL16NanoAODv15-150X_mcRun2_asymptotic_v1-v1/NANOAODSIM	NMSSM_XToYH_HTo2T_YTo2WTo4Q_MX_700_MY_150_TuneCP5_13TeV-madgraph-pythia8	RunIISummer20UL16NanoAODv15-150X_mcRun2_asymptotic_v1-v1	NANOAODSIM	-	-	-	-	-
/NMSSM_XToYH_HTo2T_YTo2WTo4Q_MX_700_MY_200_TuneCP5_13TeV-madgraph-pythia8/RunIISummer20UL16NanoAODv15-150X_mcRun2_asymptotic_v1-v1/NANOAODSIM	NMSSM_XToYH_HTo2T_YTo2WTo4Q_MX_700_MY_200_TuneCP5_13TeV-madgraph-pythia8	RunIISummer20UL16NanoAODv15-150X_mcRun2_asymptotic_v1-v1	NANOAODSIM	-	-	-	-	-
/NMSSM_XToYH_HTo2T_YTo2WTo4Q_MX_700_MY_300_TuneCP5_13TeV-madgraph-pythia8/RunIISummer20UL16NanoAODv15-150X_mcRun2_asymptotic_v1-v1/NANOAODSIM	NMSSM_XToYH_HTo2T_YTo2WTo4Q_MX_700_MY_300_TuneCP5_13TeV-madgraph-pythia8	RunIISummer20UL16NanoAODv15-150X_mcRun2_asymptotic_v1-v1	NANOAODSIM	-	-	-	-	-
/NMSSM_XToYH_HTo2T_YTo2WTo4Q_MX_700_MY_400_TuneCP5_13TeV-madgraph-pythia8/RunIISummer20UL16NanoAODv15-150X_mcRun2_asymptotic_v1-v1/NANOAODSIM	NMSSM_XToYH_HTo2T_YTo2WTo4Q_MX_700_MY_400_TuneCP5_13TeV-madgraph-pythia8	RunIISummer20UL16NanoAODv15-150X_mcRun2_asymptotic_v1-v1	NANOAODSIM	-	-	-	-	-
/NMSSM_XToYH_HTo2T_YTo2WTo4Q_MX_700_MY_500_TuneCP5_13TeV-madgraph-pythia8/RunIISummer20UL16NanoAODv15-150X_mcRun2_asymptotic_v1-v1/NANOAODSIM	NMSSM_XToYH_HTo2T_YTo2WTo4Q_MX_700_MY_500_TuneCP5_13TeV-madgraph-pythia8	RunIISummer20UL16NanoAODv15-150X_mcRun2_asymptotic_v1-v1	NANOAODSIM	-	-	-	-	-
/NMSSM_XToYH_HTo2T_YTo2WTo4Q_MX_700_MY_60_TuneCP5_13TeV-madgraph-pythia8/RunIISummer20UL16NanoAODv15-150X_mcRun2_asymptotic_v1-v1/NANOAODSIM	NMSSM_XToYH_HTo2T_YTo2WTo4Q_MX_700_MY_60_TuneCP5_13TeV-madgraph-pythia8	RunIISummer20UL16NanoAODv15-150X_mcRun2_asymptotic_v1-v1	NANOAODSIM	-	-	-	-	-
/NMSSM_XToYH_HTo2T_YTo2WTo4Q_MX_700_MY_70_TuneCP5_13TeV-madgraph-pythia8/RunIISummer20UL16NanoAODv15-150X_mcRun2_asymptotic_v1-v1/NANOAODSIM	NMSSM_XToYH_HTo2T_YTo2WTo4Q_MX_700_MY_70_TuneCP5_13TeV-madgraph-pythia8	RunIISummer20UL16NanoAODv15-150X_mcRun2_asymptotic_v1-v1	NANOAODSIM	-	-	-	-	-
/NMSSM_XToYH_HTo2T_YTo2WTo4Q_MX_700_MY_80_TuneCP5_13TeV-madgraph-pythia8/RunIISummer20UL16NanoAODv15-150X_mcRun2_asymptotic_v1-v1/NANOAODSIM	NMSSM_XToYH_HTo2T_YTo2WTo4Q_MX_700_MY_80_TuneCP5_13TeV-madgraph-pythia8	RunIISummer20UL16NanoAODv15-150X_mcRun2_asymptotic_v1-v1	NANOAODSIM	-	-	-	-	-
/NMSSM_XToYH_HTo2T_YTo2WTo4Q_MX_700_MY_90_TuneCP5_13TeV-madgraph-pythia8/RunIISummer20UL16NanoAODv15-150X_mcRun2_asymptotic_v1-v1/NANOAODSIM	NMSSM_XToYH_HTo2T_YTo2WTo4Q_MX_700_MY_90_TuneCP5_13TeV-madgraph-pythia8	RunIISummer20UL16NanoAODv15-150X_mcRun2_asymptotic_v1-v1	NANOAODSIM	-	-	-	-	-
/NMSSM_XToYH_HTo2T_YTo2WTo4Q_MX_700_MY_95_TuneCP5_13TeV-madgraph-pythia8/RunIISummer20UL16NanoAODv15-150X_mcRun2_asymptotic_v1-v1/NANOAODSIM	NMSSM_XToYH_HTo2T_YTo2WTo4Q_MX_700_MY_95_TuneCP5_13TeV-madgraph-pythia8	RunIISummer20UL16NanoAODv15-150X_mcRun2_asymptotic_v1-v1	NANOAODSIM	-	-	-	-	-
/NMSSM_XToYH_HTo2T_YTo2WTo4Q_MX_800_MY_100_TuneCP5_13TeV-madgraph-pythia8/RunIISummer20UL16NanoAODv15-150X_mcRun2_asymptotic_v1-v1/NANOAODSIM	NMSSM_XToYH_HTo2T_YTo2WTo4Q_MX_800_MY_100_TuneCP5_13TeV-madgraph-pythia8	RunIISummer20UL16NanoAODv15-150X_mcRun2_asymptotic_v1-v1	NANOAODSIM	-	-	-	-	-
/NMSSM_XToYH_HTo2T_YTo2WTo4Q_MX_800_MY_125_TuneCP5_13TeV-madgraph-pythia8/RunIISummer20UL16NanoAODv15-150X_mcRun2_asymptotic_v1-v1/NANOAODSIM	NMSSM_XToYH_HTo2T_YTo2WTo4Q_MX_800_MY_125_TuneCP5_13TeV-madgraph-pythia8	RunIISummer20UL16NanoAODv15-150X_mcRun2_asymptotic_v1-v1	NANOAODSIM	-	-	-	-	-
/NMSSM_XToYH_HTo2T_YTo2WTo4Q_MX_800_MY_150_TuneCP5_13TeV-madgraph-pythia8/RunIISummer20UL16NanoAODv15-150X_mcRun2_asymptotic_v1-v1/NANOAODSIM	NMSSM_XToYH_HTo2T_YTo2WTo4Q_MX_800_MY_150_TuneCP5_13TeV-madgraph-pythia8	RunIISummer20UL16NanoAODv15-150X_mcRun2_asymptotic_v1-v1	NANOAODSIM	-	-	-	-	-
/NMSSM_XToYH_HTo2T_YTo2WTo4Q_MX_800_MY_200_TuneCP5_13TeV-madgraph-pythia8/RunIISummer20UL16NanoAODv15-150X_mcRun2_asymptotic_v1-v1/NANOAODSIM	NMSSM_XToYH_HTo2T_YTo2WTo4Q_MX_800_MY_200_TuneCP5_13TeV-madgraph-pythia8	RunIISummer20UL16NanoAODv15-150X_mcRun2_asymptotic_v1-v1	NANOAODSIM	-	-	-	-	-
/NMSSM_XToYH_HTo2T_YTo2WTo4Q_MX_800_MY_300_TuneCP5_13TeV-madgraph-pythia8/RunIISummer20UL16NanoAODv15-150X_mcRun2_asymptotic_v1-v1/NANOAODSIM	NMSSM_XToYH_HTo2T_YTo2WTo4Q_MX_800_MY_300_TuneCP5_13TeV-madgraph-pythia8	RunIISummer20UL16NanoAODv15-150X_mcRun2_asymptotic_v1-v1	NANOAODSIM	-	-	-	-	-
/NMSSM_XToYH_HTo2T_YTo2WTo4Q_MX_800_MY_400_TuneCP5_13TeV-madgraph-pythia8/RunIISummer20UL16NanoAODv15-150X_mcRun2_asymptotic_v1-v1/NANOAODSIM	NMSSM_XToYH_HTo2T_YTo2WTo4Q_MX_800_MY_400_TuneCP5_13TeV-madgraph-pythia8	RunIISummer20UL16NanoAODv15-150X_mcRun2_asymptotic_v1-v1	NANOAODSIM	-	-	-	-	-
/NMSSM_XToYH_HTo2T_YTo2WTo4Q_MX_800_MY_500_TuneCP5_13TeV-madgraph-pythia8/RunIISummer20UL16NanoAODv15-150X_mcRun2_asymptotic_v1-v1/NANOAODSIM	NMSSM_XToYH_HTo2T_YTo2WTo4Q_MX_800_MY_500_TuneCP5_13TeV-madgraph-pythia8	RunIISummer20UL16NanoAODv15-150X_mcRun2_asymptotic_v1-v1	NANOAODSIM	-	-	-	-	-
/NMSSM_XToYH_HTo2T_YTo2WTo4Q_MX_800_MY_600_TuneCP5_13TeV-madgraph-pythia8/RunIISummer20UL16NanoAODv15-150X_mcRun2_asymptotic_v1-v1/NANOAODSIM	NMSSM_XToYH_HTo2T_YTo2WTo4Q_MX_800_MY_600_TuneCP5_13TeV-madgraph-pythia8	RunIISummer20UL16NanoAODv15-150X_mcRun2_asymptotic_v1-v1	NANOAODSIM	-	-	-	-	-
/NMSSM_XToYH_HTo2T_YTo2WTo4Q_MX_800_MY_60_TuneCP5_13TeV-madgraph-pythia8/RunIISummer20UL16NanoAODv15-150X_mcRun2_asymptotic_v1-v1/NANOAODSIM	NMSSM_XToYH_HTo2T_YTo2WTo4Q_MX_800_MY_60_TuneCP5_13TeV-madgraph-pythia8	RunIISummer20UL16NanoAODv15-150X_mcRun2_asymptotic_v1-v1	NANOAODSIM	-	-	-	-	-
/NMSSM_XToYH_HTo2T_YTo2WTo4Q_MX_800_MY_70_TuneCP5_13TeV-madgraph-pythia8/RunIISummer20UL16NanoAODv15-150X_mcRun2_asymptotic_v1-v1/NANOAODSIM	NMSSM_XToYH_HTo2T_YTo2WTo4Q_MX_800_MY_70_TuneCP5_13TeV-madgraph-pythia8	RunIISummer20UL16NanoAODv15-150X_mcRun2_asymptotic_v1-v1	NANOAODSIM	-	-	-	-	-
/NMSSM_XToYH_HTo2T_YTo2WTo4Q_MX_800_MY_80_TuneCP5_13TeV-madgraph-pythia8/RunIISummer20UL16NanoAODv15-150X_mcRun2_asymptotic_v1-v1/NANOAODSIM	NMSSM_XToYH_HTo2T_YTo2WTo4Q_MX_800_MY_80_TuneCP5_13TeV-madgraph-pythia8	RunIISummer20UL16NanoAODv15-150X_mcRun2_asymptotic_v1-v1	NANOAODSIM	-	-	-	-	-
/NMSSM_XToYH_HTo2T_YTo2WTo4Q_MX_800_MY_90_TuneCP5_13TeV-madgraph-pythia8/RunIISummer20UL16NanoAODv15-150X_mcRun2_asymptotic_v1-v1/NANOAODSIM	NMSSM_XToYH_HTo2T_YTo2WTo4Q_MX_800_MY_90_TuneCP5_13TeV-madgraph-pythia8	RunIISummer20UL16NanoAODv15-150X_mcRun2_asymptotic_v1-v1	NANOAODSIM	-	-	-	-	-
/NMSSM_XToYH_HTo2T_YTo2WTo4Q_MX_800_MY_95_TuneCP5_13TeV-madgraph-pythia8/RunIISummer20UL16NanoAODv15-150X_mcRun2_asymptotic_v1-v1/NANOAODSIM	NMSSM_XToYH_HTo2T_YTo2WTo4Q_MX_800_MY_95_TuneCP5_13TeV-madgraph-pythia8	RunIISummer20UL16NanoAODv15-150X_mcRun2_asymptotic_v1-v1	NANOAODSIM	-	-	-	-	-
/NMSSM_XToYH_HTo2T_YTo2WTo4Q_MX_900_MY_100_TuneCP5_13TeV-madgraph-pythia8/RunIISummer20UL16NanoAODv15-150X_mcRun2_asymptotic_v1-v1/NANOAODSIM	NMSSM_XToYH_HTo2T_YTo2WTo4Q_MX_900_MY_100_TuneCP5_13TeV-madgraph-pythia8	RunIISummer20UL16NanoAODv15-150X_mcRun2_asymptotic_v1-v1	NANOAODSIM	-	-	-	-	-
/NMSSM_XToYH_HTo2T_YTo2WTo4Q_MX_900_MY_125_TuneCP5_13TeV-madgraph-pythia8/RunIISummer20UL16NanoAODv15-150X_mcRun2_asymptotic_v1-v1/NANOAODSIM	NMSSM_XToYH_HTo2T_YTo2WTo4Q_MX_900_MY_125_TuneCP5_13TeV-madgraph-pythia8	RunIISummer20UL16NanoAODv15-150X_mcRun2_asymptotic_v1-v1	NANOAODSIM	-	-	-	-	-
/NMSSM_XToYH_HTo2T_YTo2WTo4Q_MX_900_MY_150_TuneCP5_13TeV-madgraph-pythia8/RunIISummer20UL16NanoAODv15-150X_mcRun2_asymptotic_v1-v1/NANOAODSIM	NMSSM_XToYH_HTo2T_YTo2WTo4Q_MX_900_MY_150_TuneCP5_13TeV-madgraph-pythia8	RunIISummer20UL16NanoAODv15-150X_mcRun2_asymptotic_v1-v1	NANOAODSIM	-	-	-	-	-
/NMSSM_XToYH_HTo2T_YTo2WTo4Q_MX_900_MY_200_TuneCP5_13TeV-madgraph-pythia8/RunIISummer20UL16NanoAODv15-150X_mcRun2_asymptotic_v1-v1/NANOAODSIM	NMSSM_XToYH_HTo2T_YTo2WTo4Q_MX_900_MY_200_TuneCP5_13TeV-madgraph-pythia8	RunIISummer20UL16NanoAODv15-150X_mcRun2_asymptotic_v1-v1	NANOAODSIM	-	-	-	-	-
/NMSSM_XToYH_HTo2T_YTo2WTo4Q_MX_900_MY_300_TuneCP5_13TeV-madgraph-pythia8/RunIISummer20UL16NanoAODv15-150X_mcRun2_asymptotic_v1-v1/NANOAODSIM	NMSSM_XToYH_HTo2T_YTo2WTo4Q_MX_900_MY_300_TuneCP5_13TeV-madgraph-pythia8	RunIISummer20UL16NanoAODv15-150X_mcRun2_asymptotic_v1-v1	NANOAODSIM	-	-	-	-	-
/NMSSM_XToYH_HTo2T_YTo2WTo4Q_MX_900_MY_400_TuneCP5_13TeV-madgraph-pythia8/RunIISummer20UL16NanoAODv15-150X_mcRun2_asymptotic_v1-v1/NANOAODSIM	NMSSM_XToYH_HTo2T_YTo2WTo4Q_MX_900_MY_400_TuneCP5_13TeV-madgraph-pythia8	RunIISummer20UL16NanoAODv15-150X_mcRun2_asymptotic_v1-v1	NANOAODSIM	-	-	-	-	-
/NMSSM_XToYH_HTo2T_YTo2WTo4Q_MX_900_MY_500_TuneCP5_13TeV-madgraph-pythia8/RunIISummer20UL16NanoAODv15-150X_mcRun2_asymptotic_v1-v1/NANOAODSIM	NMSSM_XToYH_HTo2T_YTo2WTo4Q_MX_900_MY_500_TuneCP5_13TeV-madgraph-pythia8	RunIISummer20UL16NanoAODv15-150X_mcRun2_asymptotic_v1-v1	NANOAODSIM	-	-	-	-	-
/NMSSM_XToYH_HTo2T_YTo2WTo4Q_MX_900_MY_600_TuneCP5_13TeV-madgraph-pythia8/RunIISummer20UL16NanoAODv15-150X_mcRun2_asymptotic_v1-v1/NANOAODSIM	NMSSM_XToYH_HTo2T_YTo2WTo4Q_MX_900_MY_600_TuneCP5_13TeV-madgraph-pythia8	RunIISummer20UL16NanoAODv15-150X_mcRun2_asymptotic_v1-v1	NANOAODSIM	-	-	-	-	-
/NMSSM_XToYH_HTo2T_YTo2WTo4Q_MX_900_MY_60_TuneCP5_13TeV-madgraph-pythia8/RunIISummer20UL16NanoAODv15-150X_mcRun2_asymptotic_v1-v1/NANOAODSIM	NMSSM_XToYH_HTo2T_YTo2WTo4Q_MX_900_MY_60_TuneCP5_13TeV-madgraph-pythia8	RunIISummer20UL16NanoAODv15-150X_mcRun2_asymptotic_v1-v1	NANOAODSIM	-	-	-	-	-
/NMSSM_XToYH_HTo2T_YTo2WTo4Q_MX_900_MY_70_TuneCP5_13TeV-madgraph-pythia8/RunIISummer20UL16NanoAODv15-150X_mcRun2_asymptotic_v1-v1/NANOAODSIM	NMSSM_XToYH_HTo2T_YTo2WTo4Q_MX_900_MY_70_TuneCP5_13TeV-madgraph-pythia8	RunIISummer20UL16NanoAODv15-150X_mcRun2_asymptotic_v1-v1	NANOAODSIM	-	-	-	-	-
/NMSSM_XToYH_HTo2T_YTo2WTo4Q_MX_900_MY_80_TuneCP5_13TeV-madgraph-pythia8/RunIISummer20UL16NanoAODv15-150X_mcRun2_asymptotic_v1-v1/NANOAODSIM	NMSSM_XToYH_HTo2T_YTo2WTo4Q_MX_900_MY_80_TuneCP5_13TeV-madgraph-pythia8	RunIISummer20UL16NanoAODv15-150X_mcRun2_asymptotic_v1-v1	NANOAODSIM	-	-	-	-	-
/NMSSM_XToYH_HTo2T_YTo2WTo4Q_MX_900_MY_90_TuneCP5_13TeV-madgraph-pythia8/RunIISummer20UL16NanoAODv15-150X_mcRun2_asymptotic_v1-v1/NANOAODSIM	NMSSM_XToYH_HTo2T_YTo2WTo4Q_MX_900_MY_90_TuneCP5_13TeV-madgraph-pythia8	RunIISummer20UL16NanoAODv15-150X_mcRun2_asymptotic_v1-v1	NANOAODSIM	-	-	-	-	-
/NMSSM_XToYH_HTo2T_YTo2WTo4Q_MX_900_MY_95_TuneCP5_13TeV-madgraph-pythia8/RunIISummer20UL16NanoAODv15-150X_mcRun2_asymptotic_v1-v1/NANOAODSIM	NMSSM_XToYH_HTo2T_YTo2WTo4Q_MX_900_MY_95_TuneCP5_13TeV-madgraph-pythia8	RunIISummer20UL16NanoAODv15-150X_mcRun2_asymptotic_v1-v1	NANOAODSIM	-	-	-	-	-
/NMSSM_XToYH_HTo2WTo4Q_YTo2T_MX_1000_MY_100_TuneCP5_13TeV-madgraph-pythia8/RunIISummer20UL16NanoAODv15-150X_mcRun2_asymptotic_v1-v1/NANOAODSIM	NMSSM_XToYH_HTo2WTo4Q_YTo2T_MX_1000_MY_100_TuneCP5_13TeV-madgraph-pythia8	RunIISummer20UL16NanoAODv15-150X_mcRun2_asymptotic_v1-v1	NANOAODSIM	-	-	-	-	-
/NMSSM_XToYH_HTo2WTo4Q_YTo2T_MX_1000_MY_125_TuneCP5_13TeV-madgraph-pythia8/RunIISummer20UL16NanoAODv15-150X_mcRun2_asymptotic_v1-v1/NANOAODSIM	NMSSM_XToYH_HTo2WTo4Q_YTo2T_MX_1000_MY_125_TuneCP5_13TeV-madgraph-pythia8	RunIISummer20UL16NanoAODv15-150X_mcRun2_asymptotic_v1-v1	NANOAODSIM	-	-	-	-	-
/NMSSM_XToYH_HTo2WTo4Q_YTo2T_MX_1000_MY_150_TuneCP5_13TeV-madgraph-pythia8/RunIISummer20UL16NanoAODv15-150X_mcRun2_asymptotic_v1-v1/NANOAODSIM	NMSSM_XToYH_HTo2WTo4Q_YTo2T_MX_1000_MY_150_TuneCP5_13TeV-madgraph-pythia8	RunIISummer20UL16NanoAODv15-150X_mcRun2_asymptotic_v1-v1	NANOAODSIM	-	-	-	-	-
/NMSSM_XToYH_HTo2WTo4Q_YTo2T_MX_1000_MY_200_TuneCP5_13TeV-madgraph-pythia8/RunIISummer20UL16NanoAODv15-150X_mcRun2_asymptotic_v1-v1/NANOAODSIM	NMSSM_XToYH_HTo2WTo4Q_YTo2T_MX_1000_MY_200_TuneCP5_13TeV-madgraph-pythia8	RunIISummer20UL16NanoAODv15-150X_mcRun2_asymptotic_v1-v1	NANOAODSIM	-	-	-	-	-
/NMSSM_XToYH_HTo2WTo4Q_YTo2T_MX_1000_MY_300_TuneCP5_13TeV-madgraph-pythia8/RunIISummer20UL16NanoAODv15-150X_mcRun2_asymptotic_v1-v1/NANOAODSIM	NMSSM_XToYH_HTo2WTo4Q_YTo2T_MX_1000_MY_300_TuneCP5_13TeV-madgraph-pythia8	RunIISummer20UL16NanoAODv15-150X_mcRun2_asymptotic_v1-v1	NANOAODSIM	-	-	-	-	-
/NMSSM_XToYH_HTo2WTo4Q_YTo2T_MX_1000_MY_400_TuneCP5_13TeV-madgraph-pythia8/RunIISummer20UL16NanoAODv15-150X_mcRun2_asymptotic_v1-v1/NANOAODSIM	NMSSM_XToYH_HTo2WTo4Q_YTo2T_MX_1000_MY_400_TuneCP5_13TeV-madgraph-pythia8	RunIISummer20UL16NanoAODv15-150X_mcRun2_asymptotic_v1-v1	NANOAODSIM	-	-	-	-	-
/NMSSM_XToYH_HTo2WTo4Q_YTo2T_MX_1000_MY_500_TuneCP5_13TeV-madgraph-pythia8/RunIISummer20UL16NanoAODv15-150X_mcRun2_asymptotic_v1-v1/NANOAODSIM	NMSSM_XToYH_HTo2WTo4Q_YTo2T_MX_1000_MY_500_TuneCP5_13TeV-madgraph-pythia8	RunIISummer20UL16NanoAODv15-150X_mcRun2_asymptotic_v1-v1	NANOAODSIM	-	-	-	-	-
/NMSSM_XToYH_HTo2WTo4Q_YTo2T_MX_1000_MY_600_TuneCP5_13TeV-madgraph-pythia8/RunIISummer20UL16NanoAODv15-150X_mcRun2_asymptotic_v1-v1/NANOAODSIM	NMSSM_XToYH_HTo2WTo4Q_YTo2T_MX_1000_MY_600_TuneCP5_13TeV-madgraph-pythia8	RunIISummer20UL16NanoAODv15-150X_mcRun2_asymptotic_v1-v1	NANOAODSIM	-	-	-	-	-
/NMSSM_XToYH_HTo2WTo4Q_YTo2T_MX_1000_MY_60_TuneCP5_13TeV-madgraph-pythia8/RunIISummer20UL16NanoAODv15-150X_mcRun2_asymptotic_v1-v1/NANOAODSIM	NMSSM_XToYH_HTo2WTo4Q_YTo2T_MX_1000_MY_60_TuneCP5_13TeV-madgraph-pythia8	RunIISummer20UL16NanoAODv15-150X_mcRun2_asymptotic_v1-v1	NANOAODSIM	-	-	-	-	-
/NMSSM_XToYH_HTo2WTo4Q_YTo2T_MX_1000_MY_70_TuneCP5_13TeV-madgraph-pythia8/RunIISummer20UL16NanoAODv15-150X_mcRun2_asymptotic_v1-v1/NANOAODSIM	NMSSM_XToYH_HTo2WTo4Q_YTo2T_MX_1000_MY_70_TuneCP5_13TeV-madgraph-pythia8	RunIISummer20UL16NanoAODv15-150X_mcRun2_asymptotic_v1-v1	NANOAODSIM	-	-	-	-	-
/NMSSM_XToYH_HTo2WTo4Q_YTo2T_MX_1000_MY_800_TuneCP5_13TeV-madgraph-pythia8/RunIISummer20UL16NanoAODv15-150X_mcRun2_asymptotic_v1-v1/NANOAODSIM	NMSSM_XToYH_HTo2WTo4Q_YTo2T_MX_1000_MY_800_TuneCP5_13TeV-madgraph-pythia8	RunIISummer20UL16NanoAODv15-150X_mcRun2_asymptotic_v1-v1	NANOAODSIM	-	-	-	-	-
/NMSSM_XToYH_HTo2WTo4Q_YTo2T_MX_1000_MY_80_TuneCP5_13TeV-madgraph-pythia8/RunIISummer20UL16NanoAODv15-150X_mcRun2_asymptotic_v1-v1/NANOAODSIM	NMSSM_XToYH_HTo2WTo4Q_YTo2T_MX_1000_MY_80_TuneCP5_13TeV-madgraph-pythia8	RunIISummer20UL16NanoAODv15-150X_mcRun2_asymptotic_v1-v1	NANOAODSIM	-	-	-	-	-
/NMSSM_XToYH_HTo2WTo4Q_YTo2T_MX_1000_MY_90_TuneCP5_13TeV-madgraph-pythia8/RunIISummer20UL16NanoAODv15-150X_mcRun2_asymptotic_v1-v1/NANOAODSIM	NMSSM_XToYH_HTo2WTo4Q_YTo2T_MX_1000_MY_90_TuneCP5_13TeV-madgraph-pythia8	RunIISummer20UL16NanoAODv15-150X_mcRun2_asymptotic_v1-v1	NANOAODSIM	-	-	-	-	-
/NMSSM_XToYH_HTo2WTo4Q_YTo2T_MX_1000_MY_95_TuneCP5_13TeV-madgraph-pythia8/RunIISummer20UL16NanoAODv15-150X_mcRun2_asymptotic_v1-v1/NANOAODSIM	NMSSM_XToYH_HTo2WTo4Q_YTo2T_MX_1000_MY_95_TuneCP5_13TeV-madgraph-pythia8	RunIISummer20UL16NanoAODv15-150X_mcRun2_asymptotic_v1-v1	NANOAODSIM	-	-	-	-	-
/NMSSM_XToYH_HTo2WTo4Q_YTo2T_MX_1200_MY_1000_TuneCP5_13TeV-madgraph-pythia8/RunIISummer20UL16NanoAODv15-150X_mcRun2_asymptotic_v1-v1/NANOAODSIM	NMSSM_XToYH_HTo2WTo4Q_YTo2T_MX_1200_MY_1000_TuneCP5_13TeV-madgraph-pythia8	RunIISummer20UL16NanoAODv15-150X_mcRun2_asymptotic_v1-v1	NANOAODSIM	-	-	-	-	-
/NMSSM_XToYH_HTo2WTo4Q_YTo2T_MX_1200_MY_100_TuneCP5_13TeV-madgraph-pythia8/RunIISummer20UL16NanoAODv15-150X_mcRun2_asymptotic_v1-v1/NANOAODSIM	NMSSM_XToYH_HTo2WTo4Q_YTo2T_MX_1200_MY_100_TuneCP5_13TeV-madgraph-pythia8	RunIISummer20UL16NanoAODv15-150X_mcRun2_asymptotic_v1-v1	NANOAODSIM	-	-	-	-	-
/NMSSM_XToYH_HTo2WTo4Q_YTo2T_MX_1200_MY_125_TuneCP5_13TeV-madgraph-pythia8/RunIISummer20UL16NanoAODv15-150X_mcRun2_asymptotic_v1-v1/NANOAODSIM	NMSSM_XToYH_HTo2WTo4Q_YTo2T_MX_1200_MY_125_TuneCP5_13TeV-madgraph-pythia8	RunIISummer20UL16NanoAODv15-150X_mcRun2_asymptotic_v1-v1	NANOAODSIM	-	-	-	-	-
/NMSSM_XToYH_HTo2WTo4Q_YTo2T_MX_1200_MY_150_TuneCP5_13TeV-madgraph-pythia8/RunIISummer20UL16NanoAODv15-150X_mcRun2_asymptotic_v1-v1/NANOAODSIM	NMSSM_XToYH_HTo2WTo4Q_YTo2T_MX_1200_MY_150_TuneCP5_13TeV-madgraph-pythia8	RunIISummer20UL16NanoAODv15-150X_mcRun2_asymptotic_v1-v1	NANOAODSIM	-	-	-	-	-
/NMSSM_XToYH_HTo2WTo4Q_YTo2T_MX_1200_MY_200_TuneCP5_13TeV-madgraph-pythia8/RunIISummer20UL16NanoAODv15-150X_mcRun2_asymptotic_v1-v1/NANOAODSIM	NMSSM_XToYH_HTo2WTo4Q_YTo2T_MX_1200_MY_200_TuneCP5_13TeV-madgraph-pythia8	RunIISummer20UL16NanoAODv15-150X_mcRun2_asymptotic_v1-v1	NANOAODSIM	-	-	-	-	-
/NMSSM_XToYH_HTo2WTo4Q_YTo2T_MX_1200_MY_300_TuneCP5_13TeV-madgraph-pythia8/RunIISummer20UL16NanoAODv15-150X_mcRun2_asymptotic_v1-v1/NANOAODSIM	NMSSM_XToYH_HTo2WTo4Q_YTo2T_MX_1200_MY_300_TuneCP5_13TeV-madgraph-pythia8	RunIISummer20UL16NanoAODv15-150X_mcRun2_asymptotic_v1-v1	NANOAODSIM	-	-	-	-	-
/NMSSM_XToYH_HTo2WTo4Q_YTo2T_MX_1200_MY_400_TuneCP5_13TeV-madgraph-pythia8/RunIISummer20UL16NanoAODv15-150X_mcRun2_asymptotic_v1-v1/NANOAODSIM	NMSSM_XToYH_HTo2WTo4Q_YTo2T_MX_1200_MY_400_TuneCP5_13TeV-madgraph-pythia8	RunIISummer20UL16NanoAODv15-150X_mcRun2_asymptotic_v1-v1	NANOAODSIM	-	-	-	-	-
/NMSSM_XToYH_HTo2WTo4Q_YTo2T_MX_1200_MY_500_TuneCP5_13TeV-madgraph-pythia8/RunIISummer20UL16NanoAODv15-150X_mcRun2_asymptotic_v1-v1/NANOAODSIM	NMSSM_XToYH_HTo2WTo4Q_YTo2T_MX_1200_MY_500_TuneCP5_13TeV-madgraph-pythia8	RunIISummer20UL16NanoAODv15-150X_mcRun2_asymptotic_v1-v1	NANOAODSIM	-	-	-	-	-
/NMSSM_XToYH_HTo2WTo4Q_YTo2T_MX_1200_MY_600_TuneCP5_13TeV-madgraph-pythia8/RunIISummer20UL16NanoAODv15-150X_mcRun2_asymptotic_v1-v1/NANOAODSIM	NMSSM_XToYH_HTo2WTo4Q_YTo2T_MX_1200_MY_600_TuneCP5_13TeV-madgraph-pythia8	RunIISummer20UL16NanoAODv15-150X_mcRun2_asymptotic_v1-v1	NANOAODSIM	-	-	-	-	-
/NMSSM_XToYH_HTo2WTo4Q_YTo2T_MX_1200_MY_60_TuneCP5_13TeV-madgraph-pythia8/RunIISummer20UL16NanoAODv15-150X_mcRun2_asymptotic_v1-v1/NANOAODSIM	NMSSM_XToYH_HTo2WTo4Q_YTo2T_MX_1200_MY_60_TuneCP5_13TeV-madgraph-pythia8	RunIISummer20UL16NanoAODv15-150X_mcRun2_asymptotic_v1-v1	NANOAODSIM	-	-	-	-	-
/NMSSM_XToYH_HTo2WTo4Q_YTo2T_MX_1200_MY_70_TuneCP5_13TeV-madgraph-pythia8/RunIISummer20UL16NanoAODv15-150X_mcRun2_asymptotic_v1-v1/NANOAODSIM	NMSSM_XToYH_HTo2WTo4Q_YTo2T_MX_1200_MY_70_TuneCP5_13TeV-madgraph-pythia8	RunIISummer20UL16NanoAODv15-150X_mcRun2_asymptotic_v1-v1	NANOAODSIM	-	-	-	-	-
/NMSSM_XToYH_HTo2WTo4Q_YTo2T_MX_1200_MY_800_TuneCP5_13TeV-madgraph-pythia8/RunIISummer20UL16NanoAODv15-150X_mcRun2_asymptotic_v1-v1/NANOAODSIM	NMSSM_XToYH_HTo2WTo4Q_YTo2T_MX_1200_MY_800_TuneCP5_13TeV-madgraph-pythia8	RunIISummer20UL16NanoAODv15-150X_mcRun2_asymptotic_v1-v1	NANOAODSIM	-	-	-	-	-
/NMSSM_XToYH_HTo2WTo4Q_YTo2T_MX_1200_MY_80_TuneCP5_13TeV-madgraph-pythia8/RunIISummer20UL16NanoAODv15-150X_mcRun2_asymptotic_v1-v1/NANOAODSIM	NMSSM_XToYH_HTo2WTo4Q_YTo2T_MX_1200_MY_80_TuneCP5_13TeV-madgraph-pythia8	RunIISummer20UL16NanoAODv15-150X_mcRun2_asymptotic_v1-v1	NANOAODSIM	-	-	-	-	-
/NMSSM_XToYH_HTo2WTo4Q_YTo2T_MX_1200_MY_90_TuneCP5_13TeV-madgraph-pythia8/RunIISummer20UL16NanoAODv15-150X_mcRun2_asymptotic_v1-v1/NANOAODSIM	NMSSM_XToYH_HTo2WTo4Q_YTo2T_MX_1200_MY_90_TuneCP5_13TeV-madgraph-pythia8	RunIISummer20UL16NanoAODv15-150X_mcRun2_asymptotic_v1-v1	NANOAODSIM	-	-	-	-	-
/NMSSM_XToYH_HTo2WTo4Q_YTo2T_MX_1200_MY_95_TuneCP5_13TeV-madgraph-pythia8/RunIISummer20UL16NanoAODv15-150X_mcRun2_asymptotic_v1-v1/NANOAODSIM	NMSSM_XToYH_HTo2WTo4Q_YTo2T_MX_1200_MY_95_TuneCP5_13TeV-madgraph-pythia8	RunIISummer20UL16NanoAODv15-150X_mcRun2_asymptotic_v1-v1	NANOAODSIM	-	-	-	-	-
/NMSSM_XToYH_HTo2WTo4Q_YTo2T_MX_1400_MY_1000_TuneCP5_13TeV-madgraph-pythia8/RunIISummer20UL16NanoAODv15-150X_mcRun2_asymptotic_v1-v1/NANOAODSIM	NMSSM_XToYH_HTo2WTo4Q_YTo2T_MX_1400_MY_1000_TuneCP5_13TeV-madgraph-pythia8	RunIISummer20UL16NanoAODv15-150X_mcRun2_asymptotic_v1-v1	NANOAODSIM	-	-	-	-	-
/NMSSM_XToYH_HTo2WTo4Q_YTo2T_MX_1400_MY_100_TuneCP5_13TeV-madgraph-pythia8/RunIISummer20UL16NanoAODv15-150X_mcRun2_asymptotic_v1-v1/NANOAODSIM	NMSSM_XToYH_HTo2WTo4Q_YTo2T_MX_1400_MY_100_TuneCP5_13TeV-madgraph-pythia8	RunIISummer20UL16NanoAODv15-150X_mcRun2_asymptotic_v1-v1	NANOAODSIM	-	-	-	-	-
/NMSSM_XToYH_HTo2WTo4Q_YTo2T_MX_1400_MY_1200_TuneCP5_13TeV-madgraph-pythia8/RunIISummer20UL16NanoAODv15-150X_mcRun2_asymptotic_v1-v1/NANOAODSIM	NMSSM_XToYH_HTo2WTo4Q_YTo2T_MX_1400_MY_1200_TuneCP5_13TeV-madgraph-pythia8	RunIISummer20UL16NanoAODv15-150X_mcRun2_asymptotic_v1-v1	NANOAODSIM	-	-	-	-	-
/NMSSM_XToYH_HTo2WTo4Q_YTo2T_MX_1400_MY_125_TuneCP5_13TeV-madgraph-pythia8/RunIISummer20UL16NanoAODv15-150X_mcRun2_asymptotic_v1-v1/NANOAODSIM	NMSSM_XToYH_HTo2WTo4Q_YTo2T_MX_1400_MY_125_TuneCP5_13TeV-madgraph-pythia8	RunIISummer20UL16NanoAODv15-150X_mcRun2_asymptotic_v1-v1	NANOAODSIM	-	-	-	-	-
/NMSSM_XToYH_HTo2WTo4Q_YTo2T_MX_1400_MY_150_TuneCP5_13TeV-madgraph-pythia8/RunIISummer20UL16NanoAODv15-150X_mcRun2_asymptotic_v1-v1/NANOAODSIM	NMSSM_XToYH_HTo2WTo4Q_YTo2T_MX_1400_MY_150_TuneCP5_13TeV-madgraph-pythia8	RunIISummer20UL16NanoAODv15-150X_mcRun2_asymptotic_v1-v1	NANOAODSIM	-	-	-	-	-
/NMSSM_XToYH_HTo2WTo4Q_YTo2T_MX_1400_MY_200_TuneCP5_13TeV-madgraph-pythia8/RunIISummer20UL16NanoAODv15-150X_mcRun2_asymptotic_v1-v1/NANOAODSIM	NMSSM_XToYH_HTo2WTo4Q_YTo2T_MX_1400_MY_200_TuneCP5_13TeV-madgraph-pythia8	RunIISummer20UL16NanoAODv15-150X_mcRun2_asymptotic_v1-v1	NANOAODSIM	-	-	-	-	-
/NMSSM_XToYH_HTo2WTo4Q_YTo2T_MX_1400_MY_300_TuneCP5_13TeV-madgraph-pythia8/RunIISummer20UL16NanoAODv15-150X_mcRun2_asymptotic_v1-v1/NANOAODSIM	NMSSM_XToYH_HTo2WTo4Q_YTo2T_MX_1400_MY_300_TuneCP5_13TeV-madgraph-pythia8	RunIISummer20UL16NanoAODv15-150X_mcRun2_asymptotic_v1-v1	NANOAODSIM	-	-	-	-	-
/NMSSM_XToYH_HTo2WTo4Q_YTo2T_MX_1400_MY_400_TuneCP5_13TeV-madgraph-pythia8/RunIISummer20UL16NanoAODv15-150X_mcRun2_asymptotic_v1-v1/NANOAODSIM	NMSSM_XToYH_HTo2WTo4Q_YTo2T_MX_1400_MY_400_TuneCP5_13TeV-madgraph-pythia8	RunIISummer20UL16NanoAODv15-150X_mcRun2_asymptotic_v1-v1	NANOAODSIM	-	-	-	-	-
/NMSSM_XToYH_HTo2WTo4Q_YTo2T_MX_1400_MY_500_TuneCP5_13TeV-madgraph-pythia8/RunIISummer20UL16NanoAODv15-150X_mcRun2_asymptotic_v1-v1/NANOAODSIM	NMSSM_XToYH_HTo2WTo4Q_YTo2T_MX_1400_MY_500_TuneCP5_13TeV-madgraph-pythia8	RunIISummer20UL16NanoAODv15-150X_mcRun2_asymptotic_v1-v1	NANOAODSIM	-	-	-	-	-
/NMSSM_XToYH_HTo2WTo4Q_YTo2T_MX_1400_MY_600_TuneCP5_13TeV-madgraph-pythia8/RunIISummer20UL16NanoAODv15-150X_mcRun2_asymptotic_v1-v1/NANOAODSIM	NMSSM_XToYH_HTo2WTo4Q_YTo2T_MX_1400_MY_600_TuneCP5_13TeV-madgraph-pythia8	RunIISummer20UL16NanoAODv15-150X_mcRun2_asymptotic_v1-v1	NANOAODSIM	-	-	-	-	-
/NMSSM_XToYH_HTo2WTo4Q_YTo2T_MX_1400_MY_60_TuneCP5_13TeV-madgraph-pythia8/RunIISummer20UL16NanoAODv15-150X_mcRun2_asymptotic_v1-v1/NANOAODSIM	NMSSM_XToYH_HTo2WTo4Q_YTo2T_MX_1400_MY_60_TuneCP5_13TeV-madgraph-pythia8	RunIISummer20UL16NanoAODv15-150X_mcRun2_asymptotic_v1-v1	NANOAODSIM	-	-	-	-	-
/NMSSM_XToYH_HTo2WTo4Q_YTo2T_MX_1400_MY_70_TuneCP5_13TeV-madgraph-pythia8/RunIISummer20UL16NanoAODv15-150X_mcRun2_asymptotic_v1-v1/NANOAODSIM	NMSSM_XToYH_HTo2WTo4Q_YTo2T_MX_1400_MY_70_TuneCP5_13TeV-madgraph-pythia8	RunIISummer20UL16NanoAODv15-150X_mcRun2_asymptotic_v1-v1	NANOAODSIM	-	-	-	-	-
/NMSSM_XToYH_HTo2WTo4Q_YTo2T_MX_1400_MY_800_TuneCP5_13TeV-madgraph-pythia8/RunIISummer20UL16NanoAODv15-150X_mcRun2_asymptotic_v1-v1/NANOAODSIM	NMSSM_XToYH_HTo2WTo4Q_YTo2T_MX_1400_MY_800_TuneCP5_13TeV-madgraph-pythia8	RunIISummer20UL16NanoAODv15-150X_mcRun2_asymptotic_v1-v1	NANOAODSIM	-	-	-	-	-
/NMSSM_XToYH_HTo2WTo4Q_YTo2T_MX_1400_MY_80_TuneCP5_13TeV-madgraph-pythia8/RunIISummer20UL16NanoAODv15-150X_mcRun2_asymptotic_v1-v1/NANOAODSIM	NMSSM_XToYH_HTo2WTo4Q_YTo2T_MX_1400_MY_80_TuneCP5_13TeV-madgraph-pythia8	RunIISummer20UL16NanoAODv15-150X_mcRun2_asymptotic_v1-v1	NANOAODSIM	-	-	-	-	-
/NMSSM_XToYH_HTo2WTo4Q_YTo2T_MX_1400_MY_90_TuneCP5_13TeV-madgraph-pythia8/RunIISummer20UL16NanoAODv15-150X_mcRun2_asymptotic_v1-v1/NANOAODSIM	NMSSM_XToYH_HTo2WTo4Q_YTo2T_MX_1400_MY_90_TuneCP5_13TeV-madgraph-pythia8	RunIISummer20UL16NanoAODv15-150X_mcRun2_asymptotic_v1-v1	NANOAODSIM	-	-	-	-	-
/NMSSM_XToYH_HTo2WTo4Q_YTo2T_MX_1400_MY_95_TuneCP5_13TeV-madgraph-pythia8/RunIISummer20UL16NanoAODv15-150X_mcRun2_asymptotic_v1-v1/NANOAODSIM	NMSSM_XToYH_HTo2WTo4Q_YTo2T_MX_1400_MY_95_TuneCP5_13TeV-madgraph-pythia8	RunIISummer20UL16NanoAODv15-150X_mcRun2_asymptotic_v1-v1	NANOAODSIM	-	-	-	-	-
/NMSSM_XToYH_HTo2WTo4Q_YTo2T_MX_1600_MY_1000_TuneCP5_13TeV-madgraph-pythia8/RunIISummer20UL16NanoAODv15-150X_mcRun2_asymptotic_v1-v1/NANOAODSIM	NMSSM_XToYH_HTo2WTo4Q_YTo2T_MX_1600_MY_1000_TuneCP5_13TeV-madgraph-pythia8	RunIISummer20UL16NanoAODv15-150X_mcRun2_asymptotic_v1-v1	NANOAODSIM	-	-	-	-	-
/NMSSM_XToYH_HTo2WTo4Q_YTo2T_MX_1600_MY_100_TuneCP5_13TeV-madgraph-pythia8/RunIISummer20UL16NanoAODv15-150X_mcRun2_asymptotic_v1-v1/NANOAODSIM	NMSSM_XToYH_HTo2WTo4Q_YTo2T_MX_1600_MY_100_TuneCP5_13TeV-madgraph-pythia8	RunIISummer20UL16NanoAODv15-150X_mcRun2_asymptotic_v1-v1	NANOAODSIM	-	-	-	-	-
/NMSSM_XToYH_HTo2WTo4Q_YTo2T_MX_1600_MY_1200_TuneCP5_13TeV-madgraph-pythia8/RunIISummer20UL16NanoAODv15-150X_mcRun2_asymptotic_v1-v1/NANOAODSIM	NMSSM_XToYH_HTo2WTo4Q_YTo2T_MX_1600_MY_1200_TuneCP5_13TeV-madgraph-pythia8	RunIISummer20UL16NanoAODv15-150X_mcRun2_asymptotic_v1-v1	NANOAODSIM	-	-	-	-	-
/NMSSM_XToYH_HTo2WTo4Q_YTo2T_MX_1600_MY_125_TuneCP5_13TeV-madgraph-pythia8/RunIISummer20UL16NanoAODv15-150X_mcRun2_asymptotic_v1-v1/NANOAODSIM	NMSSM_XToYH_HTo2WTo4Q_YTo2T_MX_1600_MY_125_TuneCP5_13TeV-madgraph-pythia8	RunIISummer20UL16NanoAODv15-150X_mcRun2_asymptotic_v1-v1	NANOAODSIM	-	-	-	-	-
/NMSSM_XToYH_HTo2WTo4Q_YTo2T_MX_1600_MY_1400_TuneCP5_13TeV-madgraph-pythia8/RunIISummer20UL16NanoAODv15-150X_mcRun2_asymptotic_v1-v1/NANOAODSIM	NMSSM_XToYH_HTo2WTo4Q_YTo2T_MX_1600_MY_1400_TuneCP5_13TeV-madgraph-pythia8	RunIISummer20UL16NanoAODv15-150X_mcRun2_asymptotic_v1-v1	NANOAODSIM	-	-	-	-	-
/NMSSM_XToYH_HTo2WTo4Q_YTo2T_MX_1600_MY_150_TuneCP5_13TeV-madgraph-pythia8/RunIISummer20UL16NanoAODv15-150X_mcRun2_asymptotic_v1-v1/NANOAODSIM	NMSSM_XToYH_HTo2WTo4Q_YTo2T_MX_1600_MY_150_TuneCP5_13TeV-madgraph-pythia8	RunIISummer20UL16NanoAODv15-150X_mcRun2_asymptotic_v1-v1	NANOAODSIM	-	-	-	-	-
/NMSSM_XToYH_HTo2WTo4Q_YTo2T_MX_1600_MY_200_TuneCP5_13TeV-madgraph-pythia8/RunIISummer20UL16NanoAODv15-150X_mcRun2_asymptotic_v1-v1/NANOAODSIM	NMSSM_XToYH_HTo2WTo4Q_YTo2T_MX_1600_MY_200_TuneCP5_13TeV-madgraph-pythia8	RunIISummer20UL16NanoAODv15-150X_mcRun2_asymptotic_v1-v1	NANOAODSIM	-	-	-	-	-
/NMSSM_XToYH_HTo2WTo4Q_YTo2T_MX_1600_MY_300_TuneCP5_13TeV-madgraph-pythia8/RunIISummer20UL16NanoAODv15-150X_mcRun2_asymptotic_v1-v1/NANOAODSIM	NMSSM_XToYH_HTo2WTo4Q_YTo2T_MX_1600_MY_300_TuneCP5_13TeV-madgraph-pythia8	RunIISummer20UL16NanoAODv15-150X_mcRun2_asymptotic_v1-v1	NANOAODSIM	-	-	-	-	-
/NMSSM_XToYH_HTo2WTo4Q_YTo2T_MX_1600_MY_400_TuneCP5_13TeV-madgraph-pythia8/RunIISummer20UL16NanoAODv15-150X_mcRun2_asymptotic_v1-v1/NANOAODSIM	NMSSM_XToYH_HTo2WTo4Q_YTo2T_MX_1600_MY_400_TuneCP5_13TeV-madgraph-pythia8	RunIISummer20UL16NanoAODv15-150X_mcRun2_asymptotic_v1-v1	NANOAODSIM	-	-	-	-	-
/NMSSM_XToYH_HTo2WTo4Q_YTo2T_MX_1600_MY_500_TuneCP5_13TeV-madgraph-pythia8/RunIISummer20UL16NanoAODv15-150X_mcRun2_asymptotic_v1-v1/NANOAODSIM	NMSSM_XToYH_HTo2WTo4Q_YTo2T_MX_1600_MY_500_TuneCP5_13TeV-madgraph-pythia8	RunIISummer20UL16NanoAODv15-150X_mcRun2_asymptotic_v1-v1	NANOAODSIM	-	-	-	-	-
/NMSSM_XToYH_HTo2WTo4Q_YTo2T_MX_1600_MY_600_TuneCP5_13TeV-madgraph-pythia8/RunIISummer20UL16NanoAODv15-150X_mcRun2_asymptotic_v1-v1/NANOAODSIM	NMSSM_XToYH_HTo2WTo4Q_YTo2T_MX_1600_MY_600_TuneCP5_13TeV-madgraph-pythia8	RunIISummer20UL16NanoAODv15-150X_mcRun2_asymptotic_v1-v1	NANOAODSIM	-	-	-	-	-
/NMSSM_XToYH_HTo2WTo4Q_YTo2T_MX_1600_MY_60_TuneCP5_13TeV-madgraph-pythia8/RunIISummer20UL16NanoAODv15-150X_mcRun2_asymptotic_v1-v1/NANOAODSIM	NMSSM_XToYH_HTo2WTo4Q_YTo2T_MX_1600_MY_60_TuneCP5_13TeV-madgraph-pythia8	RunIISummer20UL16NanoAODv15-150X_mcRun2_asymptotic_v1-v1	NANOAODSIM	-	-	-	-	-
/NMSSM_XToYH_HTo2WTo4Q_YTo2T_MX_1600_MY_70_TuneCP5_13TeV-madgraph-pythia8/RunIISummer20UL16NanoAODv15-150X_mcRun2_asymptotic_v1-v1/NANOAODSIM	NMSSM_XToYH_HTo2WTo4Q_YTo2T_MX_1600_MY_70_TuneCP5_13TeV-madgraph-pythia8	RunIISummer20UL16NanoAODv15-150X_mcRun2_asymptotic_v1-v1	NANOAODSIM	-	-	-	-	-
/NMSSM_XToYH_HTo2WTo4Q_YTo2T_MX_1600_MY_800_TuneCP5_13TeV-madgraph-pythia8/RunIISummer20UL16NanoAODv15-150X_mcRun2_asymptotic_v1-v1/NANOAODSIM	NMSSM_XToYH_HTo2WTo4Q_YTo2T_MX_1600_MY_800_TuneCP5_13TeV-madgraph-pythia8	RunIISummer20UL16NanoAODv15-150X_mcRun2_asymptotic_v1-v1	NANOAODSIM	-	-	-	-	-
/NMSSM_XToYH_HTo2WTo4Q_YTo2T_MX_1600_MY_80_TuneCP5_13TeV-madgraph-pythia8/RunIISummer20UL16NanoAODv15-150X_mcRun2_asymptotic_v1-v1/NANOAODSIM	NMSSM_XToYH_HTo2WTo4Q_YTo2T_MX_1600_MY_80_TuneCP5_13TeV-madgraph-pythia8	RunIISummer20UL16NanoAODv15-150X_mcRun2_asymptotic_v1-v1	NANOAODSIM	-	-	-	-	-
/NMSSM_XToYH_HTo2WTo4Q_YTo2T_MX_1600_MY_90_TuneCP5_13TeV-madgraph-pythia8/RunIISummer20UL16NanoAODv15-150X_mcRun2_asymptotic_v1-v1/NANOAODSIM	NMSSM_XToYH_HTo2WTo4Q_YTo2T_MX_1600_MY_90_TuneCP5_13TeV-madgraph-pythia8	RunIISummer20UL16NanoAODv15-150X_mcRun2_asymptotic_v1-v1	NANOAODSIM	-	-	-	-	-
/NMSSM_XToYH_HTo2WTo4Q_YTo2T_MX_1600_MY_95_TuneCP5_13TeV-madgraph-pythia8/RunIISummer20UL16NanoAODv15-150X_mcRun2_asymptotic_v1-v1/NANOAODSIM	NMSSM_XToYH_HTo2WTo4Q_YTo2T_MX_1600_MY_95_TuneCP5_13TeV-madgraph-pythia8	RunIISummer20UL16NanoAODv15-150X_mcRun2_asymptotic_v1-v1	NANOAODSIM	-	-	-	-	-
/NMSSM_XToYH_HTo2WTo4Q_YTo2T_MX_1800_MY_1000_TuneCP5_13TeV-madgraph-pythia8/RunIISummer20UL16NanoAODv15-150X_mcRun2_asymptotic_v1-v1/NANOAODSIM	NMSSM_XToYH_HTo2WTo4Q_YTo2T_MX_1800_MY_1000_TuneCP5_13TeV-madgraph-pythia8	RunIISummer20UL16NanoAODv15-150X_mcRun2_asymptotic_v1-v1	NANOAODSIM	-	-	-	-	-
/NMSSM_XToYH_HTo2WTo4Q_YTo2T_MX_1800_MY_100_TuneCP5_13TeV-madgraph-pythia8/RunIISummer20UL16NanoAODv15-150X_mcRun2_asymptotic_v1-v1/NANOAODSIM	NMSSM_XToYH_HTo2WTo4Q_YTo2T_MX_1800_MY_100_TuneCP5_13TeV-madgraph-pythia8	RunIISummer20UL16NanoAODv15-150X_mcRun2_asymptotic_v1-v1	NANOAODSIM	-	-	-	-	-
/NMSSM_XToYH_HTo2WTo4Q_YTo2T_MX_1800_MY_1200_TuneCP5_13TeV-madgraph-pythia8/RunIISummer20UL16NanoAODv15-150X_mcRun2_asymptotic_v1-v1/NANOAODSIM	NMSSM_XToYH_HTo2WTo4Q_YTo2T_MX_1800_MY_1200_TuneCP5_13TeV-madgraph-pythia8	RunIISummer20UL16NanoAODv15-150X_mcRun2_asymptotic_v1-v1	NANOAODSIM	-	-	-	-	-
/NMSSM_XToYH_HTo2WTo4Q_YTo2T_MX_1800_MY_125_TuneCP5_13TeV-madgraph-pythia8/RunIISummer20UL16NanoAODv15-150X_mcRun2_asymptotic_v1-v1/NANOAODSIM	NMSSM_XToYH_HTo2WTo4Q_YTo2T_MX_1800_MY_125_TuneCP5_13TeV-madgraph-pythia8	RunIISummer20UL16NanoAODv15-150X_mcRun2_asymptotic_v1-v1	NANOAODSIM	-	-	-	-	-
/NMSSM_XToYH_HTo2WTo4Q_YTo2T_MX_1800_MY_1400_TuneCP5_13TeV-madgraph-pythia8/RunIISummer20UL16NanoAODv15-150X_mcRun2_asymptotic_v1-v1/NANOAODSIM	NMSSM_XToYH_HTo2WTo4Q_YTo2T_MX_1800_MY_1400_TuneCP5_13TeV-madgraph-pythia8	RunIISummer20UL16NanoAODv15-150X_mcRun2_asymptotic_v1-v1	NANOAODSIM	-	-	-	-	-
/NMSSM_XToYH_HTo2WTo4Q_YTo2T_MX_1800_MY_150_TuneCP5_13TeV-madgraph-pythia8/RunIISummer20UL16NanoAODv15-150X_mcRun2_asymptotic_v1-v1/NANOAODSIM	NMSSM_XToYH_HTo2WTo4Q_YTo2T_MX_1800_MY_150_TuneCP5_13TeV-madgraph-pythia8	RunIISummer20UL16NanoAODv15-150X_mcRun2_asymptotic_v1-v1	NANOAODSIM	-	-	-	-	-
/NMSSM_XToYH_HTo2WTo4Q_YTo2T_MX_1800_MY_1600_TuneCP5_13TeV-madgraph-pythia8/RunIISummer20UL16NanoAODv15-150X_mcRun2_asymptotic_v1-v1/NANOAODSIM	NMSSM_XToYH_HTo2WTo4Q_YTo2T_MX_1800_MY_1600_TuneCP5_13TeV-madgraph-pythia8	RunIISummer20UL16NanoAODv15-150X_mcRun2_asymptotic_v1-v1	NANOAODSIM	-	-	-	-	-
/NMSSM_XToYH_HTo2WTo4Q_YTo2T_MX_1800_MY_200_TuneCP5_13TeV-madgraph-pythia8/RunIISummer20UL16NanoAODv15-150X_mcRun2_asymptotic_v1-v1/NANOAODSIM	NMSSM_XToYH_HTo2WTo4Q_YTo2T_MX_1800_MY_200_TuneCP5_13TeV-madgraph-pythia8	RunIISummer20UL16NanoAODv15-150X_mcRun2_asymptotic_v1-v1	NANOAODSIM	-	-	-	-	-
/NMSSM_XToYH_HTo2WTo4Q_YTo2T_MX_1800_MY_300_TuneCP5_13TeV-madgraph-pythia8/RunIISummer20UL16NanoAODv15-150X_mcRun2_asymptotic_v1-v1/NANOAODSIM	NMSSM_XToYH_HTo2WTo4Q_YTo2T_MX_1800_MY_300_TuneCP5_13TeV-madgraph-pythia8	RunIISummer20UL16NanoAODv15-150X_mcRun2_asymptotic_v1-v1	NANOAODSIM	-	-	-	-	-
/NMSSM_XToYH_HTo2WTo4Q_YTo2T_MX_1800_MY_400_TuneCP5_13TeV-madgraph-pythia8/RunIISummer20UL16NanoAODv15-150X_mcRun2_asymptotic_v1-v1/NANOAODSIM	NMSSM_XToYH_HTo2WTo4Q_YTo2T_MX_1800_MY_400_TuneCP5_13TeV-madgraph-pythia8	RunIISummer20UL16NanoAODv15-150X_mcRun2_asymptotic_v1-v1	NANOAODSIM	-	-	-	-	-
/NMSSM_XToYH_HTo2WTo4Q_YTo2T_MX_1800_MY_500_TuneCP5_13TeV-madgraph-pythia8/RunIISummer20UL16NanoAODv15-150X_mcRun2_asymptotic_v1-v1/NANOAODSIM	NMSSM_XToYH_HTo2WTo4Q_YTo2T_MX_1800_MY_500_TuneCP5_13TeV-madgraph-pythia8	RunIISummer20UL16NanoAODv15-150X_mcRun2_asymptotic_v1-v1	NANOAODSIM	-	-	-	-	-
/NMSSM_XToYH_HTo2WTo4Q_YTo2T_MX_1800_MY_600_TuneCP5_13TeV-madgraph-pythia8/RunIISummer20UL16NanoAODv15-150X_mcRun2_asymptotic_v1-v1/NANOAODSIM	NMSSM_XToYH_HTo2WTo4Q_YTo2T_MX_1800_MY_600_TuneCP5_13TeV-madgraph-pythia8	RunIISummer20UL16NanoAODv15-150X_mcRun2_asymptotic_v1-v1	NANOAODSIM	-	-	-	-	-
/NMSSM_XToYH_HTo2WTo4Q_YTo2T_MX_1800_MY_60_TuneCP5_13TeV-madgraph-pythia8/RunIISummer20UL16NanoAODv15-150X_mcRun2_asymptotic_v1-v1/NANOAODSIM	NMSSM_XToYH_HTo2WTo4Q_YTo2T_MX_1800_MY_60_TuneCP5_13TeV-madgraph-pythia8	RunIISummer20UL16NanoAODv15-150X_mcRun2_asymptotic_v1-v1	NANOAODSIM	-	-	-	-	-
/NMSSM_XToYH_HTo2WTo4Q_YTo2T_MX_1800_MY_70_TuneCP5_13TeV-madgraph-pythia8/RunIISummer20UL16NanoAODv15-150X_mcRun2_asymptotic_v1-v1/NANOAODSIM	NMSSM_XToYH_HTo2WTo4Q_YTo2T_MX_1800_MY_70_TuneCP5_13TeV-madgraph-pythia8	RunIISummer20UL16NanoAODv15-150X_mcRun2_asymptotic_v1-v1	NANOAODSIM	-	-	-	-	-
/NMSSM_XToYH_HTo2WTo4Q_YTo2T_MX_1800_MY_800_TuneCP5_13TeV-madgraph-pythia8/RunIISummer20UL16NanoAODv15-150X_mcRun2_asymptotic_v1-v1/NANOAODSIM	NMSSM_XToYH_HTo2WTo4Q_YTo2T_MX_1800_MY_800_TuneCP5_13TeV-madgraph-pythia8	RunIISummer20UL16NanoAODv15-150X_mcRun2_asymptotic_v1-v1	NANOAODSIM	-	-	-	-	-
/NMSSM_XToYH_HTo2WTo4Q_YTo2T_MX_1800_MY_80_TuneCP5_13TeV-madgraph-pythia8/RunIISummer20UL16NanoAODv15-150X_mcRun2_asymptotic_v1-v1/NANOAODSIM	NMSSM_XToYH_HTo2WTo4Q_YTo2T_MX_1800_MY_80_TuneCP5_13TeV-madgraph-pythia8	RunIISummer20UL16NanoAODv15-150X_mcRun2_asymptotic_v1-v1	NANOAODSIM	-	-	-	-	-
/NMSSM_XToYH_HTo2WTo4Q_YTo2T_MX_1800_MY_90_TuneCP5_13TeV-madgraph-pythia8/RunIISummer20UL16NanoAODv15-150X_mcRun2_asymptotic_v1-v1/NANOAODSIM	NMSSM_XToYH_HTo2WTo4Q_YTo2T_MX_1800_MY_90_TuneCP5_13TeV-madgraph-pythia8	RunIISummer20UL16NanoAODv15-150X_mcRun2_asymptotic_v1-v1	NANOAODSIM	-	-	-	-	-
/NMSSM_XToYH_HTo2WTo4Q_YTo2T_MX_1800_MY_95_TuneCP5_13TeV-madgraph-pythia8/RunIISummer20UL16NanoAODv15-150X_mcRun2_asymptotic_v1-v1/NANOAODSIM	NMSSM_XToYH_HTo2WTo4Q_YTo2T_MX_1800_MY_95_TuneCP5_13TeV-madgraph-pythia8	RunIISummer20UL16NanoAODv15-150X_mcRun2_asymptotic_v1-v1	NANOAODSIM	-	-	-	-	-
/NMSSM_XToYH_HTo2WTo4Q_YTo2T_MX_2000_MY_1000_TuneCP5_13TeV-madgraph-pythia8/RunIISummer20UL16NanoAODv15-150X_mcRun2_asymptotic_v1-v1/NANOAODSIM	NMSSM_XToYH_HTo2WTo4Q_YTo2T_MX_2000_MY_1000_TuneCP5_13TeV-madgraph-pythia8	RunIISummer20UL16NanoAODv15-150X_mcRun2_asymptotic_v1-v1	NANOAODSIM	-	-	-	-	-
/NMSSM_XToYH_HTo2WTo4Q_YTo2T_MX_2000_MY_100_TuneCP5_13TeV-madgraph-pythia8/RunIISummer20UL16NanoAODv15-150X_mcRun2_asymptotic_v1-v1/NANOAODSIM	NMSSM_XToYH_HTo2WTo4Q_YTo2T_MX_2000_MY_100_TuneCP5_13TeV-madgraph-pythia8	RunIISummer20UL16NanoAODv15-150X_mcRun2_asymptotic_v1-v1	NANOAODSIM	-	-	-	-	-
/NMSSM_XToYH_HTo2WTo4Q_YTo2T_MX_2000_MY_1200_TuneCP5_13TeV-madgraph-pythia8/RunIISummer20UL16NanoAODv15-150X_mcRun2_asymptotic_v1-v1/NANOAODSIM	NMSSM_XToYH_HTo2WTo4Q_YTo2T_MX_2000_MY_1200_TuneCP5_13TeV-madgraph-pythia8	RunIISummer20UL16NanoAODv15-150X_mcRun2_asymptotic_v1-v1	NANOAODSIM	-	-	-	-	-
/NMSSM_XToYH_HTo2WTo4Q_YTo2T_MX_2000_MY_125_TuneCP5_13TeV-madgraph-pythia8/RunIISummer20UL16NanoAODv15-150X_mcRun2_asymptotic_v1-v1/NANOAODSIM	NMSSM_XToYH_HTo2WTo4Q_YTo2T_MX_2000_MY_125_TuneCP5_13TeV-madgraph-pythia8	RunIISummer20UL16NanoAODv15-150X_mcRun2_asymptotic_v1-v1	NANOAODSIM	-	-	-	-	-
/NMSSM_XToYH_HTo2WTo4Q_YTo2T_MX_2000_MY_1400_TuneCP5_13TeV-madgraph-pythia8/RunIISummer20UL16NanoAODv15-150X_mcRun2_asymptotic_v1-v1/NANOAODSIM	NMSSM_XToYH_HTo2WTo4Q_YTo2T_MX_2000_MY_1400_TuneCP5_13TeV-madgraph-pythia8	RunIISummer20UL16NanoAODv15-150X_mcRun2_asymptotic_v1-v1	NANOAODSIM	-	-	-	-	-
/NMSSM_XToYH_HTo2WTo4Q_YTo2T_MX_2000_MY_150_TuneCP5_13TeV-madgraph-pythia8/RunIISummer20UL16NanoAODv15-150X_mcRun2_asymptotic_v1-v1/NANOAODSIM	NMSSM_XToYH_HTo2WTo4Q_YTo2T_MX_2000_MY_150_TuneCP5_13TeV-madgraph-pythia8	RunIISummer20UL16NanoAODv15-150X_mcRun2_asymptotic_v1-v1	NANOAODSIM	-	-	-	-	-
/NMSSM_XToYH_HTo2WTo4Q_YTo2T_MX_2000_MY_1600_TuneCP5_13TeV-madgraph-pythia8/RunIISummer20UL16NanoAODv15-150X_mcRun2_asymptotic_v1-v1/NANOAODSIM	NMSSM_XToYH_HTo2WTo4Q_YTo2T_MX_2000_MY_1600_TuneCP5_13TeV-madgraph-pythia8	RunIISummer20UL16NanoAODv15-150X_mcRun2_asymptotic_v1-v1	NANOAODSIM	-	-	-	-	-
/NMSSM_XToYH_HTo2WTo4Q_YTo2T_MX_2000_MY_1800_TuneCP5_13TeV-madgraph-pythia8/RunIISummer20UL16NanoAODv15-150X_mcRun2_asymptotic_v1-v1/NANOAODSIM	NMSSM_XToYH_HTo2WTo4Q_YTo2T_MX_2000_MY_1800_TuneCP5_13TeV-madgraph-pythia8	RunIISummer20UL16NanoAODv15-150X_mcRun2_asymptotic_v1-v1	NANOAODSIM	-	-	-	-	-
/NMSSM_XToYH_HTo2WTo4Q_YTo2T_MX_2000_MY_200_TuneCP5_13TeV-madgraph-pythia8/RunIISummer20UL16NanoAODv15-150X_mcRun2_asymptotic_v1-v1/NANOAODSIM	NMSSM_XToYH_HTo2WTo4Q_YTo2T_MX_2000_MY_200_TuneCP5_13TeV-madgraph-pythia8	RunIISummer20UL16NanoAODv15-150X_mcRun2_asymptotic_v1-v1	NANOAODSIM	-	-	-	-	-
/NMSSM_XToYH_HTo2WTo4Q_YTo2T_MX_2000_MY_300_TuneCP5_13TeV-madgraph-pythia8/RunIISummer20UL16NanoAODv15-150X_mcRun2_asymptotic_v1-v1/NANOAODSIM	NMSSM_XToYH_HTo2WTo4Q_YTo2T_MX_2000_MY_300_TuneCP5_13TeV-madgraph-pythia8	RunIISummer20UL16NanoAODv15-150X_mcRun2_asymptotic_v1-v1	NANOAODSIM	-	-	-	-	-
/NMSSM_XToYH_HTo2WTo4Q_YTo2T_MX_2000_MY_400_TuneCP5_13TeV-madgraph-pythia8/RunIISummer20UL16NanoAODv15-150X_mcRun2_asymptotic_v1-v1/NANOAODSIM	NMSSM_XToYH_HTo2WTo4Q_YTo2T_MX_2000_MY_400_TuneCP5_13TeV-madgraph-pythia8	RunIISummer20UL16NanoAODv15-150X_mcRun2_asymptotic_v1-v1	NANOAODSIM	-	-	-	-	-
/NMSSM_XToYH_HTo2WTo4Q_YTo2T_MX_2000_MY_500_TuneCP5_13TeV-madgraph-pythia8/RunIISummer20UL16NanoAODv15-150X_mcRun2_asymptotic_v1-v1/NANOAODSIM	NMSSM_XToYH_HTo2WTo4Q_YTo2T_MX_2000_MY_500_TuneCP5_13TeV-madgraph-pythia8	RunIISummer20UL16NanoAODv15-150X_mcRun2_asymptotic_v1-v1	NANOAODSIM	-	-	-	-	-
/NMSSM_XToYH_HTo2WTo4Q_YTo2T_MX_2000_MY_600_TuneCP5_13TeV-madgraph-pythia8/RunIISummer20UL16NanoAODv15-150X_mcRun2_asymptotic_v1-v1/NANOAODSIM	NMSSM_XToYH_HTo2WTo4Q_YTo2T_MX_2000_MY_600_TuneCP5_13TeV-madgraph-pythia8	RunIISummer20UL16NanoAODv15-150X_mcRun2_asymptotic_v1-v1	NANOAODSIM	-	-	-	-	-
/NMSSM_XToYH_HTo2WTo4Q_YTo2T_MX_2000_MY_60_TuneCP5_13TeV-madgraph-pythia8/RunIISummer20UL16NanoAODv15-150X_mcRun2_asymptotic_v1-v1/NANOAODSIM	NMSSM_XToYH_HTo2WTo4Q_YTo2T_MX_2000_MY_60_TuneCP5_13TeV-madgraph-pythia8	RunIISummer20UL16NanoAODv15-150X_mcRun2_asymptotic_v1-v1	NANOAODSIM	-	-	-	-	-
/NMSSM_XToYH_HTo2WTo4Q_YTo2T_MX_2000_MY_70_TuneCP5_13TeV-madgraph-pythia8/RunIISummer20UL16NanoAODv15-150X_mcRun2_asymptotic_v1-v1/NANOAODSIM	NMSSM_XToYH_HTo2WTo4Q_YTo2T_MX_2000_MY_70_TuneCP5_13TeV-madgraph-pythia8	RunIISummer20UL16NanoAODv15-150X_mcRun2_asymptotic_v1-v1	NANOAODSIM	-	-	-	-	-
/NMSSM_XToYH_HTo2WTo4Q_YTo2T_MX_2000_MY_800_TuneCP5_13TeV-madgraph-pythia8/RunIISummer20UL16NanoAODv15-150X_mcRun2_asymptotic_v1-v1/NANOAODSIM	NMSSM_XToYH_HTo2WTo4Q_YTo2T_MX_2000_MY_800_TuneCP5_13TeV-madgraph-pythia8	RunIISummer20UL16NanoAODv15-150X_mcRun2_asymptotic_v1-v1	NANOAODSIM	-	-	-	-	-
/NMSSM_XToYH_HTo2WTo4Q_YTo2T_MX_2000_MY_80_TuneCP5_13TeV-madgraph-pythia8/RunIISummer20UL16NanoAODv15-150X_mcRun2_asymptotic_v1-v1/NANOAODSIM	NMSSM_XToYH_HTo2WTo4Q_YTo2T_MX_2000_MY_80_TuneCP5_13TeV-madgraph-pythia8	RunIISummer20UL16NanoAODv15-150X_mcRun2_asymptotic_v1-v1	NANOAODSIM	-	-	-	-	-
/NMSSM_XToYH_HTo2WTo4Q_YTo2T_MX_2000_MY_90_TuneCP5_13TeV-madgraph-pythia8/RunIISummer20UL16NanoAODv15-150X_mcRun2_asymptotic_v1-v1/NANOAODSIM	NMSSM_XToYH_HTo2WTo4Q_YTo2T_MX_2000_MY_90_TuneCP5_13TeV-madgraph-pythia8	RunIISummer20UL16NanoAODv15-150X_mcRun2_asymptotic_v1-v1	NANOAODSIM	-	-	-	-	-
/NMSSM_XToYH_HTo2WTo4Q_YTo2T_MX_2000_MY_95_TuneCP5_13TeV-madgraph-pythia8/RunIISummer20UL16NanoAODv15-150X_mcRun2_asymptotic_v1-v1/NANOAODSIM	NMSSM_XToYH_HTo2WTo4Q_YTo2T_MX_2000_MY_95_TuneCP5_13TeV-madgraph-pythia8	RunIISummer20UL16NanoAODv15-150X_mcRun2_asymptotic_v1-v1	NANOAODSIM	-	-	-	-	-
/NMSSM_XToYH_HTo2WTo4Q_YTo2T_MX_2500_MY_1000_TuneCP5_13TeV-madgraph-pythia8/RunIISummer20UL16NanoAODv15-150X_mcRun2_asymptotic_v1-v1/NANOAODSIM	NMSSM_XToYH_HTo2WTo4Q_YTo2T_MX_2500_MY_1000_TuneCP5_13TeV-madgraph-pythia8	RunIISummer20UL16NanoAODv15-150X_mcRun2_asymptotic_v1-v1	NANOAODSIM	-	-	-	-	-
/NMSSM_XToYH_HTo2WTo4Q_YTo2T_MX_2500_MY_100_TuneCP5_13TeV-madgraph-pythia8/RunIISummer20UL16NanoAODv15-150X_mcRun2_asymptotic_v1-v1/NANOAODSIM	NMSSM_XToYH_HTo2WTo4Q_YTo2T_MX_2500_MY_100_TuneCP5_13TeV-madgraph-pythia8	RunIISummer20UL16NanoAODv15-150X_mcRun2_asymptotic_v1-v1	NANOAODSIM	-	-	-	-	-
/NMSSM_XToYH_HTo2WTo4Q_YTo2T_MX_2500_MY_1200_TuneCP5_13TeV-madgraph-pythia8/RunIISummer20UL16NanoAODv15-150X_mcRun2_asymptotic_v1-v1/NANOAODSIM	NMSSM_XToYH_HTo2WTo4Q_YTo2T_MX_2500_MY_1200_TuneCP5_13TeV-madgraph-pythia8	RunIISummer20UL16NanoAODv15-150X_mcRun2_asymptotic_v1-v1	NANOAODSIM	-	-	-	-	-
/NMSSM_XToYH_HTo2WTo4Q_YTo2T_MX_2500_MY_125_TuneCP5_13TeV-madgraph-pythia8/RunIISummer20UL16NanoAODv15-150X_mcRun2_asymptotic_v1-v1/NANOAODSIM	NMSSM_XToYH_HTo2WTo4Q_YTo2T_MX_2500_MY_125_TuneCP5_13TeV-madgraph-pythia8	RunIISummer20UL16NanoAODv15-150X_mcRun2_asymptotic_v1-v1	NANOAODSIM	-	-	-	-	-
/NMSSM_XToYH_HTo2WTo4Q_YTo2T_MX_2500_MY_1400_TuneCP5_13TeV-madgraph-pythia8/RunIISummer20UL16NanoAODv15-150X_mcRun2_asymptotic_v1-v1/NANOAODSIM	NMSSM_XToYH_HTo2WTo4Q_YTo2T_MX_2500_MY_1400_TuneCP5_13TeV-madgraph-pythia8	RunIISummer20UL16NanoAODv15-150X_mcRun2_asymptotic_v1-v1	NANOAODSIM	-	-	-	-	-
/NMSSM_XToYH_HTo2WTo4Q_YTo2T_MX_2500_MY_150_TuneCP5_13TeV-madgraph-pythia8/RunIISummer20UL16NanoAODv15-150X_mcRun2_asymptotic_v1-v1/NANOAODSIM	NMSSM_XToYH_HTo2WTo4Q_YTo2T_MX_2500_MY_150_TuneCP5_13TeV-madgraph-pythia8	RunIISummer20UL16NanoAODv15-150X_mcRun2_asymptotic_v1-v1	NANOAODSIM	-	-	-	-	-
/NMSSM_XToYH_HTo2WTo4Q_YTo2T_MX_2500_MY_1600_TuneCP5_13TeV-madgraph-pythia8/RunIISummer20UL16NanoAODv15-150X_mcRun2_asymptotic_v1-v1/NANOAODSIM	NMSSM_XToYH_HTo2WTo4Q_YTo2T_MX_2500_MY_1600_TuneCP5_13TeV-madgraph-pythia8	RunIISummer20UL16NanoAODv15-150X_mcRun2_asymptotic_v1-v1	NANOAODSIM	-	-	-	-	-
/NMSSM_XToYH_HTo2WTo4Q_YTo2T_MX_2500_MY_1800_TuneCP5_13TeV-madgraph-pythia8/RunIISummer20UL16NanoAODv15-150X_mcRun2_asymptotic_v1-v1/NANOAODSIM	NMSSM_XToYH_HTo2WTo4Q_YTo2T_MX_2500_MY_1800_TuneCP5_13TeV-madgraph-pythia8	RunIISummer20UL16NanoAODv15-150X_mcRun2_asymptotic_v1-v1	NANOAODSIM	-	-	-	-	-
/NMSSM_XToYH_HTo2WTo4Q_YTo2T_MX_2500_MY_2000_TuneCP5_13TeV-madgraph-pythia8/RunIISummer20UL16NanoAODv15-150X_mcRun2_asymptotic_v1-v1/NANOAODSIM	NMSSM_XToYH_HTo2WTo4Q_YTo2T_MX_2500_MY_2000_TuneCP5_13TeV-madgraph-pythia8	RunIISummer20UL16NanoAODv15-150X_mcRun2_asymptotic_v1-v1	NANOAODSIM	-	-	-	-	-
/NMSSM_XToYH_HTo2WTo4Q_YTo2T_MX_2500_MY_200_TuneCP5_13TeV-madgraph-pythia8/RunIISummer20UL16NanoAODv15-150X_mcRun2_asymptotic_v1-v1/NANOAODSIM	NMSSM_XToYH_HTo2WTo4Q_YTo2T_MX_2500_MY_200_TuneCP5_13TeV-madgraph-pythia8	RunIISummer20UL16NanoAODv15-150X_mcRun2_asymptotic_v1-v1	NANOAODSIM	-	-	-	-	-
/NMSSM_XToYH_HTo2WTo4Q_YTo2T_MX_2500_MY_300_TuneCP5_13TeV-madgraph-pythia8/RunIISummer20UL16NanoAODv15-150X_mcRun2_asymptotic_v1-v1/NANOAODSIM	NMSSM_XToYH_HTo2WTo4Q_YTo2T_MX_2500_MY_300_TuneCP5_13TeV-madgraph-pythia8	RunIISummer20UL16NanoAODv15-150X_mcRun2_asymptotic_v1-v1	NANOAODSIM	-	-	-	-	-
/NMSSM_XToYH_HTo2WTo4Q_YTo2T_MX_2500_MY_400_TuneCP5_13TeV-madgraph-pythia8/RunIISummer20UL16NanoAODv15-150X_mcRun2_asymptotic_v1-v1/NANOAODSIM	NMSSM_XToYH_HTo2WTo4Q_YTo2T_MX_2500_MY_400_TuneCP5_13TeV-madgraph-pythia8	RunIISummer20UL16NanoAODv15-150X_mcRun2_asymptotic_v1-v1	NANOAODSIM	-	-	-	-	-
/NMSSM_XToYH_HTo2WTo4Q_YTo2T_MX_2500_MY_500_TuneCP5_13TeV-madgraph-pythia8/RunIISummer20UL16NanoAODv15-150X_mcRun2_asymptotic_v1-v1/NANOAODSIM	NMSSM_XToYH_HTo2WTo4Q_YTo2T_MX_2500_MY_500_TuneCP5_13TeV-madgraph-pythia8	RunIISummer20UL16NanoAODv15-150X_mcRun2_asymptotic_v1-v1	NANOAODSIM	-	-	-	-	-
/NMSSM_XToYH_HTo2WTo4Q_YTo2T_MX_2500_MY_600_TuneCP5_13TeV-madgraph-pythia8/RunIISummer20UL16NanoAODv15-150X_mcRun2_asymptotic_v1-v1/NANOAODSIM	NMSSM_XToYH_HTo2WTo4Q_YTo2T_MX_2500_MY_600_TuneCP5_13TeV-madgraph-pythia8	RunIISummer20UL16NanoAODv15-150X_mcRun2_asymptotic_v1-v1	NANOAODSIM	-	-	-	-	-
/NMSSM_XToYH_HTo2WTo4Q_YTo2T_MX_2500_MY_60_TuneCP5_13TeV-madgraph-pythia8/RunIISummer20UL16NanoAODv15-150X_mcRun2_asymptotic_v1-v1/NANOAODSIM	NMSSM_XToYH_HTo2WTo4Q_YTo2T_MX_2500_MY_60_TuneCP5_13TeV-madgraph-pythia8	RunIISummer20UL16NanoAODv15-150X_mcRun2_asymptotic_v1-v1	NANOAODSIM	-	-	-	-	-
/NMSSM_XToYH_HTo2WTo4Q_YTo2T_MX_2500_MY_70_TuneCP5_13TeV-madgraph-pythia8/RunIISummer20UL16NanoAODv15-150X_mcRun2_asymptotic_v1-v1/NANOAODSIM	NMSSM_XToYH_HTo2WTo4Q_YTo2T_MX_2500_MY_70_TuneCP5_13TeV-madgraph-pythia8	RunIISummer20UL16NanoAODv15-150X_mcRun2_asymptotic_v1-v1	NANOAODSIM	-	-	-	-	-
/NMSSM_XToYH_HTo2WTo4Q_YTo2T_MX_2500_MY_800_TuneCP5_13TeV-madgraph-pythia8/RunIISummer20UL16NanoAODv15-150X_mcRun2_asymptotic_v1-v1/NANOAODSIM	NMSSM_XToYH_HTo2WTo4Q_YTo2T_MX_2500_MY_800_TuneCP5_13TeV-madgraph-pythia8	RunIISummer20UL16NanoAODv15-150X_mcRun2_asymptotic_v1-v1	NANOAODSIM	-	-	-	-	-
/NMSSM_XToYH_HTo2WTo4Q_YTo2T_MX_2500_MY_80_TuneCP5_13TeV-madgraph-pythia8/RunIISummer20UL16NanoAODv15-150X_mcRun2_asymptotic_v1-v1/NANOAODSIM	NMSSM_XToYH_HTo2WTo4Q_YTo2T_MX_2500_MY_80_TuneCP5_13TeV-madgraph-pythia8	RunIISummer20UL16NanoAODv15-150X_mcRun2_asymptotic_v1-v1	NANOAODSIM	-	-	-	-	-
/NMSSM_XToYH_HTo2WTo4Q_YTo2T_MX_2500_MY_90_TuneCP5_13TeV-madgraph-pythia8/RunIISummer20UL16NanoAODv15-150X_mcRun2_asymptotic_v1-v1/NANOAODSIM	NMSSM_XToYH_HTo2WTo4Q_YTo2T_MX_2500_MY_90_TuneCP5_13TeV-madgraph-pythia8	RunIISummer20UL16NanoAODv15-150X_mcRun2_asymptotic_v1-v1	NANOAODSIM	-	-	-	-	-
/NMSSM_XToYH_HTo2WTo4Q_YTo2T_MX_2500_MY_95_TuneCP5_13TeV-madgraph-pythia8/RunIISummer20UL16NanoAODv15-150X_mcRun2_asymptotic_v1-v1/NANOAODSIM	NMSSM_XToYH_HTo2WTo4Q_YTo2T_MX_2500_MY_95_TuneCP5_13TeV-madgraph-pythia8	RunIISummer20UL16NanoAODv15-150X_mcRun2_asymptotic_v1-v1	NANOAODSIM	-	-	-	-	-
/NMSSM_XToYH_HTo2WTo4Q_YTo2T_MX_3000_MY_1000_TuneCP5_13TeV-madgraph-pythia8/RunIISummer20UL16NanoAODv15-150X_mcRun2_asymptotic_v1-v1/NANOAODSIM	NMSSM_XToYH_HTo2WTo4Q_YTo2T_MX_3000_MY_1000_TuneCP5_13TeV-madgraph-pythia8	RunIISummer20UL16NanoAODv15-150X_mcRun2_asymptotic_v1-v1	NANOAODSIM	-	-	-	-	-
/NMSSM_XToYH_HTo2WTo4Q_YTo2T_MX_3000_MY_100_TuneCP5_13TeV-madgraph-pythia8/RunIISummer20UL16NanoAODv15-150X_mcRun2_asymptotic_v1-v1/NANOAODSIM	NMSSM_XToYH_HTo2WTo4Q_YTo2T_MX_3000_MY_100_TuneCP5_13TeV-madgraph-pythia8	RunIISummer20UL16NanoAODv15-150X_mcRun2_asymptotic_v1-v1	NANOAODSIM	-	-	-	-	-
/NMSSM_XToYH_HTo2WTo4Q_YTo2T_MX_3000_MY_1200_TuneCP5_13TeV-madgraph-pythia8/RunIISummer20UL16NanoAODv15-150X_mcRun2_asymptotic_v1-v1/NANOAODSIM	NMSSM_XToYH_HTo2WTo4Q_YTo2T_MX_3000_MY_1200_TuneCP5_13TeV-madgraph-pythia8	RunIISummer20UL16NanoAODv15-150X_mcRun2_asymptotic_v1-v1	NANOAODSIM	-	-	-	-	-
/NMSSM_XToYH_HTo2WTo4Q_YTo2T_MX_3000_MY_125_TuneCP5_13TeV-madgraph-pythia8/RunIISummer20UL16NanoAODv15-150X_mcRun2_asymptotic_v1-v1/NANOAODSIM	NMSSM_XToYH_HTo2WTo4Q_YTo2T_MX_3000_MY_125_TuneCP5_13TeV-madgraph-pythia8	RunIISummer20UL16NanoAODv15-150X_mcRun2_asymptotic_v1-v1	NANOAODSIM	-	-	-	-	-
/NMSSM_XToYH_HTo2WTo4Q_YTo2T_MX_3000_MY_1400_TuneCP5_13TeV-madgraph-pythia8/RunIISummer20UL16NanoAODv15-150X_mcRun2_asymptotic_v1-v1/NANOAODSIM	NMSSM_XToYH_HTo2WTo4Q_YTo2T_MX_3000_MY_1400_TuneCP5_13TeV-madgraph-pythia8	RunIISummer20UL16NanoAODv15-150X_mcRun2_asymptotic_v1-v1	NANOAODSIM	-	-	-	-	-
/NMSSM_XToYH_HTo2WTo4Q_YTo2T_MX_3000_MY_150_TuneCP5_13TeV-madgraph-pythia8/RunIISummer20UL16NanoAODv15-150X_mcRun2_asymptotic_v1-v1/NANOAODSIM	NMSSM_XToYH_HTo2WTo4Q_YTo2T_MX_3000_MY_150_TuneCP5_13TeV-madgraph-pythia8	RunIISummer20UL16NanoAODv15-150X_mcRun2_asymptotic_v1-v1	NANOAODSIM	-	-	-	-	-
/NMSSM_XToYH_HTo2WTo4Q_YTo2T_MX_3000_MY_1600_TuneCP5_13TeV-madgraph-pythia8/RunIISummer20UL16NanoAODv15-150X_mcRun2_asymptotic_v1-v1/NANOAODSIM	NMSSM_XToYH_HTo2WTo4Q_YTo2T_MX_3000_MY_1600_TuneCP5_13TeV-madgraph-pythia8	RunIISummer20UL16NanoAODv15-150X_mcRun2_asymptotic_v1-v1	NANOAODSIM	-	-	-	-	-
/NMSSM_XToYH_HTo2WTo4Q_YTo2T_MX_3000_MY_1800_TuneCP5_13TeV-madgraph-pythia8/RunIISummer20UL16NanoAODv15-150X_mcRun2_asymptotic_v1-v1/NANOAODSIM	NMSSM_XToYH_HTo2WTo4Q_YTo2T_MX_3000_MY_1800_TuneCP5_13TeV-madgraph-pythia8	RunIISummer20UL16NanoAODv15-150X_mcRun2_asymptotic_v1-v1	NANOAODSIM	-	-	-	-	-
/NMSSM_XToYH_HTo2WTo4Q_YTo2T_MX_3000_MY_2000_TuneCP5_13TeV-madgraph-pythia8/RunIISummer20UL16NanoAODv15-150X_mcRun2_asymptotic_v1-v1/NANOAODSIM	NMSSM_XToYH_HTo2WTo4Q_YTo2T_MX_3000_MY_2000_TuneCP5_13TeV-madgraph-pythia8	RunIISummer20UL16NanoAODv15-150X_mcRun2_asymptotic_v1-v1	NANOAODSIM	-	-	-	-	-
/NMSSM_XToYH_HTo2WTo4Q_YTo2T_MX_3000_MY_200_TuneCP5_13TeV-madgraph-pythia8/RunIISummer20UL16NanoAODv15-150X_mcRun2_asymptotic_v1-v1/NANOAODSIM	NMSSM_XToYH_HTo2WTo4Q_YTo2T_MX_3000_MY_200_TuneCP5_13TeV-madgraph-pythia8	RunIISummer20UL16NanoAODv15-150X_mcRun2_asymptotic_v1-v1	NANOAODSIM	-	-	-	-	-
/NMSSM_XToYH_HTo2WTo4Q_YTo2T_MX_3000_MY_2600_TuneCP5_13TeV-madgraph-pythia8/RunIISummer20UL16NanoAODv15-150X_mcRun2_asymptotic_v1-v1/NANOAODSIM	NMSSM_XToYH_HTo2WTo4Q_YTo2T_MX_3000_MY_2600_TuneCP5_13TeV-madgraph-pythia8	RunIISummer20UL16NanoAODv15-150X_mcRun2_asymptotic_v1-v1	NANOAODSIM	-	-	-	-	-
/NMSSM_XToYH_HTo2WTo4Q_YTo2T_MX_3000_MY_300_TuneCP5_13TeV-madgraph-pythia8/RunIISummer20UL16NanoAODv15-150X_mcRun2_asymptotic_v1-v1/NANOAODSIM	NMSSM_XToYH_HTo2WTo4Q_YTo2T_MX_3000_MY_300_TuneCP5_13TeV-madgraph-pythia8	RunIISummer20UL16NanoAODv15-150X_mcRun2_asymptotic_v1-v1	NANOAODSIM	-	-	-	-	-
/NMSSM_XToYH_HTo2WTo4Q_YTo2T_MX_3000_MY_400_TuneCP5_13TeV-madgraph-pythia8/RunIISummer20UL16NanoAODv15-150X_mcRun2_asymptotic_v1-v1/NANOAODSIM	NMSSM_XToYH_HTo2WTo4Q_YTo2T_MX_3000_MY_400_TuneCP5_13TeV-madgraph-pythia8	RunIISummer20UL16NanoAODv15-150X_mcRun2_asymptotic_v1-v1	NANOAODSIM	-	-	-	-	-
/NMSSM_XToYH_HTo2WTo4Q_YTo2T_MX_3000_MY_500_TuneCP5_13TeV-madgraph-pythia8/RunIISummer20UL16NanoAODv15-150X_mcRun2_asymptotic_v1-v1/NANOAODSIM	NMSSM_XToYH_HTo2WTo4Q_YTo2T_MX_3000_MY_500_TuneCP5_13TeV-madgraph-pythia8	RunIISummer20UL16NanoAODv15-150X_mcRun2_asymptotic_v1-v1	NANOAODSIM	-	-	-	-	-
/NMSSM_XToYH_HTo2WTo4Q_YTo2T_MX_3000_MY_600_TuneCP5_13TeV-madgraph-pythia8/RunIISummer20UL16NanoAODv15-150X_mcRun2_asymptotic_v1-v1/NANOAODSIM	NMSSM_XToYH_HTo2WTo4Q_YTo2T_MX_3000_MY_600_TuneCP5_13TeV-madgraph-pythia8	RunIISummer20UL16NanoAODv15-150X_mcRun2_asymptotic_v1-v1	NANOAODSIM	-	-	-	-	-
/NMSSM_XToYH_HTo2WTo4Q_YTo2T_MX_3000_MY_60_TuneCP5_13TeV-madgraph-pythia8/RunIISummer20UL16NanoAODv15-150X_mcRun2_asymptotic_v1-v1/NANOAODSIM	NMSSM_XToYH_HTo2WTo4Q_YTo2T_MX_3000_MY_60_TuneCP5_13TeV-madgraph-pythia8	RunIISummer20UL16NanoAODv15-150X_mcRun2_asymptotic_v1-v1	NANOAODSIM	-	-	-	-	-
/NMSSM_XToYH_HTo2WTo4Q_YTo2T_MX_3000_MY_70_TuneCP5_13TeV-madgraph-pythia8/RunIISummer20UL16NanoAODv15-150X_mcRun2_asymptotic_v1-v1/NANOAODSIM	NMSSM_XToYH_HTo2WTo4Q_YTo2T_MX_3000_MY_70_TuneCP5_13TeV-madgraph-pythia8	RunIISummer20UL16NanoAODv15-150X_mcRun2_asymptotic_v1-v1	NANOAODSIM	-	-	-	-	-
/NMSSM_XToYH_HTo2WTo4Q_YTo2T_MX_3000_MY_800_TuneCP5_13TeV-madgraph-pythia8/RunIISummer20UL16NanoAODv15-150X_mcRun2_asymptotic_v1-v1/NANOAODSIM	NMSSM_XToYH_HTo2WTo4Q_YTo2T_MX_3000_MY_800_TuneCP5_13TeV-madgraph-pythia8	RunIISummer20UL16NanoAODv15-150X_mcRun2_asymptotic_v1-v1	NANOAODSIM	-	-	-	-	-
/NMSSM_XToYH_HTo2WTo4Q_YTo2T_MX_3000_MY_80_TuneCP5_13TeV-madgraph-pythia8/RunIISummer20UL16NanoAODv15-150X_mcRun2_asymptotic_v1-v1/NANOAODSIM	NMSSM_XToYH_HTo2WTo4Q_YTo2T_MX_3000_MY_80_TuneCP5_13TeV-madgraph-pythia8	RunIISummer20UL16NanoAODv15-150X_mcRun2_asymptotic_v1-v1	NANOAODSIM	-	-	-	-	-
/NMSSM_XToYH_HTo2WTo4Q_YTo2T_MX_3000_MY_90_TuneCP5_13TeV-madgraph-pythia8/RunIISummer20UL16NanoAODv15-150X_mcRun2_asymptotic_v1-v1/NANOAODSIM	NMSSM_XToYH_HTo2WTo4Q_YTo2T_MX_3000_MY_90_TuneCP5_13TeV-madgraph-pythia8	RunIISummer20UL16NanoAODv15-150X_mcRun2_asymptotic_v1-v1	NANOAODSIM	-	-	-	-	-
/NMSSM_XToYH_HTo2WTo4Q_YTo2T_MX_3000_MY_95_TuneCP5_13TeV-madgraph-pythia8/RunIISummer20UL16NanoAODv15-150X_mcRun2_asymptotic_v1-v1/NANOAODSIM	NMSSM_XToYH_HTo2WTo4Q_YTo2T_MX_3000_MY_95_TuneCP5_13TeV-madgraph-pythia8	RunIISummer20UL16NanoAODv15-150X_mcRun2_asymptotic_v1-v1	NANOAODSIM	-	-	-	-	-
/NMSSM_XToYH_HTo2WTo4Q_YTo2T_MX_300_MY_100_TuneCP5_13TeV-madgraph-pythia8/RunIISummer20UL16NanoAODv15-150X_mcRun2_asymptotic_v1-v1/NANOAODSIM	NMSSM_XToYH_HTo2WTo4Q_YTo2T_MX_300_MY_100_TuneCP5_13TeV-madgraph-pythia8	RunIISummer20UL16NanoAODv15-150X_mcRun2_asymptotic_v1-v1	NANOAODSIM	-	-	-	-	-
/NMSSM_XToYH_HTo2WTo4Q_YTo2T_MX_300_MY_125_TuneCP5_13TeV-madgraph-pythia8/RunIISummer20UL16NanoAODv15-150X_mcRun2_asymptotic_v1-v1/NANOAODSIM	NMSSM_XToYH_HTo2WTo4Q_YTo2T_MX_300_MY_125_TuneCP5_13TeV-madgraph-pythia8	RunIISummer20UL16NanoAODv15-150X_mcRun2_asymptotic_v1-v1	NANOAODSIM	-	-	-	-	-
/NMSSM_XToYH_HTo2WTo4Q_YTo2T_MX_300_MY_150_TuneCP5_13TeV-madgraph-pythia8/RunIISummer20UL16NanoAODv15-150X_mcRun2_asymptotic_v1-v1/NANOAODSIM	NMSSM_XToYH_HTo2WTo4Q_YTo2T_MX_300_MY_150_TuneCP5_13TeV-madgraph-pythia8	RunIISummer20UL16NanoAODv15-150X_mcRun2_asymptotic_v1-v1	NANOAODSIM	-	-	-	-	-
/NMSSM_XToYH_HTo2WTo4Q_YTo2T_MX_300_MY_60_TuneCP5_13TeV-madgraph-pythia8/RunIISummer20UL16NanoAODv15-150X_mcRun2_asymptotic_v1-v1/NANOAODSIM	NMSSM_XToYH_HTo2WTo4Q_YTo2T_MX_300_MY_60_TuneCP5_13TeV-madgraph-pythia8	RunIISummer20UL16NanoAODv15-150X_mcRun2_asymptotic_v1-v1	NANOAODSIM	-	-	-	-	-
/NMSSM_XToYH_HTo2WTo4Q_YTo2T_MX_300_MY_70_TuneCP5_13TeV-madgraph-pythia8/RunIISummer20UL16NanoAODv15-150X_mcRun2_asymptotic_v1-v1/NANOAODSIM	NMSSM_XToYH_HTo2WTo4Q_YTo2T_MX_300_MY_70_TuneCP5_13TeV-madgraph-pythia8	RunIISummer20UL16NanoAODv15-150X_mcRun2_asymptotic_v1-v1	NANOAODSIM	-	-	-	-	-
/NMSSM_XToYH_HTo2WTo4Q_YTo2T_MX_300_MY_80_TuneCP5_13TeV-madgraph-pythia8/RunIISummer20UL16NanoAODv15-150X_mcRun2_asymptotic_v1-v1/NANOAODSIM	NMSSM_XToYH_HTo2WTo4Q_YTo2T_MX_300_MY_80_TuneCP5_13TeV-madgraph-pythia8	RunIISummer20UL16NanoAODv15-150X_mcRun2_asymptotic_v1-v1	NANOAODSIM	-	-	-	-	-
/NMSSM_XToYH_HTo2WTo4Q_YTo2T_MX_300_MY_90_TuneCP5_13TeV-madgraph-pythia8/RunIISummer20UL16NanoAODv15-150X_mcRun2_asymptotic_v1-v1/NANOAODSIM	NMSSM_XToYH_HTo2WTo4Q_YTo2T_MX_300_MY_90_TuneCP5_13TeV-madgraph-pythia8	RunIISummer20UL16NanoAODv15-150X_mcRun2_asymptotic_v1-v1	NANOAODSIM	-	-	-	-	-
/NMSSM_XToYH_HTo2WTo4Q_YTo2T_MX_300_MY_95_TuneCP5_13TeV-madgraph-pythia8/RunIISummer20UL16NanoAODv15-150X_mcRun2_asymptotic_v1-v1/NANOAODSIM	NMSSM_XToYH_HTo2WTo4Q_YTo2T_MX_300_MY_95_TuneCP5_13TeV-madgraph-pythia8	RunIISummer20UL16NanoAODv15-150X_mcRun2_asymptotic_v1-v1	NANOAODSIM	-	-	-	-	-
/NMSSM_XToYH_HTo2WTo4Q_YTo2T_MX_3500_MY_1000_TuneCP5_13TeV-madgraph-pythia8/RunIISummer20UL16NanoAODv15-150X_mcRun2_asymptotic_v1-v1/NANOAODSIM	NMSSM_XToYH_HTo2WTo4Q_YTo2T_MX_3500_MY_1000_TuneCP5_13TeV-madgraph-pythia8	RunIISummer20UL16NanoAODv15-150X_mcRun2_asymptotic_v1-v1	NANOAODSIM	-	-	-	-	-
/NMSSM_XToYH_HTo2WTo4Q_YTo2T_MX_3500_MY_100_TuneCP5_13TeV-madgraph-pythia8/RunIISummer20UL16NanoAODv15-150X_mcRun2_asymptotic_v1-v1/NANOAODSIM	NMSSM_XToYH_HTo2WTo4Q_YTo2T_MX_3500_MY_100_TuneCP5_13TeV-madgraph-pythia8	RunIISummer20UL16NanoAODv15-150X_mcRun2_asymptotic_v1-v1	NANOAODSIM	-	-	-	-	-
/NMSSM_XToYH_HTo2WTo4Q_YTo2T_MX_3500_MY_1200_TuneCP5_13TeV-madgraph-pythia8/RunIISummer20UL16NanoAODv15-150X_mcRun2_asymptotic_v1-v1/NANOAODSIM	NMSSM_XToYH_HTo2WTo4Q_YTo2T_MX_3500_MY_1200_TuneCP5_13TeV-madgraph-pythia8	RunIISummer20UL16NanoAODv15-150X_mcRun2_asymptotic_v1-v1	NANOAODSIM	-	-	-	-	-
/NMSSM_XToYH_HTo2WTo4Q_YTo2T_MX_3500_MY_125_TuneCP5_13TeV-madgraph-pythia8/RunIISummer20UL16NanoAODv15-150X_mcRun2_asymptotic_v1-v1/NANOAODSIM	NMSSM_XToYH_HTo2WTo4Q_YTo2T_MX_3500_MY_125_TuneCP5_13TeV-madgraph-pythia8	RunIISummer20UL16NanoAODv15-150X_mcRun2_asymptotic_v1-v1	NANOAODSIM	-	-	-	-	-
/NMSSM_XToYH_HTo2WTo4Q_YTo2T_MX_3500_MY_1400_TuneCP5_13TeV-madgraph-pythia8/RunIISummer20UL16NanoAODv15-150X_mcRun2_asymptotic_v1-v1/NANOAODSIM	NMSSM_XToYH_HTo2WTo4Q_YTo2T_MX_3500_MY_1400_TuneCP5_13TeV-madgraph-pythia8	RunIISummer20UL16NanoAODv15-150X_mcRun2_asymptotic_v1-v1	NANOAODSIM	-	-	-	-	-
/NMSSM_XToYH_HTo2WTo4Q_YTo2T_MX_3500_MY_1400_TuneCP5_13TeV-madgraph-pythia8/RunIISummer20UL16NanoAODv15-150X_mcRun2_asymptotic_v1-v2/NANOAODSIM	NMSSM_XToYH_HTo2WTo4Q_YTo2T_MX_3500_MY_1400_TuneCP5_13TeV-madgraph-pythia8	RunIISummer20UL16NanoAODv15-150X_mcRun2_asymptotic_v1-v2	NANOAODSIM	-	-	-	-	-
/NMSSM_XToYH_HTo2WTo4Q_YTo2T_MX_3500_MY_1400_TuneCP5_13TeV-madgraph-pythia8/RunIISummer20UL16NanoAODv15-150X_mcRun2_asymptotic_v1-v3/NANOAODSIM	NMSSM_XToYH_HTo2WTo4Q_YTo2T_MX_3500_MY_1400_TuneCP5_13TeV-madgraph-pythia8	RunIISummer20UL16NanoAODv15-150X_mcRun2_asymptotic_v1-v3	NANOAODSIM	-	-	-	-	-
/NMSSM_XToYH_HTo2WTo4Q_YTo2T_MX_3500_MY_150_TuneCP5_13TeV-madgraph-pythia8/RunIISummer20UL16NanoAODv15-150X_mcRun2_asymptotic_v1-v1/NANOAODSIM	NMSSM_XToYH_HTo2WTo4Q_YTo2T_MX_3500_MY_150_TuneCP5_13TeV-madgraph-pythia8	RunIISummer20UL16NanoAODv15-150X_mcRun2_asymptotic_v1-v1	NANOAODSIM	-	-	-	-	-
/NMSSM_XToYH_HTo2WTo4Q_YTo2T_MX_3500_MY_1600_TuneCP5_13TeV-madgraph-pythia8/RunIISummer20UL16NanoAODv15-150X_mcRun2_asymptotic_v1-v1/NANOAODSIM	NMSSM_XToYH_HTo2WTo4Q_YTo2T_MX_3500_MY_1600_TuneCP5_13TeV-madgraph-pythia8	RunIISummer20UL16NanoAODv15-150X_mcRun2_asymptotic_v1-v1	NANOAODSIM	-	-	-	-	-
/NMSSM_XToYH_HTo2WTo4Q_YTo2T_MX_3500_MY_1800_TuneCP5_13TeV-madgraph-pythia8/RunIISummer20UL16NanoAODv15-150X_mcRun2_asymptotic_v1-v1/NANOAODSIM	NMSSM_XToYH_HTo2WTo4Q_YTo2T_MX_3500_MY_1800_TuneCP5_13TeV-madgraph-pythia8	RunIISummer20UL16NanoAODv15-150X_mcRun2_asymptotic_v1-v1	NANOAODSIM	-	-	-	-	-
/NMSSM_XToYH_HTo2WTo4Q_YTo2T_MX_3500_MY_2000_TuneCP5_13TeV-madgraph-pythia8/RunIISummer20UL16NanoAODv15-150X_mcRun2_asymptotic_v1-v1/NANOAODSIM	NMSSM_XToYH_HTo2WTo4Q_YTo2T_MX_3500_MY_2000_TuneCP5_13TeV-madgraph-pythia8	RunIISummer20UL16NanoAODv15-150X_mcRun2_asymptotic_v1-v1	NANOAODSIM	-	-	-	-	-
/NMSSM_XToYH_HTo2WTo4Q_YTo2T_MX_3500_MY_200_TuneCP5_13TeV-madgraph-pythia8/RunIISummer20UL16NanoAODv15-150X_mcRun2_asymptotic_v1-v1/NANOAODSIM	NMSSM_XToYH_HTo2WTo4Q_YTo2T_MX_3500_MY_200_TuneCP5_13TeV-madgraph-pythia8	RunIISummer20UL16NanoAODv15-150X_mcRun2_asymptotic_v1-v1	NANOAODSIM	-	-	-	-	-
/NMSSM_XToYH_HTo2WTo4Q_YTo2T_MX_3500_MY_2600_TuneCP5_13TeV-madgraph-pythia8/RunIISummer20UL16NanoAODv15-150X_mcRun2_asymptotic_v1-v1/NANOAODSIM	NMSSM_XToYH_HTo2WTo4Q_YTo2T_MX_3500_MY_2600_TuneCP5_13TeV-madgraph-pythia8	RunIISummer20UL16NanoAODv15-150X_mcRun2_asymptotic_v1-v1	NANOAODSIM	-	-	-	-	-
/NMSSM_XToYH_HTo2WTo4Q_YTo2T_MX_3500_MY_3000_TuneCP5_13TeV-madgraph-pythia8/RunIISummer20UL16NanoAODv15-150X_mcRun2_asymptotic_v1-v1/NANOAODSIM	NMSSM_XToYH_HTo2WTo4Q_YTo2T_MX_3500_MY_3000_TuneCP5_13TeV-madgraph-pythia8	RunIISummer20UL16NanoAODv15-150X_mcRun2_asymptotic_v1-v1	NANOAODSIM	-	-	-	-	-
/NMSSM_XToYH_HTo2WTo4Q_YTo2T_MX_3500_MY_300_TuneCP5_13TeV-madgraph-pythia8/RunIISummer20UL16NanoAODv15-150X_mcRun2_asymptotic_v1-v1/NANOAODSIM	NMSSM_XToYH_HTo2WTo4Q_YTo2T_MX_3500_MY_300_TuneCP5_13TeV-madgraph-pythia8	RunIISummer20UL16NanoAODv15-150X_mcRun2_asymptotic_v1-v1	NANOAODSIM	-	-	-	-	-
/NMSSM_XToYH_HTo2WTo4Q_YTo2T_MX_3500_MY_400_TuneCP5_13TeV-madgraph-pythia8/RunIISummer20UL16NanoAODv15-150X_mcRun2_asymptotic_v1-v1/NANOAODSIM	NMSSM_XToYH_HTo2WTo4Q_YTo2T_MX_3500_MY_400_TuneCP5_13TeV-madgraph-pythia8	RunIISummer20UL16NanoAODv15-150X_mcRun2_asymptotic_v1-v1	NANOAODSIM	-	-	-	-	-
/NMSSM_XToYH_HTo2WTo4Q_YTo2T_MX_3500_MY_500_TuneCP5_13TeV-madgraph-pythia8/RunIISummer20UL16NanoAODv15-150X_mcRun2_asymptotic_v1-v1/NANOAODSIM	NMSSM_XToYH_HTo2WTo4Q_YTo2T_MX_3500_MY_500_TuneCP5_13TeV-madgraph-pythia8	RunIISummer20UL16NanoAODv15-150X_mcRun2_asymptotic_v1-v1	NANOAODSIM	-	-	-	-	-
/NMSSM_XToYH_HTo2WTo4Q_YTo2T_MX_3500_MY_600_TuneCP5_13TeV-madgraph-pythia8/RunIISummer20UL16NanoAODv15-150X_mcRun2_asymptotic_v1-v1/NANOAODSIM	NMSSM_XToYH_HTo2WTo4Q_YTo2T_MX_3500_MY_600_TuneCP5_13TeV-madgraph-pythia8	RunIISummer20UL16NanoAODv15-150X_mcRun2_asymptotic_v1-v1	NANOAODSIM	-	-	-	-	-
/NMSSM_XToYH_HTo2WTo4Q_YTo2T_MX_3500_MY_60_TuneCP5_13TeV-madgraph-pythia8/RunIISummer20UL16NanoAODv15-150X_mcRun2_asymptotic_v1-v1/NANOAODSIM	NMSSM_XToYH_HTo2WTo4Q_YTo2T_MX_3500_MY_60_TuneCP5_13TeV-madgraph-pythia8	RunIISummer20UL16NanoAODv15-150X_mcRun2_asymptotic_v1-v1	NANOAODSIM	-	-	-	-	-
/NMSSM_XToYH_HTo2WTo4Q_YTo2T_MX_3500_MY_70_TuneCP5_13TeV-madgraph-pythia8/RunIISummer20UL16NanoAODv15-150X_mcRun2_asymptotic_v1-v1/NANOAODSIM	NMSSM_XToYH_HTo2WTo4Q_YTo2T_MX_3500_MY_70_TuneCP5_13TeV-madgraph-pythia8	RunIISummer20UL16NanoAODv15-150X_mcRun2_asymptotic_v1-v1	NANOAODSIM	-	-	-	-	-
/NMSSM_XToYH_HTo2WTo4Q_YTo2T_MX_3500_MY_800_TuneCP5_13TeV-madgraph-pythia8/RunIISummer20UL16NanoAODv15-150X_mcRun2_asymptotic_v1-v1/NANOAODSIM	NMSSM_XToYH_HTo2WTo4Q_YTo2T_MX_3500_MY_800_TuneCP5_13TeV-madgraph-pythia8	RunIISummer20UL16NanoAODv15-150X_mcRun2_asymptotic_v1-v1	NANOAODSIM	-	-	-	-	-
/NMSSM_XToYH_HTo2WTo4Q_YTo2T_MX_3500_MY_80_TuneCP5_13TeV-madgraph-pythia8/RunIISummer20UL16NanoAODv15-150X_mcRun2_asymptotic_v1-v1/NANOAODSIM	NMSSM_XToYH_HTo2WTo4Q_YTo2T_MX_3500_MY_80_TuneCP5_13TeV-madgraph-pythia8	RunIISummer20UL16NanoAODv15-150X_mcRun2_asymptotic_v1-v1	NANOAODSIM	-	-	-	-	-
/NMSSM_XToYH_HTo2WTo4Q_YTo2T_MX_3500_MY_90_TuneCP5_13TeV-madgraph-pythia8/RunIISummer20UL16NanoAODv15-150X_mcRun2_asymptotic_v1-v1/NANOAODSIM	NMSSM_XToYH_HTo2WTo4Q_YTo2T_MX_3500_MY_90_TuneCP5_13TeV-madgraph-pythia8	RunIISummer20UL16NanoAODv15-150X_mcRun2_asymptotic_v1-v1	NANOAODSIM	-	-	-	-	-
/NMSSM_XToYH_HTo2WTo4Q_YTo2T_MX_3500_MY_95_TuneCP5_13TeV-madgraph-pythia8/RunIISummer20UL16NanoAODv15-150X_mcRun2_asymptotic_v1-v1/NANOAODSIM	NMSSM_XToYH_HTo2WTo4Q_YTo2T_MX_3500_MY_95_TuneCP5_13TeV-madgraph-pythia8	RunIISummer20UL16NanoAODv15-150X_mcRun2_asymptotic_v1-v1	NANOAODSIM	-	-	-	-	-
/NMSSM_XToYH_HTo2WTo4Q_YTo2T_MX_4000_MY_1000_TuneCP5_13TeV-madgraph-pythia8/RunIISummer20UL16NanoAODv15-150X_mcRun2_asymptotic_v1-v1/NANOAODSIM	NMSSM_XToYH_HTo2WTo4Q_YTo2T_MX_4000_MY_1000_TuneCP5_13TeV-madgraph-pythia8	RunIISummer20UL16NanoAODv15-150X_mcRun2_asymptotic_v1-v1	NANOAODSIM	-	-	-	-	-
/NMSSM_XToYH_HTo2WTo4Q_YTo2T_MX_4000_MY_100_TuneCP5_13TeV-madgraph-pythia8/RunIISummer20UL16NanoAODv15-150X_mcRun2_asymptotic_v1-v1/NANOAODSIM	NMSSM_XToYH_HTo2WTo4Q_YTo2T_MX_4000_MY_100_TuneCP5_13TeV-madgraph-pythia8	RunIISummer20UL16NanoAODv15-150X_mcRun2_asymptotic_v1-v1	NANOAODSIM	-	-	-	-	-
/NMSSM_XToYH_HTo2WTo4Q_YTo2T_MX_4000_MY_1200_TuneCP5_13TeV-madgraph-pythia8/RunIISummer20UL16NanoAODv15-150X_mcRun2_asymptotic_v1-v1/NANOAODSIM	NMSSM_XToYH_HTo2WTo4Q_YTo2T_MX_4000_MY_1200_TuneCP5_13TeV-madgraph-pythia8	RunIISummer20UL16NanoAODv15-150X_mcRun2_asymptotic_v1-v1	NANOAODSIM	-	-	-	-	-
/NMSSM_XToYH_HTo2WTo4Q_YTo2T_MX_4000_MY_125_TuneCP5_13TeV-madgraph-pythia8/RunIISummer20UL16NanoAODv15-150X_mcRun2_asymptotic_v1-v1/NANOAODSIM	NMSSM_XToYH_HTo2WTo4Q_YTo2T_MX_4000_MY_125_TuneCP5_13TeV-madgraph-pythia8	RunIISummer20UL16NanoAODv15-150X_mcRun2_asymptotic_v1-v1	NANOAODSIM	-	-	-	-	-
/NMSSM_XToYH_HTo2WTo4Q_YTo2T_MX_4000_MY_1400_TuneCP5_13TeV-madgraph-pythia8/RunIISummer20UL16NanoAODv15-150X_mcRun2_asymptotic_v1-v1/NANOAODSIM	NMSSM_XToYH_HTo2WTo4Q_YTo2T_MX_4000_MY_1400_TuneCP5_13TeV-madgraph-pythia8	RunIISummer20UL16NanoAODv15-150X_mcRun2_asymptotic_v1-v1	NANOAODSIM	-	-	-	-	-
/NMSSM_XToYH_HTo2WTo4Q_YTo2T_MX_4000_MY_150_TuneCP5_13TeV-madgraph-pythia8/RunIISummer20UL16NanoAODv15-150X_mcRun2_asymptotic_v1-v1/NANOAODSIM	NMSSM_XToYH_HTo2WTo4Q_YTo2T_MX_4000_MY_150_TuneCP5_13TeV-madgraph-pythia8	RunIISummer20UL16NanoAODv15-150X_mcRun2_asymptotic_v1-v1	NANOAODSIM	-	-	-	-	-
/NMSSM_XToYH_HTo2WTo4Q_YTo2T_MX_4000_MY_1600_TuneCP5_13TeV-madgraph-pythia8/RunIISummer20UL16NanoAODv15-150X_mcRun2_asymptotic_v1-v1/NANOAODSIM	NMSSM_XToYH_HTo2WTo4Q_YTo2T_MX_4000_MY_1600_TuneCP5_13TeV-madgraph-pythia8	RunIISummer20UL16NanoAODv15-150X_mcRun2_asymptotic_v1-v1	NANOAODSIM	-	-	-	-	-
/NMSSM_XToYH_HTo2WTo4Q_YTo2T_MX_4000_MY_1800_TuneCP5_13TeV-madgraph-pythia8/RunIISummer20UL16NanoAODv15-150X_mcRun2_asymptotic_v1-v1/NANOAODSIM	NMSSM_XToYH_HTo2WTo4Q_YTo2T_MX_4000_MY_1800_TuneCP5_13TeV-madgraph-pythia8	RunIISummer20UL16NanoAODv15-150X_mcRun2_asymptotic_v1-v1	NANOAODSIM	-	-	-	-	-
/NMSSM_XToYH_HTo2WTo4Q_YTo2T_MX_4000_MY_2000_TuneCP5_13TeV-madgraph-pythia8/RunIISummer20UL16NanoAODv15-150X_mcRun2_asymptotic_v1-v1/NANOAODSIM	NMSSM_XToYH_HTo2WTo4Q_YTo2T_MX_4000_MY_2000_TuneCP5_13TeV-madgraph-pythia8	RunIISummer20UL16NanoAODv15-150X_mcRun2_asymptotic_v1-v1	NANOAODSIM	-	-	-	-	-
/NMSSM_XToYH_HTo2WTo4Q_YTo2T_MX_4000_MY_200_TuneCP5_13TeV-madgraph-pythia8/RunIISummer20UL16NanoAODv15-150X_mcRun2_asymptotic_v1-v1/NANOAODSIM	NMSSM_XToYH_HTo2WTo4Q_YTo2T_MX_4000_MY_200_TuneCP5_13TeV-madgraph-pythia8	RunIISummer20UL16NanoAODv15-150X_mcRun2_asymptotic_v1-v1	NANOAODSIM	-	-	-	-	-
/NMSSM_XToYH_HTo2WTo4Q_YTo2T_MX_4000_MY_2600_TuneCP5_13TeV-madgraph-pythia8/RunIISummer20UL16NanoAODv15-150X_mcRun2_asymptotic_v1-v1/NANOAODSIM	NMSSM_XToYH_HTo2WTo4Q_YTo2T_MX_4000_MY_2600_TuneCP5_13TeV-madgraph-pythia8	RunIISummer20UL16NanoAODv15-150X_mcRun2_asymptotic_v1-v1	NANOAODSIM	-	-	-	-	-
/NMSSM_XToYH_HTo2WTo4Q_YTo2T_MX_4000_MY_3000_TuneCP5_13TeV-madgraph-pythia8/RunIISummer20UL16NanoAODv15-150X_mcRun2_asymptotic_v1-v1/NANOAODSIM	NMSSM_XToYH_HTo2WTo4Q_YTo2T_MX_4000_MY_3000_TuneCP5_13TeV-madgraph-pythia8	RunIISummer20UL16NanoAODv15-150X_mcRun2_asymptotic_v1-v1	NANOAODSIM	-	-	-	-	-
/NMSSM_XToYH_HTo2WTo4Q_YTo2T_MX_4000_MY_300_TuneCP5_13TeV-madgraph-pythia8/RunIISummer20UL16NanoAODv15-150X_mcRun2_asymptotic_v1-v1/NANOAODSIM	NMSSM_XToYH_HTo2WTo4Q_YTo2T_MX_4000_MY_300_TuneCP5_13TeV-madgraph-pythia8	RunIISummer20UL16NanoAODv15-150X_mcRun2_asymptotic_v1-v1	NANOAODSIM	-	-	-	-	-
/NMSSM_XToYH_HTo2WTo4Q_YTo2T_MX_4000_MY_3500_TuneCP5_13TeV-madgraph-pythia8/RunIISummer20UL16NanoAODv15-150X_mcRun2_asymptotic_v1-v1/NANOAODSIM	NMSSM_XToYH_HTo2WTo4Q_YTo2T_MX_4000_MY_3500_TuneCP5_13TeV-madgraph-pythia8	RunIISummer20UL16NanoAODv15-150X_mcRun2_asymptotic_v1-v1	NANOAODSIM	-	-	-	-	-
/NMSSM_XToYH_HTo2WTo4Q_YTo2T_MX_4000_MY_400_TuneCP5_13TeV-madgraph-pythia8/RunIISummer20UL16NanoAODv15-150X_mcRun2_asymptotic_v1-v1/NANOAODSIM	NMSSM_XToYH_HTo2WTo4Q_YTo2T_MX_4000_MY_400_TuneCP5_13TeV-madgraph-pythia8	RunIISummer20UL16NanoAODv15-150X_mcRun2_asymptotic_v1-v1	NANOAODSIM	-	-	-	-	-
/NMSSM_XToYH_HTo2WTo4Q_YTo2T_MX_4000_MY_500_TuneCP5_13TeV-madgraph-pythia8/RunIISummer20UL16NanoAODv15-150X_mcRun2_asymptotic_v1-v1/NANOAODSIM	NMSSM_XToYH_HTo2WTo4Q_YTo2T_MX_4000_MY_500_TuneCP5_13TeV-madgraph-pythia8	RunIISummer20UL16NanoAODv15-150X_mcRun2_asymptotic_v1-v1	NANOAODSIM	-	-	-	-	-
/NMSSM_XToYH_HTo2WTo4Q_YTo2T_MX_4000_MY_600_TuneCP5_13TeV-madgraph-pythia8/RunIISummer20UL16NanoAODv15-150X_mcRun2_asymptotic_v1-v1/NANOAODSIM	NMSSM_XToYH_HTo2WTo4Q_YTo2T_MX_4000_MY_600_TuneCP5_13TeV-madgraph-pythia8	RunIISummer20UL16NanoAODv15-150X_mcRun2_asymptotic_v1-v1	NANOAODSIM	-	-	-	-	-
/NMSSM_XToYH_HTo2WTo4Q_YTo2T_MX_4000_MY_60_TuneCP5_13TeV-madgraph-pythia8/RunIISummer20UL16NanoAODv15-150X_mcRun2_asymptotic_v1-v1/NANOAODSIM	NMSSM_XToYH_HTo2WTo4Q_YTo2T_MX_4000_MY_60_TuneCP5_13TeV-madgraph-pythia8	RunIISummer20UL16NanoAODv15-150X_mcRun2_asymptotic_v1-v1	NANOAODSIM	-	-	-	-	-
/NMSSM_XToYH_HTo2WTo4Q_YTo2T_MX_4000_MY_70_TuneCP5_13TeV-madgraph-pythia8/RunIISummer20UL16NanoAODv15-150X_mcRun2_asymptotic_v1-v1/NANOAODSIM	NMSSM_XToYH_HTo2WTo4Q_YTo2T_MX_4000_MY_70_TuneCP5_13TeV-madgraph-pythia8	RunIISummer20UL16NanoAODv15-150X_mcRun2_asymptotic_v1-v1	NANOAODSIM	-	-	-	-	-
/NMSSM_XToYH_HTo2WTo4Q_YTo2T_MX_4000_MY_800_TuneCP5_13TeV-madgraph-pythia8/RunIISummer20UL16NanoAODv15-150X_mcRun2_asymptotic_v1-v1/NANOAODSIM	NMSSM_XToYH_HTo2WTo4Q_YTo2T_MX_4000_MY_800_TuneCP5_13TeV-madgraph-pythia8	RunIISummer20UL16NanoAODv15-150X_mcRun2_asymptotic_v1-v1	NANOAODSIM	-	-	-	-	-
/NMSSM_XToYH_HTo2WTo4Q_YTo2T_MX_4000_MY_80_TuneCP5_13TeV-madgraph-pythia8/RunIISummer20UL16NanoAODv15-150X_mcRun2_asymptotic_v1-v1/NANOAODSIM	NMSSM_XToYH_HTo2WTo4Q_YTo2T_MX_4000_MY_80_TuneCP5_13TeV-madgraph-pythia8	RunIISummer20UL16NanoAODv15-150X_mcRun2_asymptotic_v1-v1	NANOAODSIM	-	-	-	-	-
/NMSSM_XToYH_HTo2WTo4Q_YTo2T_MX_4000_MY_90_TuneCP5_13TeV-madgraph-pythia8/RunIISummer20UL16NanoAODv15-150X_mcRun2_asymptotic_v1-v1/NANOAODSIM	NMSSM_XToYH_HTo2WTo4Q_YTo2T_MX_4000_MY_90_TuneCP5_13TeV-madgraph-pythia8	RunIISummer20UL16NanoAODv15-150X_mcRun2_asymptotic_v1-v1	NANOAODSIM	-	-	-	-	-
/NMSSM_XToYH_HTo2WTo4Q_YTo2T_MX_4000_MY_95_TuneCP5_13TeV-madgraph-pythia8/RunIISummer20UL16NanoAODv15-150X_mcRun2_asymptotic_v1-v1/NANOAODSIM	NMSSM_XToYH_HTo2WTo4Q_YTo2T_MX_4000_MY_95_TuneCP5_13TeV-madgraph-pythia8	RunIISummer20UL16NanoAODv15-150X_mcRun2_asymptotic_v1-v1	NANOAODSIM	-	-	-	-	-
/NMSSM_XToYH_HTo2WTo4Q_YTo2T_MX_400_MY_100_TuneCP5_13TeV-madgraph-pythia8/RunIISummer20UL16NanoAODv15-150X_mcRun2_asymptotic_v1-v1/NANOAODSIM	NMSSM_XToYH_HTo2WTo4Q_YTo2T_MX_400_MY_100_TuneCP5_13TeV-madgraph-pythia8	RunIISummer20UL16NanoAODv15-150X_mcRun2_asymptotic_v1-v1	NANOAODSIM	-	-	-	-	-
/NMSSM_XToYH_HTo2WTo4Q_YTo2T_MX_400_MY_125_TuneCP5_13TeV-madgraph-pythia8/RunIISummer20UL16NanoAODv15-150X_mcRun2_asymptotic_v1-v1/NANOAODSIM	NMSSM_XToYH_HTo2WTo4Q_YTo2T_MX_400_MY_125_TuneCP5_13TeV-madgraph-pythia8	RunIISummer20UL16NanoAODv15-150X_mcRun2_asymptotic_v1-v1	NANOAODSIM	-	-	-	-	-
/NMSSM_XToYH_HTo2WTo4Q_YTo2T_MX_400_MY_150_TuneCP5_13TeV-madgraph-pythia8/RunIISummer20UL16NanoAODv15-150X_mcRun2_asymptotic_v1-v1/NANOAODSIM	NMSSM_XToYH_HTo2WTo4Q_YTo2T_MX_400_MY_150_TuneCP5_13TeV-madgraph-pythia8	RunIISummer20UL16NanoAODv15-150X_mcRun2_asymptotic_v1-v1	NANOAODSIM	-	-	-	-	-
/NMSSM_XToYH_HTo2WTo4Q_YTo2T_MX_400_MY_200_TuneCP5_13TeV-madgraph-pythia8/RunIISummer20UL16NanoAODv15-150X_mcRun2_asymptotic_v1-v1/NANOAODSIM	NMSSM_XToYH_HTo2WTo4Q_YTo2T_MX_400_MY_200_TuneCP5_13TeV-madgraph-pythia8	RunIISummer20UL16NanoAODv15-150X_mcRun2_asymptotic_v1-v1	NANOAODSIM	-	-	-	-	-
/NMSSM_XToYH_HTo2WTo4Q_YTo2T_MX_400_MY_60_TuneCP5_13TeV-madgraph-pythia8/RunIISummer20UL16NanoAODv15-150X_mcRun2_asymptotic_v1-v1/NANOAODSIM	NMSSM_XToYH_HTo2WTo4Q_YTo2T_MX_400_MY_60_TuneCP5_13TeV-madgraph-pythia8	RunIISummer20UL16NanoAODv15-150X_mcRun2_asymptotic_v1-v1	NANOAODSIM	-	-	-	-	-
/NMSSM_XToYH_HTo2WTo4Q_YTo2T_MX_400_MY_70_TuneCP5_13TeV-madgraph-pythia8/RunIISummer20UL16NanoAODv15-150X_mcRun2_asymptotic_v1-v1/NANOAODSIM	NMSSM_XToYH_HTo2WTo4Q_YTo2T_MX_400_MY_70_TuneCP5_13TeV-madgraph-pythia8	RunIISummer20UL16NanoAODv15-150X_mcRun2_asymptotic_v1-v1	NANOAODSIM	-	-	-	-	-
/NMSSM_XToYH_HTo2WTo4Q_YTo2T_MX_400_MY_80_TuneCP5_13TeV-madgraph-pythia8/RunIISummer20UL16NanoAODv15-150X_mcRun2_asymptotic_v1-v1/NANOAODSIM	NMSSM_XToYH_HTo2WTo4Q_YTo2T_MX_400_MY_80_TuneCP5_13TeV-madgraph-pythia8	RunIISummer20UL16NanoAODv15-150X_mcRun2_asymptotic_v1-v1	NANOAODSIM	-	-	-	-	-
/NMSSM_XToYH_HTo2WTo4Q_YTo2T_MX_400_MY_90_TuneCP5_13TeV-madgraph-pythia8/RunIISummer20UL16NanoAODv15-150X_mcRun2_asymptotic_v1-v1/NANOAODSIM	NMSSM_XToYH_HTo2WTo4Q_YTo2T_MX_400_MY_90_TuneCP5_13TeV-madgraph-pythia8	RunIISummer20UL16NanoAODv15-150X_mcRun2_asymptotic_v1-v1	NANOAODSIM	-	-	-	-	-
/NMSSM_XToYH_HTo2WTo4Q_YTo2T_MX_400_MY_95_TuneCP5_13TeV-madgraph-pythia8/RunIISummer20UL16NanoAODv15-150X_mcRun2_asymptotic_v1-v1/NANOAODSIM	NMSSM_XToYH_HTo2WTo4Q_YTo2T_MX_400_MY_95_TuneCP5_13TeV-madgraph-pythia8	RunIISummer20UL16NanoAODv15-150X_mcRun2_asymptotic_v1-v1	NANOAODSIM	-	-	-	-	-
/NMSSM_XToYH_HTo2WTo4Q_YTo2T_MX_500_MY_100_TuneCP5_13TeV-madgraph-pythia8/RunIISummer20UL16NanoAODv15-150X_mcRun2_asymptotic_v1-v1/NANOAODSIM	NMSSM_XToYH_HTo2WTo4Q_YTo2T_MX_500_MY_100_TuneCP5_13TeV-madgraph-pythia8	RunIISummer20UL16NanoAODv15-150X_mcRun2_asymptotic_v1-v1	NANOAODSIM	-	-	-	-	-
/NMSSM_XToYH_HTo2WTo4Q_YTo2T_MX_500_MY_125_TuneCP5_13TeV-madgraph-pythia8/RunIISummer20UL16NanoAODv15-150X_mcRun2_asymptotic_v1-v1/NANOAODSIM	NMSSM_XToYH_HTo2WTo4Q_YTo2T_MX_500_MY_125_TuneCP5_13TeV-madgraph-pythia8	RunIISummer20UL16NanoAODv15-150X_mcRun2_asymptotic_v1-v1	NANOAODSIM	-	-	-	-	-
/NMSSM_XToYH_HTo2WTo4Q_YTo2T_MX_500_MY_150_TuneCP5_13TeV-madgraph-pythia8/RunIISummer20UL16NanoAODv15-150X_mcRun2_asymptotic_v1-v1/NANOAODSIM	NMSSM_XToYH_HTo2WTo4Q_YTo2T_MX_500_MY_150_TuneCP5_13TeV-madgraph-pythia8	RunIISummer20UL16NanoAODv15-150X_mcRun2_asymptotic_v1-v1	NANOAODSIM	-	-	-	-	-
/NMSSM_XToYH_HTo2WTo4Q_YTo2T_MX_500_MY_200_TuneCP5_13TeV-madgraph-pythia8/RunIISummer20UL16NanoAODv15-150X_mcRun2_asymptotic_v1-v1/NANOAODSIM	NMSSM_XToYH_HTo2WTo4Q_YTo2T_MX_500_MY_200_TuneCP5_13TeV-madgraph-pythia8	RunIISummer20UL16NanoAODv15-150X_mcRun2_asymptotic_v1-v1	NANOAODSIM	-	-	-	-	-
/NMSSM_XToYH_HTo2WTo4Q_YTo2T_MX_500_MY_300_TuneCP5_13TeV-madgraph-pythia8/RunIISummer20UL16NanoAODv15-150X_mcRun2_asymptotic_v1-v1/NANOAODSIM	NMSSM_XToYH_HTo2WTo4Q_YTo2T_MX_500_MY_300_TuneCP5_13TeV-madgraph-pythia8	RunIISummer20UL16NanoAODv15-150X_mcRun2_asymptotic_v1-v1	NANOAODSIM	-	-	-	-	-
/NMSSM_XToYH_HTo2WTo4Q_YTo2T_MX_500_MY_60_TuneCP5_13TeV-madgraph-pythia8/RunIISummer20UL16NanoAODv15-150X_mcRun2_asymptotic_v1-v1/NANOAODSIM	NMSSM_XToYH_HTo2WTo4Q_YTo2T_MX_500_MY_60_TuneCP5_13TeV-madgraph-pythia8	RunIISummer20UL16NanoAODv15-150X_mcRun2_asymptotic_v1-v1	NANOAODSIM	-	-	-	-	-
/NMSSM_XToYH_HTo2WTo4Q_YTo2T_MX_500_MY_70_TuneCP5_13TeV-madgraph-pythia8/RunIISummer20UL16NanoAODv15-150X_mcRun2_asymptotic_v1-v1/NANOAODSIM	NMSSM_XToYH_HTo2WTo4Q_YTo2T_MX_500_MY_70_TuneCP5_13TeV-madgraph-pythia8	RunIISummer20UL16NanoAODv15-150X_mcRun2_asymptotic_v1-v1	NANOAODSIM	-	-	-	-	-
/NMSSM_XToYH_HTo2WTo4Q_YTo2T_MX_500_MY_80_TuneCP5_13TeV-madgraph-pythia8/RunIISummer20UL16NanoAODv15-150X_mcRun2_asymptotic_v1-v1/NANOAODSIM	NMSSM_XToYH_HTo2WTo4Q_YTo2T_MX_500_MY_80_TuneCP5_13TeV-madgraph-pythia8	RunIISummer20UL16NanoAODv15-150X_mcRun2_asymptotic_v1-v1	NANOAODSIM	-	-	-	-	-
/NMSSM_XToYH_HTo2WTo4Q_YTo2T_MX_500_MY_90_TuneCP5_13TeV-madgraph-pythia8/RunIISummer20UL16NanoAODv15-150X_mcRun2_asymptotic_v1-v1/NANOAODSIM	NMSSM_XToYH_HTo2WTo4Q_YTo2T_MX_500_MY_90_TuneCP5_13TeV-madgraph-pythia8	RunIISummer20UL16NanoAODv15-150X_mcRun2_asymptotic_v1-v1	NANOAODSIM	-	-	-	-	-
/NMSSM_XToYH_HTo2WTo4Q_YTo2T_MX_500_MY_95_TuneCP5_13TeV-madgraph-pythia8/RunIISummer20UL16NanoAODv15-150X_mcRun2_asymptotic_v1-v1/NANOAODSIM	NMSSM_XToYH_HTo2WTo4Q_YTo2T_MX_500_MY_95_TuneCP5_13TeV-madgraph-pythia8	RunIISummer20UL16NanoAODv15-150X_mcRun2_asymptotic_v1-v1	NANOAODSIM	-	-	-	-	-
/NMSSM_XToYH_HTo2WTo4Q_YTo2T_MX_550_MY_100_TuneCP5_13TeV-madgraph-pythia8/RunIISummer20UL16NanoAODv15-150X_mcRun2_asymptotic_v1-v1/NANOAODSIM	NMSSM_XToYH_HTo2WTo4Q_YTo2T_MX_550_MY_100_TuneCP5_13TeV-madgraph-pythia8	RunIISummer20UL16NanoAODv15-150X_mcRun2_asymptotic_v1-v1	NANOAODSIM	-	-	-	-	-
/NMSSM_XToYH_HTo2WTo4Q_YTo2T_MX_550_MY_125_TuneCP5_13TeV-madgraph-pythia8/RunIISummer20UL16NanoAODv15-150X_mcRun2_asymptotic_v1-v1/NANOAODSIM	NMSSM_XToYH_HTo2WTo4Q_YTo2T_MX_550_MY_125_TuneCP5_13TeV-madgraph-pythia8	RunIISummer20UL16NanoAODv15-150X_mcRun2_asymptotic_v1-v1	NANOAODSIM	-	-	-	-	-
/NMSSM_XToYH_HTo2WTo4Q_YTo2T_MX_550_MY_150_TuneCP5_13TeV-madgraph-pythia8/RunIISummer20UL16NanoAODv15-150X_mcRun2_asymptotic_v1-v1/NANOAODSIM	NMSSM_XToYH_HTo2WTo4Q_YTo2T_MX_550_MY_150_TuneCP5_13TeV-madgraph-pythia8	RunIISummer20UL16NanoAODv15-150X_mcRun2_asymptotic_v1-v1	NANOAODSIM	-	-	-	-	-
/NMSSM_XToYH_HTo2WTo4Q_YTo2T_MX_550_MY_200_TuneCP5_13TeV-madgraph-pythia8/RunIISummer20UL16NanoAODv15-150X_mcRun2_asymptotic_v1-v1/NANOAODSIM	NMSSM_XToYH_HTo2WTo4Q_YTo2T_MX_550_MY_200_TuneCP5_13TeV-madgraph-pythia8	RunIISummer20UL16NanoAODv15-150X_mcRun2_asymptotic_v1-v1	NANOAODSIM	-	-	-	-	-
/NMSSM_XToYH_HTo2WTo4Q_YTo2T_MX_550_MY_300_TuneCP5_13TeV-madgraph-pythia8/RunIISummer20UL16NanoAODv15-150X_mcRun2_asymptotic_v1-v1/NANOAODSIM	NMSSM_XToYH_HTo2WTo4Q_YTo2T_MX_550_MY_300_TuneCP5_13TeV-madgraph-pythia8	RunIISummer20UL16NanoAODv15-150X_mcRun2_asymptotic_v1-v1	NANOAODSIM	-	-	-	-	-
/NMSSM_XToYH_HTo2WTo4Q_YTo2T_MX_550_MY_400_TuneCP5_13TeV-madgraph-pythia8/RunIISummer20UL16NanoAODv15-150X_mcRun2_asymptotic_v1-v1/NANOAODSIM	NMSSM_XToYH_HTo2WTo4Q_YTo2T_MX_550_MY_400_TuneCP5_13TeV-madgraph-pythia8	RunIISummer20UL16NanoAODv15-150X_mcRun2_asymptotic_v1-v1	NANOAODSIM	-	-	-	-	-
/NMSSM_XToYH_HTo2WTo4Q_YTo2T_MX_550_MY_60_TuneCP5_13TeV-madgraph-pythia8/RunIISummer20UL16NanoAODv15-150X_mcRun2_asymptotic_v1-v1/NANOAODSIM	NMSSM_XToYH_HTo2WTo4Q_YTo2T_MX_550_MY_60_TuneCP5_13TeV-madgraph-pythia8	RunIISummer20UL16NanoAODv15-150X_mcRun2_asymptotic_v1-v1	NANOAODSIM	-	-	-	-	-
/NMSSM_XToYH_HTo2WTo4Q_YTo2T_MX_550_MY_70_TuneCP5_13TeV-madgraph-pythia8/RunIISummer20UL16NanoAODv15-150X_mcRun2_asymptotic_v1-v1/NANOAODSIM	NMSSM_XToYH_HTo2WTo4Q_YTo2T_MX_550_MY_70_TuneCP5_13TeV-madgraph-pythia8	RunIISummer20UL16NanoAODv15-150X_mcRun2_asymptotic_v1-v1	NANOAODSIM	-	-	-	-	-
/NMSSM_XToYH_HTo2WTo4Q_YTo2T_MX_550_MY_80_TuneCP5_13TeV-madgraph-pythia8/RunIISummer20UL16NanoAODv15-150X_mcRun2_asymptotic_v1-v1/NANOAODSIM	NMSSM_XToYH_HTo2WTo4Q_YTo2T_MX_550_MY_80_TuneCP5_13TeV-madgraph-pythia8	RunIISummer20UL16NanoAODv15-150X_mcRun2_asymptotic_v1-v1	NANOAODSIM	-	-	-	-	-
/NMSSM_XToYH_HTo2WTo4Q_YTo2T_MX_550_MY_90_TuneCP5_13TeV-madgraph-pythia8/RunIISummer20UL16NanoAODv15-150X_mcRun2_asymptotic_v1-v1/NANOAODSIM	NMSSM_XToYH_HTo2WTo4Q_YTo2T_MX_550_MY_90_TuneCP5_13TeV-madgraph-pythia8	RunIISummer20UL16NanoAODv15-150X_mcRun2_asymptotic_v1-v1	NANOAODSIM	-	-	-	-	-
/NMSSM_XToYH_HTo2WTo4Q_YTo2T_MX_550_MY_95_TuneCP5_13TeV-madgraph-pythia8/RunIISummer20UL16NanoAODv15-150X_mcRun2_asymptotic_v1-v1/NANOAODSIM	NMSSM_XToYH_HTo2WTo4Q_YTo2T_MX_550_MY_95_TuneCP5_13TeV-madgraph-pythia8	RunIISummer20UL16NanoAODv15-150X_mcRun2_asymptotic_v1-v1	NANOAODSIM	-	-	-	-	-
/NMSSM_XToYH_HTo2WTo4Q_YTo2T_MX_600_MY_100_TuneCP5_13TeV-madgraph-pythia8/RunIISummer20UL16NanoAODv15-150X_mcRun2_asymptotic_v1-v1/NANOAODSIM	NMSSM_XToYH_HTo2WTo4Q_YTo2T_MX_600_MY_100_TuneCP5_13TeV-madgraph-pythia8	RunIISummer20UL16NanoAODv15-150X_mcRun2_asymptotic_v1-v1	NANOAODSIM	-	-	-	-	-
/NMSSM_XToYH_HTo2WTo4Q_YTo2T_MX_600_MY_125_TuneCP5_13TeV-madgraph-pythia8/RunIISummer20UL16NanoAODv15-150X_mcRun2_asymptotic_v1-v1/NANOAODSIM	NMSSM_XToYH_HTo2WTo4Q_YTo2T_MX_600_MY_125_TuneCP5_13TeV-madgraph-pythia8	RunIISummer20UL16NanoAODv15-150X_mcRun2_asymptotic_v1-v1	NANOAODSIM	-	-	-	-	-
/NMSSM_XToYH_HTo2WTo4Q_YTo2T_MX_600_MY_150_TuneCP5_13TeV-madgraph-pythia8/RunIISummer20UL16NanoAODv15-150X_mcRun2_asymptotic_v1-v1/NANOAODSIM	NMSSM_XToYH_HTo2WTo4Q_YTo2T_MX_600_MY_150_TuneCP5_13TeV-madgraph-pythia8	RunIISummer20UL16NanoAODv15-150X_mcRun2_asymptotic_v1-v1	NANOAODSIM	-	-	-	-	-
/NMSSM_XToYH_HTo2WTo4Q_YTo2T_MX_600_MY_200_TuneCP5_13TeV-madgraph-pythia8/RunIISummer20UL16NanoAODv15-150X_mcRun2_asymptotic_v1-v1/NANOAODSIM	NMSSM_XToYH_HTo2WTo4Q_YTo2T_MX_600_MY_200_TuneCP5_13TeV-madgraph-pythia8	RunIISummer20UL16NanoAODv15-150X_mcRun2_asymptotic_v1-v1	NANOAODSIM	-	-	-	-	-
/NMSSM_XToYH_HTo2WTo4Q_YTo2T_MX_600_MY_300_TuneCP5_13TeV-madgraph-pythia8/RunIISummer20UL16NanoAODv15-150X_mcRun2_asymptotic_v1-v1/NANOAODSIM	NMSSM_XToYH_HTo2WTo4Q_YTo2T_MX_600_MY_300_TuneCP5_13TeV-madgraph-pythia8	RunIISummer20UL16NanoAODv15-150X_mcRun2_asymptotic_v1-v1	NANOAODSIM	-	-	-	-	-
/NMSSM_XToYH_HTo2WTo4Q_YTo2T_MX_600_MY_400_TuneCP5_13TeV-madgraph-pythia8/RunIISummer20UL16NanoAODv15-150X_mcRun2_asymptotic_v1-v1/NANOAODSIM	NMSSM_XToYH_HTo2WTo4Q_YTo2T_MX_600_MY_400_TuneCP5_13TeV-madgraph-pythia8	RunIISummer20UL16NanoAODv15-150X_mcRun2_asymptotic_v1-v1	NANOAODSIM	-	-	-	-	-
/NMSSM_XToYH_HTo2WTo4Q_YTo2T_MX_600_MY_60_TuneCP5_13TeV-madgraph-pythia8/RunIISummer20UL16NanoAODv15-150X_mcRun2_asymptotic_v1-v1/NANOAODSIM	NMSSM_XToYH_HTo2WTo4Q_YTo2T_MX_600_MY_60_TuneCP5_13TeV-madgraph-pythia8	RunIISummer20UL16NanoAODv15-150X_mcRun2_asymptotic_v1-v1	NANOAODSIM	-	-	-	-	-
/NMSSM_XToYH_HTo2WTo4Q_YTo2T_MX_600_MY_70_TuneCP5_13TeV-madgraph-pythia8/RunIISummer20UL16NanoAODv15-150X_mcRun2_asymptotic_v1-v1/NANOAODSIM	NMSSM_XToYH_HTo2WTo4Q_YTo2T_MX_600_MY_70_TuneCP5_13TeV-madgraph-pythia8	RunIISummer20UL16NanoAODv15-150X_mcRun2_asymptotic_v1-v1	NANOAODSIM	-	-	-	-	-
/NMSSM_XToYH_HTo2WTo4Q_YTo2T_MX_600_MY_80_TuneCP5_13TeV-madgraph-pythia8/RunIISummer20UL16NanoAODv15-150X_mcRun2_asymptotic_v1-v1/NANOAODSIM	NMSSM_XToYH_HTo2WTo4Q_YTo2T_MX_600_MY_80_TuneCP5_13TeV-madgraph-pythia8	RunIISummer20UL16NanoAODv15-150X_mcRun2_asymptotic_v1-v1	NANOAODSIM	-	-	-	-	-
/NMSSM_XToYH_HTo2WTo4Q_YTo2T_MX_600_MY_90_TuneCP5_13TeV-madgraph-pythia8/RunIISummer20UL16NanoAODv15-150X_mcRun2_asymptotic_v1-v1/NANOAODSIM	NMSSM_XToYH_HTo2WTo4Q_YTo2T_MX_600_MY_90_TuneCP5_13TeV-madgraph-pythia8	RunIISummer20UL16NanoAODv15-150X_mcRun2_asymptotic_v1-v1	NANOAODSIM	-	-	-	-	-
/NMSSM_XToYH_HTo2WTo4Q_YTo2T_MX_600_MY_95_TuneCP5_13TeV-madgraph-pythia8/RunIISummer20UL16NanoAODv15-150X_mcRun2_asymptotic_v1-v1/NANOAODSIM	NMSSM_XToYH_HTo2WTo4Q_YTo2T_MX_600_MY_95_TuneCP5_13TeV-madgraph-pythia8	RunIISummer20UL16NanoAODv15-150X_mcRun2_asymptotic_v1-v1	NANOAODSIM	-	-	-	-	-
/NMSSM_XToYH_HTo2WTo4Q_YTo2T_MX_650_MY_100_TuneCP5_13TeV-madgraph-pythia8/RunIISummer20UL16NanoAODv15-150X_mcRun2_asymptotic_v1-v1/NANOAODSIM	NMSSM_XToYH_HTo2WTo4Q_YTo2T_MX_650_MY_100_TuneCP5_13TeV-madgraph-pythia8	RunIISummer20UL16NanoAODv15-150X_mcRun2_asymptotic_v1-v1	NANOAODSIM	-	-	-	-	-
/NMSSM_XToYH_HTo2WTo4Q_YTo2T_MX_650_MY_125_TuneCP5_13TeV-madgraph-pythia8/RunIISummer20UL16NanoAODv15-150X_mcRun2_asymptotic_v1-v1/NANOAODSIM	NMSSM_XToYH_HTo2WTo4Q_YTo2T_MX_650_MY_125_TuneCP5_13TeV-madgraph-pythia8	RunIISummer20UL16NanoAODv15-150X_mcRun2_asymptotic_v1-v1	NANOAODSIM	-	-	-	-	-
/NMSSM_XToYH_HTo2WTo4Q_YTo2T_MX_650_MY_150_TuneCP5_13TeV-madgraph-pythia8/RunIISummer20UL16NanoAODv15-150X_mcRun2_asymptotic_v1-v1/NANOAODSIM	NMSSM_XToYH_HTo2WTo4Q_YTo2T_MX_650_MY_150_TuneCP5_13TeV-madgraph-pythia8	RunIISummer20UL16NanoAODv15-150X_mcRun2_asymptotic_v1-v1	NANOAODSIM	-	-	-	-	-
/NMSSM_XToYH_HTo2WTo4Q_YTo2T_MX_650_MY_200_TuneCP5_13TeV-madgraph-pythia8/RunIISummer20UL16NanoAODv15-150X_mcRun2_asymptotic_v1-v1/NANOAODSIM	NMSSM_XToYH_HTo2WTo4Q_YTo2T_MX_650_MY_200_TuneCP5_13TeV-madgraph-pythia8	RunIISummer20UL16NanoAODv15-150X_mcRun2_asymptotic_v1-v1	NANOAODSIM	-	-	-	-	-
/NMSSM_XToYH_HTo2WTo4Q_YTo2T_MX_650_MY_300_TuneCP5_13TeV-madgraph-pythia8/RunIISummer20UL16NanoAODv15-150X_mcRun2_asymptotic_v1-v1/NANOAODSIM	NMSSM_XToYH_HTo2WTo4Q_YTo2T_MX_650_MY_300_TuneCP5_13TeV-madgraph-pythia8	RunIISummer20UL16NanoAODv15-150X_mcRun2_asymptotic_v1-v1	NANOAODSIM	-	-	-	-	-
/NMSSM_XToYH_HTo2WTo4Q_YTo2T_MX_650_MY_400_TuneCP5_13TeV-madgraph-pythia8/RunIISummer20UL16NanoAODv15-150X_mcRun2_asymptotic_v1-v1/NANOAODSIM	NMSSM_XToYH_HTo2WTo4Q_YTo2T_MX_650_MY_400_TuneCP5_13TeV-madgraph-pythia8	RunIISummer20UL16NanoAODv15-150X_mcRun2_asymptotic_v1-v1	NANOAODSIM	-	-	-	-	-
/NMSSM_XToYH_HTo2WTo4Q_YTo2T_MX_650_MY_500_TuneCP5_13TeV-madgraph-pythia8/RunIISummer20UL16NanoAODv15-150X_mcRun2_asymptotic_v1-v1/NANOAODSIM	NMSSM_XToYH_HTo2WTo4Q_YTo2T_MX_650_MY_500_TuneCP5_13TeV-madgraph-pythia8	RunIISummer20UL16NanoAODv15-150X_mcRun2_asymptotic_v1-v1	NANOAODSIM	-	-	-	-	-
/NMSSM_XToYH_HTo2WTo4Q_YTo2T_MX_650_MY_60_TuneCP5_13TeV-madgraph-pythia8/RunIISummer20UL16NanoAODv15-150X_mcRun2_asymptotic_v1-v1/NANOAODSIM	NMSSM_XToYH_HTo2WTo4Q_YTo2T_MX_650_MY_60_TuneCP5_13TeV-madgraph-pythia8	RunIISummer20UL16NanoAODv15-150X_mcRun2_asymptotic_v1-v1	NANOAODSIM	-	-	-	-	-
/NMSSM_XToYH_HTo2WTo4Q_YTo2T_MX_650_MY_70_TuneCP5_13TeV-madgraph-pythia8/RunIISummer20UL16NanoAODv15-150X_mcRun2_asymptotic_v1-v1/NANOAODSIM	NMSSM_XToYH_HTo2WTo4Q_YTo2T_MX_650_MY_70_TuneCP5_13TeV-madgraph-pythia8	RunIISummer20UL16NanoAODv15-150X_mcRun2_asymptotic_v1-v1	NANOAODSIM	-	-	-	-	-
/NMSSM_XToYH_HTo2WTo4Q_YTo2T_MX_650_MY_80_TuneCP5_13TeV-madgraph-pythia8/RunIISummer20UL16NanoAODv15-150X_mcRun2_asymptotic_v1-v1/NANOAODSIM	NMSSM_XToYH_HTo2WTo4Q_YTo2T_MX_650_MY_80_TuneCP5_13TeV-madgraph-pythia8	RunIISummer20UL16NanoAODv15-150X_mcRun2_asymptotic_v1-v1	NANOAODSIM	-	-	-	-	-
/NMSSM_XToYH_HTo2WTo4Q_YTo2T_MX_650_MY_90_TuneCP5_13TeV-madgraph-pythia8/RunIISummer20UL16NanoAODv15-150X_mcRun2_asymptotic_v1-v1/NANOAODSIM	NMSSM_XToYH_HTo2WTo4Q_YTo2T_MX_650_MY_90_TuneCP5_13TeV-madgraph-pythia8	RunIISummer20UL16NanoAODv15-150X_mcRun2_asymptotic_v1-v1	NANOAODSIM	-	-	-	-	-
/NMSSM_XToYH_HTo2WTo4Q_YTo2T_MX_650_MY_95_TuneCP5_13TeV-madgraph-pythia8/RunIISummer20UL16NanoAODv15-150X_mcRun2_asymptotic_v1-v1/NANOAODSIM	NMSSM_XToYH_HTo2WTo4Q_YTo2T_MX_650_MY_95_TuneCP5_13TeV-madgraph-pythia8	RunIISummer20UL16NanoAODv15-150X_mcRun2_asymptotic_v1-v1	NANOAODSIM	-	-	-	-	-
/NMSSM_XToYH_HTo2WTo4Q_YTo2T_MX_700_MY_100_TuneCP5_13TeV-madgraph-pythia8/RunIISummer20UL16NanoAODv15-150X_mcRun2_asymptotic_v1-v1/NANOAODSIM	NMSSM_XToYH_HTo2WTo4Q_YTo2T_MX_700_MY_100_TuneCP5_13TeV-madgraph-pythia8	RunIISummer20UL16NanoAODv15-150X_mcRun2_asymptotic_v1-v1	NANOAODSIM	-	-	-	-	-
/NMSSM_XToYH_HTo2WTo4Q_YTo2T_MX_700_MY_125_TuneCP5_13TeV-madgraph-pythia8/RunIISummer20UL16NanoAODv15-150X_mcRun2_asymptotic_v1-v1/NANOAODSIM	NMSSM_XToYH_HTo2WTo4Q_YTo2T_MX_700_MY_125_TuneCP5_13TeV-madgraph-pythia8	RunIISummer20UL16NanoAODv15-150X_mcRun2_asymptotic_v1-v1	NANOAODSIM	-	-	-	-	-
/NMSSM_XToYH_HTo2WTo4Q_YTo2T_MX_700_MY_150_TuneCP5_13TeV-madgraph-pythia8/RunIISummer20UL16NanoAODv15-150X_mcRun2_asymptotic_v1-v1/NANOAODSIM	NMSSM_XToYH_HTo2WTo4Q_YTo2T_MX_700_MY_150_TuneCP5_13TeV-madgraph-pythia8	RunIISummer20UL16NanoAODv15-150X_mcRun2_asymptotic_v1-v1	NANOAODSIM	-	-	-	-	-
/NMSSM_XToYH_HTo2WTo4Q_YTo2T_MX_700_MY_200_TuneCP5_13TeV-madgraph-pythia8/RunIISummer20UL16NanoAODv15-150X_mcRun2_asymptotic_v1-v1/NANOAODSIM	NMSSM_XToYH_HTo2WTo4Q_YTo2T_MX_700_MY_200_TuneCP5_13TeV-madgraph-pythia8	RunIISummer20UL16NanoAODv15-150X_mcRun2_asymptotic_v1-v1	NANOAODSIM	-	-	-	-	-
/NMSSM_XToYH_HTo2WTo4Q_YTo2T_MX_700_MY_300_TuneCP5_13TeV-madgraph-pythia8/RunIISummer20UL16NanoAODv15-150X_mcRun2_asymptotic_v1-v1/NANOAODSIM	NMSSM_XToYH_HTo2WTo4Q_YTo2T_MX_700_MY_300_TuneCP5_13TeV-madgraph-pythia8	RunIISummer20UL16NanoAODv15-150X_mcRun2_asymptotic_v1-v1	NANOAODSIM	-	-	-	-	-
/NMSSM_XToYH_HTo2WTo4Q_YTo2T_MX_700_MY_400_TuneCP5_13TeV-madgraph-pythia8/RunIISummer20UL16NanoAODv15-150X_mcRun2_asymptotic_v1-v1/NANOAODSIM	NMSSM_XToYH_HTo2WTo4Q_YTo2T_MX_700_MY_400_TuneCP5_13TeV-madgraph-pythia8	RunIISummer20UL16NanoAODv15-150X_mcRun2_asymptotic_v1-v1	NANOAODSIM	-	-	-	-	-
/NMSSM_XToYH_HTo2WTo4Q_YTo2T_MX_700_MY_500_TuneCP5_13TeV-madgraph-pythia8/RunIISummer20UL16NanoAODv15-150X_mcRun2_asymptotic_v1-v1/NANOAODSIM	NMSSM_XToYH_HTo2WTo4Q_YTo2T_MX_700_MY_500_TuneCP5_13TeV-madgraph-pythia8	RunIISummer20UL16NanoAODv15-150X_mcRun2_asymptotic_v1-v1	NANOAODSIM	-	-	-	-	-
/NMSSM_XToYH_HTo2WTo4Q_YTo2T_MX_700_MY_60_TuneCP5_13TeV-madgraph-pythia8/RunIISummer20UL16NanoAODv15-150X_mcRun2_asymptotic_v1-v1/NANOAODSIM	NMSSM_XToYH_HTo2WTo4Q_YTo2T_MX_700_MY_60_TuneCP5_13TeV-madgraph-pythia8	RunIISummer20UL16NanoAODv15-150X_mcRun2_asymptotic_v1-v1	NANOAODSIM	-	-	-	-	-
/NMSSM_XToYH_HTo2WTo4Q_YTo2T_MX_700_MY_70_TuneCP5_13TeV-madgraph-pythia8/RunIISummer20UL16NanoAODv15-150X_mcRun2_asymptotic_v1-v1/NANOAODSIM	NMSSM_XToYH_HTo2WTo4Q_YTo2T_MX_700_MY_70_TuneCP5_13TeV-madgraph-pythia8	RunIISummer20UL16NanoAODv15-150X_mcRun2_asymptotic_v1-v1	NANOAODSIM	-	-	-	-	-
/NMSSM_XToYH_HTo2WTo4Q_YTo2T_MX_700_MY_80_TuneCP5_13TeV-madgraph-pythia8/RunIISummer20UL16NanoAODv15-150X_mcRun2_asymptotic_v1-v1/NANOAODSIM	NMSSM_XToYH_HTo2WTo4Q_YTo2T_MX_700_MY_80_TuneCP5_13TeV-madgraph-pythia8	RunIISummer20UL16NanoAODv15-150X_mcRun2_asymptotic_v1-v1	NANOAODSIM	-	-	-	-	-
/NMSSM_XToYH_HTo2WTo4Q_YTo2T_MX_700_MY_90_TuneCP5_13TeV-madgraph-pythia8/RunIISummer20UL16NanoAODv15-150X_mcRun2_asymptotic_v1-v1/NANOAODSIM	NMSSM_XToYH_HTo2WTo4Q_YTo2T_MX_700_MY_90_TuneCP5_13TeV-madgraph-pythia8	RunIISummer20UL16NanoAODv15-150X_mcRun2_asymptotic_v1-v1	NANOAODSIM	-	-	-	-	-
/NMSSM_XToYH_HTo2WTo4Q_YTo2T_MX_700_MY_95_TuneCP5_13TeV-madgraph-pythia8/RunIISummer20UL16NanoAODv15-150X_mcRun2_asymptotic_v1-v1/NANOAODSIM	NMSSM_XToYH_HTo2WTo4Q_YTo2T_MX_700_MY_95_TuneCP5_13TeV-madgraph-pythia8	RunIISummer20UL16NanoAODv15-150X_mcRun2_asymptotic_v1-v1	NANOAODSIM	-	-	-	-	-
/NMSSM_XToYH_HTo2WTo4Q_YTo2T_MX_800_MY_100_TuneCP5_13TeV-madgraph-pythia8/RunIISummer20UL16NanoAODv15-150X_mcRun2_asymptotic_v1-v1/NANOAODSIM	NMSSM_XToYH_HTo2WTo4Q_YTo2T_MX_800_MY_100_TuneCP5_13TeV-madgraph-pythia8	RunIISummer20UL16NanoAODv15-150X_mcRun2_asymptotic_v1-v1	NANOAODSIM	-	-	-	-	-
/NMSSM_XToYH_HTo2WTo4Q_YTo2T_MX_800_MY_125_TuneCP5_13TeV-madgraph-pythia8/RunIISummer20UL16NanoAODv15-150X_mcRun2_asymptotic_v1-v1/NANOAODSIM	NMSSM_XToYH_HTo2WTo4Q_YTo2T_MX_800_MY_125_TuneCP5_13TeV-madgraph-pythia8	RunIISummer20UL16NanoAODv15-150X_mcRun2_asymptotic_v1-v1	NANOAODSIM	-	-	-	-	-
/NMSSM_XToYH_HTo2WTo4Q_YTo2T_MX_800_MY_150_TuneCP5_13TeV-madgraph-pythia8/RunIISummer20UL16NanoAODv15-150X_mcRun2_asymptotic_v1-v1/NANOAODSIM	NMSSM_XToYH_HTo2WTo4Q_YTo2T_MX_800_MY_150_TuneCP5_13TeV-madgraph-pythia8	RunIISummer20UL16NanoAODv15-150X_mcRun2_asymptotic_v1-v1	NANOAODSIM	-	-	-	-	-
/NMSSM_XToYH_HTo2WTo4Q_YTo2T_MX_800_MY_200_TuneCP5_13TeV-madgraph-pythia8/RunIISummer20UL16NanoAODv15-150X_mcRun2_asymptotic_v1-v1/NANOAODSIM	NMSSM_XToYH_HTo2WTo4Q_YTo2T_MX_800_MY_200_TuneCP5_13TeV-madgraph-pythia8	RunIISummer20UL16NanoAODv15-150X_mcRun2_asymptotic_v1-v1	NANOAODSIM	-	-	-	-	-
/NMSSM_XToYH_HTo2WTo4Q_YTo2T_MX_800_MY_300_TuneCP5_13TeV-madgraph-pythia8/RunIISummer20UL16NanoAODv15-150X_mcRun2_asymptotic_v1-v1/NANOAODSIM	NMSSM_XToYH_HTo2WTo4Q_YTo2T_MX_800_MY_300_TuneCP5_13TeV-madgraph-pythia8	RunIISummer20UL16NanoAODv15-150X_mcRun2_asymptotic_v1-v1	NANOAODSIM	-	-	-	-	-
/NMSSM_XToYH_HTo2WTo4Q_YTo2T_MX_800_MY_400_TuneCP5_13TeV-madgraph-pythia8/RunIISummer20UL16NanoAODv15-150X_mcRun2_asymptotic_v1-v1/NANOAODSIM	NMSSM_XToYH_HTo2WTo4Q_YTo2T_MX_800_MY_400_TuneCP5_13TeV-madgraph-pythia8	RunIISummer20UL16NanoAODv15-150X_mcRun2_asymptotic_v1-v1	NANOAODSIM	-	-	-	-	-
/NMSSM_XToYH_HTo2WTo4Q_YTo2T_MX_800_MY_500_TuneCP5_13TeV-madgraph-pythia8/RunIISummer20UL16NanoAODv15-150X_mcRun2_asymptotic_v1-v1/NANOAODSIM	NMSSM_XToYH_HTo2WTo4Q_YTo2T_MX_800_MY_500_TuneCP5_13TeV-madgraph-pythia8	RunIISummer20UL16NanoAODv15-150X_mcRun2_asymptotic_v1-v1	NANOAODSIM	-	-	-	-	-
/NMSSM_XToYH_HTo2WTo4Q_YTo2T_MX_800_MY_600_TuneCP5_13TeV-madgraph-pythia8/RunIISummer20UL16NanoAODv15-150X_mcRun2_asymptotic_v1-v1/NANOAODSIM	NMSSM_XToYH_HTo2WTo4Q_YTo2T_MX_800_MY_600_TuneCP5_13TeV-madgraph-pythia8	RunIISummer20UL16NanoAODv15-150X_mcRun2_asymptotic_v1-v1	NANOAODSIM	-	-	-	-	-
/NMSSM_XToYH_HTo2WTo4Q_YTo2T_MX_800_MY_60_TuneCP5_13TeV-madgraph-pythia8/RunIISummer20UL16NanoAODv15-150X_mcRun2_asymptotic_v1-v1/NANOAODSIM	NMSSM_XToYH_HTo2WTo4Q_YTo2T_MX_800_MY_60_TuneCP5_13TeV-madgraph-pythia8	RunIISummer20UL16NanoAODv15-150X_mcRun2_asymptotic_v1-v1	NANOAODSIM	-	-	-	-	-
/NMSSM_XToYH_HTo2WTo4Q_YTo2T_MX_800_MY_70_TuneCP5_13TeV-madgraph-pythia8/RunIISummer20UL16NanoAODv15-150X_mcRun2_asymptotic_v1-v1/NANOAODSIM	NMSSM_XToYH_HTo2WTo4Q_YTo2T_MX_800_MY_70_TuneCP5_13TeV-madgraph-pythia8	RunIISummer20UL16NanoAODv15-150X_mcRun2_asymptotic_v1-v1	NANOAODSIM	-	-	-	-	-
/NMSSM_XToYH_HTo2WTo4Q_YTo2T_MX_800_MY_80_TuneCP5_13TeV-madgraph-pythia8/RunIISummer20UL16NanoAODv15-150X_mcRun2_asymptotic_v1-v1/NANOAODSIM	NMSSM_XToYH_HTo2WTo4Q_YTo2T_MX_800_MY_80_TuneCP5_13TeV-madgraph-pythia8	RunIISummer20UL16NanoAODv15-150X_mcRun2_asymptotic_v1-v1	NANOAODSIM	-	-	-	-	-
/NMSSM_XToYH_HTo2WTo4Q_YTo2T_MX_800_MY_90_TuneCP5_13TeV-madgraph-pythia8/RunIISummer20UL16NanoAODv15-150X_mcRun2_asymptotic_v1-v1/NANOAODSIM	NMSSM_XToYH_HTo2WTo4Q_YTo2T_MX_800_MY_90_TuneCP5_13TeV-madgraph-pythia8	RunIISummer20UL16NanoAODv15-150X_mcRun2_asymptotic_v1-v1	NANOAODSIM	-	-	-	-	-
/NMSSM_XToYH_HTo2WTo4Q_YTo2T_MX_800_MY_95_TuneCP5_13TeV-madgraph-pythia8/RunIISummer20UL16NanoAODv15-150X_mcRun2_asymptotic_v1-v1/NANOAODSIM	NMSSM_XToYH_HTo2WTo4Q_YTo2T_MX_800_MY_95_TuneCP5_13TeV-madgraph-pythia8	RunIISummer20UL16NanoAODv15-150X_mcRun2_asymptotic_v1-v1	NANOAODSIM	-	-	-	-	-
/NMSSM_XToYH_HTo2WTo4Q_YTo2T_MX_900_MY_100_TuneCP5_13TeV-madgraph-pythia8/RunIISummer20UL16NanoAODv15-150X_mcRun2_asymptotic_v1-v1/NANOAODSIM	NMSSM_XToYH_HTo2WTo4Q_YTo2T_MX_900_MY_100_TuneCP5_13TeV-madgraph-pythia8	RunIISummer20UL16NanoAODv15-150X_mcRun2_asymptotic_v1-v1	NANOAODSIM	-	-	-	-	-
/NMSSM_XToYH_HTo2WTo4Q_YTo2T_MX_900_MY_125_TuneCP5_13TeV-madgraph-pythia8/RunIISummer20UL16NanoAODv15-150X_mcRun2_asymptotic_v1-v1/NANOAODSIM	NMSSM_XToYH_HTo2WTo4Q_YTo2T_MX_900_MY_125_TuneCP5_13TeV-madgraph-pythia8	RunIISummer20UL16NanoAODv15-150X_mcRun2_asymptotic_v1-v1	NANOAODSIM	-	-	-	-	-
/NMSSM_XToYH_HTo2WTo4Q_YTo2T_MX_900_MY_150_TuneCP5_13TeV-madgraph-pythia8/RunIISummer20UL16NanoAODv15-150X_mcRun2_asymptotic_v1-v1/NANOAODSIM	NMSSM_XToYH_HTo2WTo4Q_YTo2T_MX_900_MY_150_TuneCP5_13TeV-madgraph-pythia8	RunIISummer20UL16NanoAODv15-150X_mcRun2_asymptotic_v1-v1	NANOAODSIM	-	-	-	-	-
/NMSSM_XToYH_HTo2WTo4Q_YTo2T_MX_900_MY_200_TuneCP5_13TeV-madgraph-pythia8/RunIISummer20UL16NanoAODv15-150X_mcRun2_asymptotic_v1-v1/NANOAODSIM	NMSSM_XToYH_HTo2WTo4Q_YTo2T_MX_900_MY_200_TuneCP5_13TeV-madgraph-pythia8	RunIISummer20UL16NanoAODv15-150X_mcRun2_asymptotic_v1-v1	NANOAODSIM	-	-	-	-	-
/NMSSM_XToYH_HTo2WTo4Q_YTo2T_MX_900_MY_300_TuneCP5_13TeV-madgraph-pythia8/RunIISummer20UL16NanoAODv15-150X_mcRun2_asymptotic_v1-v1/NANOAODSIM	NMSSM_XToYH_HTo2WTo4Q_YTo2T_MX_900_MY_300_TuneCP5_13TeV-madgraph-pythia8	RunIISummer20UL16NanoAODv15-150X_mcRun2_asymptotic_v1-v1	NANOAODSIM	-	-	-	-	-
/NMSSM_XToYH_HTo2WTo4Q_YTo2T_MX_900_MY_400_TuneCP5_13TeV-madgraph-pythia8/RunIISummer20UL16NanoAODv15-150X_mcRun2_asymptotic_v1-v1/NANOAODSIM	NMSSM_XToYH_HTo2WTo4Q_YTo2T_MX_900_MY_400_TuneCP5_13TeV-madgraph-pythia8	RunIISummer20UL16NanoAODv15-150X_mcRun2_asymptotic_v1-v1	NANOAODSIM	-	-	-	-	-
/NMSSM_XToYH_HTo2WTo4Q_YTo2T_MX_900_MY_500_TuneCP5_13TeV-madgraph-pythia8/RunIISummer20UL16NanoAODv15-150X_mcRun2_asymptotic_v1-v1/NANOAODSIM	NMSSM_XToYH_HTo2WTo4Q_YTo2T_MX_900_MY_500_TuneCP5_13TeV-madgraph-pythia8	RunIISummer20UL16NanoAODv15-150X_mcRun2_asymptotic_v1-v1	NANOAODSIM	-	-	-	-	-
/NMSSM_XToYH_HTo2WTo4Q_YTo2T_MX_900_MY_600_TuneCP5_13TeV-madgraph-pythia8/RunIISummer20UL16NanoAODv15-150X_mcRun2_asymptotic_v1-v1/NANOAODSIM	NMSSM_XToYH_HTo2WTo4Q_YTo2T_MX_900_MY_600_TuneCP5_13TeV-madgraph-pythia8	RunIISummer20UL16NanoAODv15-150X_mcRun2_asymptotic_v1-v1	NANOAODSIM	-	-	-	-	-
/NMSSM_XToYH_HTo2WTo4Q_YTo2T_MX_900_MY_60_TuneCP5_13TeV-madgraph-pythia8/RunIISummer20UL16NanoAODv15-150X_mcRun2_asymptotic_v1-v1/NANOAODSIM	NMSSM_XToYH_HTo2WTo4Q_YTo2T_MX_900_MY_60_TuneCP5_13TeV-madgraph-pythia8	RunIISummer20UL16NanoAODv15-150X_mcRun2_asymptotic_v1-v1	NANOAODSIM	-	-	-	-	-
/NMSSM_XToYH_HTo2WTo4Q_YTo2T_MX_900_MY_70_TuneCP5_13TeV-madgraph-pythia8/RunIISummer20UL16NanoAODv15-150X_mcRun2_asymptotic_v1-v1/NANOAODSIM	NMSSM_XToYH_HTo2WTo4Q_YTo2T_MX_900_MY_70_TuneCP5_13TeV-madgraph-pythia8	RunIISummer20UL16NanoAODv15-150X_mcRun2_asymptotic_v1-v1	NANOAODSIM	-	-	-	-	-
/NMSSM_XToYH_HTo2WTo4Q_YTo2T_MX_900_MY_80_TuneCP5_13TeV-madgraph-pythia8/RunIISummer20UL16NanoAODv15-150X_mcRun2_asymptotic_v1-v1/NANOAODSIM	NMSSM_XToYH_HTo2WTo4Q_YTo2T_MX_900_MY_80_TuneCP5_13TeV-madgraph-pythia8	RunIISummer20UL16NanoAODv15-150X_mcRun2_asymptotic_v1-v1	NANOAODSIM	-	-	-	-	-
/NMSSM_XToYH_HTo2WTo4Q_YTo2T_MX_900_MY_90_TuneCP5_13TeV-madgraph-pythia8/RunIISummer20UL16NanoAODv15-150X_mcRun2_asymptotic_v1-v1/NANOAODSIM	NMSSM_XToYH_HTo2WTo4Q_YTo2T_MX_900_MY_90_TuneCP5_13TeV-madgraph-pythia8	RunIISummer20UL16NanoAODv15-150X_mcRun2_asymptotic_v1-v1	NANOAODSIM	-	-	-	-	-
/NMSSM_XToYH_HTo2WTo4Q_YTo2T_MX_900_MY_95_TuneCP5_13TeV-madgraph-pythia8/RunIISummer20UL16NanoAODv15-150X_mcRun2_asymptotic_v1-v1/NANOAODSIM	NMSSM_XToYH_HTo2WTo4Q_YTo2T_MX_900_MY_95_TuneCP5_13TeV-madgraph-pythia8	RunIISummer20UL16NanoAODv15-150X_mcRun2_asymptotic_v1-v1	NANOAODSIM	-	-	-	-	-
/NMSSM_XToYHTo2Tau2B_MX-2000_MY-350_TuneCP5_13TeV-madgraph-pythia8/RunIISummer20UL16NanoAODv15-150X_mcRun2_asymptotic_v1-v3/NANOAODSIM	NMSSM_XToYHTo2Tau2B_MX-2000_MY-350_TuneCP5_13TeV-madgraph-pythia8	RunIISummer20UL16NanoAODv15-150X_mcRun2_asymptotic_v1-v3	NANOAODSIM	-	-	-	-	-
/NMSSM_XToYHTo2Tau2B_MX-2000_MY-50_TuneCP5_13TeV-madgraph-pythia8/RunIISummer20UL16NanoAODv15-150X_mcRun2_asymptotic_v1-v3/NANOAODSIM	NMSSM_XToYHTo2Tau2B_MX-2000_MY-50_TuneCP5_13TeV-madgraph-pythia8	RunIISummer20UL16NanoAODv15-150X_mcRun2_asymptotic_v1-v3	NANOAODSIM	-	-	-	-	-
/NMSSM_XToYHTo2Tau2B_MX-4500_MY-50_TuneCP5_13TeV-madgraph-pythia8/RunIISummer20UL16NanoAODv15-150X_mcRun2_asymptotic_v1-v3/NANOAODSIM	NMSSM_XToYHTo2Tau2B_MX-4500_MY-50_TuneCP5_13TeV-madgraph-pythia8	RunIISummer20UL16NanoAODv15-150X_mcRun2_asymptotic_v1-v3	NANOAODSIM	-	-	-	-	-
/NMSSM_XToYHTo2Tau2B_MX-4500_MY-50_TuneCP5_13TeV-madgraph-pythia8/RunIISummer20UL16NanoAODv15-150X_mcRun2_asymptotic_v1-v4/NANOAODSIM	NMSSM_XToYHTo2Tau2B_MX-4500_MY-50_TuneCP5_13TeV-madgraph-pythia8	RunIISummer20UL16NanoAODv15-150X_mcRun2_asymptotic_v1-v4	NANOAODSIM	-	-	-	-	-
/NMSSM_XToYHTo2Tau2B_MX-4500_MY-700_TuneCP5_13TeV-madgraph-pythia8/RunIISummer20UL16NanoAODv15-150X_mcRun2_asymptotic_v1-v2/NANOAODSIM	NMSSM_XToYHTo2Tau2B_MX-4500_MY-700_TuneCP5_13TeV-madgraph-pythia8	RunIISummer20UL16NanoAODv15-150X_mcRun2_asymptotic_v1-v2	NANOAODSIM	-	-	-	-	-
/NMSSM_XToYHTo2Tau2B_MX-4500_MY-700_TuneCP5_13TeV-madgraph-pythia8/RunIISummer20UL16NanoAODv15-150X_mcRun2_asymptotic_v1-v4/NANOAODSIM	NMSSM_XToYHTo2Tau2B_MX-4500_MY-700_TuneCP5_13TeV-madgraph-pythia8	RunIISummer20UL16NanoAODv15-150X_mcRun2_asymptotic_v1-v4	NANOAODSIM	-	-	-	-	-
/NMSSM_XToYHTo2W2BTo2L2Nu2B_MX-4500_MY-50_TuneCP5_13TeV-madgraph-pythia8/RunIISummer20UL16NanoAODv15-150X_mcRun2_asymptotic_v1-v3/NANOAODSIM	NMSSM_XToYHTo2W2BTo2L2Nu2B_MX-4500_MY-50_TuneCP5_13TeV-madgraph-pythia8	RunIISummer20UL16NanoAODv15-150X_mcRun2_asymptotic_v1-v3	NANOAODSIM	-	-	-	-	-
/NMSSM_XToYHTo2W2BTo2L2Nu2B_MX-4500_MY-700_TuneCP5_13TeV-madgraph-pythia8/RunIISummer20UL16NanoAODv15-150X_mcRun2_asymptotic_v1-v3/NANOAODSIM	NMSSM_XToYHTo2W2BTo2L2Nu2B_MX-4500_MY-700_TuneCP5_13TeV-madgraph-pythia8	RunIISummer20UL16NanoAODv15-150X_mcRun2_asymptotic_v1-v3	NANOAODSIM	-	-	-	-	-
/NMSSM_XToYHTo2W2BTo2Q1L1Nu2B_MX-2000_MY-50_TuneCP5_13TeV-madgraph-pythia8/RunIISummer20UL16NanoAODv15-150X_mcRun2_asymptotic_v1-v3/NANOAODSIM	NMSSM_XToYHTo2W2BTo2Q1L1Nu2B_MX-2000_MY-50_TuneCP5_13TeV-madgraph-pythia8	RunIISummer20UL16NanoAODv15-150X_mcRun2_asymptotic_v1-v3	NANOAODSIM	-	-	-	-	-
/NMSSM_XToYHTo2W2BTo2Q1L1Nu2B_MX-4500_MY-50_TuneCP5_13TeV-madgraph-pythia8/RunIISummer20UL16NanoAODv15-150X_mcRun2_asymptotic_v1-v3/NANOAODSIM	NMSSM_XToYHTo2W2BTo2Q1L1Nu2B_MX-4500_MY-50_TuneCP5_13TeV-madgraph-pythia8	RunIISummer20UL16NanoAODv15-150X_mcRun2_asymptotic_v1-v3	NANOAODSIM	-	-	-	-	-
/NMSSM_XToYHTo2W2BTo2Q1L1Nu2B_MX-4500_MY-700_TuneCP5_13TeV-madgraph-pythia8/RunIISummer20UL16NanoAODv15-150X_mcRun2_asymptotic_v1-v3/NANOAODSIM	NMSSM_XToYHTo2W2BTo2Q1L1Nu2B_MX-4500_MY-700_TuneCP5_13TeV-madgraph-pythia8	RunIISummer20UL16NanoAODv15-150X_mcRun2_asymptotic_v1-v3	NANOAODSIM	-	-	-	-	-
/NMSSM_XToYHTo2Z2BTo2L2Nu2B_MX-4500_MY-50_TuneCP5_13TeV-madgraph-pythia8/RunIISummer20UL16NanoAODv15-150X_mcRun2_asymptotic_v1-v3/NANOAODSIM	NMSSM_XToYHTo2Z2BTo2L2Nu2B_MX-4500_MY-50_TuneCP5_13TeV-madgraph-pythia8	RunIISummer20UL16NanoAODv15-150X_mcRun2_asymptotic_v1-v3	NANOAODSIM	-	-	-	-	-
/NMSSM_XToYHTo2Z2BTo2L2Nu2B_MX-4500_MY-700_TuneCP5_13TeV-madgraph-pythia8/RunIISummer20UL16NanoAODv15-150X_mcRun2_asymptotic_v1-v3/NANOAODSIM	NMSSM_XToYHTo2Z2BTo2L2Nu2B_MX-4500_MY-700_TuneCP5_13TeV-madgraph-pythia8	RunIISummer20UL16NanoAODv15-150X_mcRun2_asymptotic_v1-v3	NANOAODSIM	-	-	-	-	-
/QCD_bEnriched_HT1000to1500_TuneCP5_13TeV-madgraph-pythia8/RunIISummer20UL16NanoAODv15-150X_mcRun2_asymptotic_v1-v1/NANOAODSIM	QCD_bEnriched_HT1000to1500_TuneCP5_13TeV-madgraph-pythia8	RunIISummer20UL16NanoAODv15-150X_mcRun2_asymptotic_v1-v1	NANOAODSIM	-	-	-	-	-
/QCD_bEnriched_HT100to200_TuneCP5_13TeV-madgraph-pythia8/RunIISummer20UL16NanoAODv15-150X_mcRun2_asymptotic_v1-v1/NANOAODSIM	QCD_bEnriched_HT100to200_TuneCP5_13TeV-madgraph-pythia8	RunIISummer20UL16NanoAODv15-150X_mcRun2_asymptotic_v1-v1	NANOAODSIM	-	-	-	-	-
/QCD_bEnriched_HT1500to2000_TuneCP5_13TeV-madgraph-pythia8/RunIISummer20UL16NanoAODv15-150X_mcRun2_asymptotic_v1-v1/NANOAODSIM	QCD_bEnriched_HT1500to2000_TuneCP5_13TeV-madgraph-pythia8	RunIISummer20UL16NanoAODv15-150X_mcRun2_asymptotic_v1-v1	NANOAODSIM	-	-	-	-	-
/QCD_bEnriched_HT2000toInf_TuneCP5_13TeV-madgraph-pythia8/RunIISummer20UL16NanoAODv15-150X_mcRun2_asymptotic_v1-v1/NANOAODSIM	QCD_bEnriched_HT2000toInf_TuneCP5_13TeV-madgraph-pythia8	RunIISummer20UL16NanoAODv15-150X_mcRun2_asymptotic_v1-v1	NANOAODSIM	-	-	-	-	-
/QCD_bEnriched_HT200to300_TuneCP5_13TeV-madgraph-pythia8/RunIISummer20UL16NanoAODv15-150X_mcRun2_asymptotic_v1-v1/NANOAODSIM	QCD_bEnriched_HT200to300_TuneCP5_13TeV-madgraph-pythia8	RunIISummer20UL16NanoAODv15-150X_mcRun2_asymptotic_v1-v1	NANOAODSIM	-	-	-	-	-
/QCD_bEnriched_HT300to500_TuneCP5_13TeV-madgraph-pythia8/RunIISummer20UL16NanoAODv15-150X_mcRun2_asymptotic_v1-v1/NANOAODSIM	QCD_bEnriched_HT300to500_TuneCP5_13TeV-madgraph-pythia8	RunIISummer20UL16NanoAODv15-150X_mcRun2_asymptotic_v1-v1	NANOAODSIM	-	-	-	-	-
/QCD_bEnriched_HT500to700_TuneCP5_13TeV-madgraph-pythia8/RunIISummer20UL16NanoAODv15-150X_mcRun2_asymptotic_v1-v1/NANOAODSIM	QCD_bEnriched_HT500to700_TuneCP5_13TeV-madgraph-pythia8	RunIISummer20UL16NanoAODv15-150X_mcRun2_asymptotic_v1-v1	NANOAODSIM	-	-	-	-	-
/QCD_bEnriched_HT700to1000_TuneCP5_13TeV-madgraph-pythia8/RunIISummer20UL16NanoAODv15-150X_mcRun2_asymptotic_v1-v1/NANOAODSIM	QCD_bEnriched_HT700to1000_TuneCP5_13TeV-madgraph-pythia8	RunIISummer20UL16NanoAODv15-150X_mcRun2_asymptotic_v1-v1	NANOAODSIM	-	-	-	-	-
/QCD_HT1000to1500_TuneCP5_PSWeights_13TeV-madgraphMLM-pythia8/RunIISummer20UL16NanoAODv15-150X_mcRun2_asymptotic_v1-v1/NANOAODSIM	QCD_HT1000to1500_TuneCP5_PSWeights_13TeV-madgraphMLM-pythia8	RunIISummer20UL16NanoAODv15-150X_mcRun2_asymptotic_v1-v1	NANOAODSIM	-	-	-	-	-
/QCD_HT100to200_TuneCP5_PSWeights_13TeV-madgraphMLM-pythia8/RunIISummer20UL16NanoAODv15-150X_mcRun2_asymptotic_v1-v1/NANOAODSIM	QCD_HT100to200_TuneCP5_PSWeights_13TeV-madgraphMLM-pythia8	RunIISummer20UL16NanoAODv15-150X_mcRun2_asymptotic_v1-v1	NANOAODSIM	-	-	-	-	-
/QCD_HT1500to2000_TuneCP5_PSWeights_13TeV-madgraphMLM-pythia8/RunIISummer20UL16NanoAODv15-150X_mcRun2_asymptotic_v1-v1/NANOAODSIM	QCD_HT1500to2000_TuneCP5_PSWeights_13TeV-madgraphMLM-pythia8	RunIISummer20UL16NanoAODv15-150X_mcRun2_asymptotic_v1-v1	NANOAODSIM	-	-	-	-	-
/QCD_HT2000toInf_TuneCP5_PSWeights_13TeV-madgraphMLM-pythia8/RunIISummer20UL16NanoAODv15-150X_mcRun2_asymptotic_v1-v1/NANOAODSIM	QCD_HT2000toInf_TuneCP5_PSWeights_13TeV-madgraphMLM-pythia8	RunIISummer20UL16NanoAODv15-150X_mcRun2_asymptotic_v1-v1	NANOAODSIM	-	-	-	-	-
/QCD_HT200to300_TuneCP5_PSWeights_13TeV-madgraphMLM-pythia8/RunIISummer20UL16NanoAODv15-150X_mcRun2_asymptotic_v1-v1/NANOAODSIM	QCD_HT200to300_TuneCP5_PSWeights_13TeV-madgraphMLM-pythia8	RunIISummer20UL16NanoAODv15-150X_mcRun2_asymptotic_v1-v1	NANOAODSIM	-	-	-	-	-
/QCD_HT300to500_TuneCP5_PSWeights_13TeV-madgraphMLM-pythia8/RunIISummer20UL16NanoAODv15-150X_mcRun2_asymptotic_v1-v1/NANOAODSIM	QCD_HT300to500_TuneCP5_PSWeights_13TeV-madgraphMLM-pythia8	RunIISummer20UL16NanoAODv15-150X_mcRun2_asymptotic_v1-v1	NANOAODSIM	-	-	-	-	-
/QCD_HT500to700_TuneCP5_PSWeights_13TeV-madgraphMLM-pythia8/RunIISummer20UL16NanoAODv15-150X_mcRun2_asymptotic_v1-v1/NANOAODSIM	QCD_HT500to700_TuneCP5_PSWeights_13TeV-madgraphMLM-pythia8	RunIISummer20UL16NanoAODv15-150X_mcRun2_asymptotic_v1-v1	NANOAODSIM	-	-	-	-	-
/QCD_HT50to100_TuneCP5_PSWeights_13TeV-madgraph-pythia8/RunIISummer20UL16NanoAODv15-150X_mcRun2_asymptotic_v1-v1/NANOAODSIM	QCD_HT50to100_TuneCP5_PSWeights_13TeV-madgraph-pythia8	RunIISummer20UL16NanoAODv15-150X_mcRun2_asymptotic_v1-v1	NANOAODSIM	-	-	-	-	-
/QCD_HT700to1000_TuneCP5_PSWeights_13TeV-madgraphMLM-pythia8/RunIISummer20UL16NanoAODv15-150X_mcRun2_asymptotic_v1-v1/NANOAODSIM	QCD_HT700to1000_TuneCP5_PSWeights_13TeV-madgraphMLM-pythia8	RunIISummer20UL16NanoAODv15-150X_mcRun2_asymptotic_v1-v1	NANOAODSIM	-	-	-	-	-
/QCD_Pt-15to7000_TuneCP5_Flat2018_13TeV_pythia8/RunIISummer20UL16NanoAODv15-150X_mcRun2_asymptotic_v1-v1/NANOAODSIM	QCD_Pt-15to7000_TuneCP5_Flat2018_13TeV_pythia8	RunIISummer20UL16NanoAODv15-150X_mcRun2_asymptotic_v1-v1	NANOAODSIM	-	-	-	-	-
/QCD_Pt-15to7000_TuneCP5_Flat2018_13TeV_pythia8/RunIISummer20UL16NanoAODv15-150X_mcRun2_asymptotic_v1-v2/NANOAODSIM	QCD_Pt-15to7000_TuneCP5_Flat2018_13TeV_pythia8	RunIISummer20UL16NanoAODv15-150X_mcRun2_asymptotic_v1-v2	NANOAODSIM	-	-	-	-	-
/SSWW_TuneCP5_13TeV-madgraph-pythia8/RunIISummer20UL16NanoAODv15-150X_mcRun2_asymptotic_v1-v1/NANOAODSIM	SSWW_TuneCP5_13TeV-madgraph-pythia8	RunIISummer20UL16NanoAODv15-150X_mcRun2_asymptotic_v1-v1	NANOAODSIM	-	-	-	-	-
/ST_t-channel_antitop_5f_InclusiveDecays_TuneCP5_13TeV-powheg-pythia8/RunIISummer20UL16NanoAODv15-150X_mcRun2_asymptotic_v1-v1/NANOAODSIM	ST_t-channel_antitop_5f_InclusiveDecays_TuneCP5_13TeV-powheg-pythia8	RunIISummer20UL16NanoAODv15-150X_mcRun2_asymptotic_v1-v1	NANOAODSIM	-	-	-	-	-
/ST_t-channel_top_5f_InclusiveDecays_TuneCP5_13TeV-powheg-pythia8/RunIISummer20UL16NanoAODv15-150X_mcRun2_asymptotic_v1-v1/NANOAODSIM	ST_t-channel_top_5f_InclusiveDecays_TuneCP5_13TeV-powheg-pythia8	RunIISummer20UL16NanoAODv15-150X_mcRun2_asymptotic_v1-v1	NANOAODSIM	-	-	-	-	-
/ST_tW_Dilept_5f_DR_TuneCP5_13TeV-amcatnlo-pythia8/RunIISummer20UL16NanoAODv15-150X_mcRun2_asymptotic_v1-v1/NANOAODSIM	ST_tW_Dilept_5f_DR_TuneCP5_13TeV-amcatnlo-pythia8	RunIISummer20UL16NanoAODv15-150X_mcRun2_asymptotic_v1-v1	NANOAODSIM	-	-	-	-	-
/TGJets_TuneCP5_13TeV-amcatnlo-madspin-pythia8/RunIISummer20UL16NanoAODv15-150X_mcRun2_asymptotic_v1_ext1-v1/NANOAODSIM	TGJets_TuneCP5_13TeV-amcatnlo-madspin-pythia8	RunIISummer20UL16NanoAODv15-150X_mcRun2_asymptotic_v1_ext1-v1	NANOAODSIM	-	-	-	-	-
/THQ_ctcvcp_HToGG_M125_TuneCP5_13TeV-madgraph-pythia8/RunIISummer20UL16NanoAODv15-150X_mcRun2_asymptotic_v1-v1/NANOAODSIM	THQ_ctcvcp_HToGG_M125_TuneCP5_13TeV-madgraph-pythia8	RunIISummer20UL16NanoAODv15-150X_mcRun2_asymptotic_v1-v1	NANOAODSIM	-	-	-	-	-
/THW_ctcvcp_HToGG_M125_TuneCP5_13TeV-madgraph-pythia8/RunIISummer20UL16NanoAODv15-150X_mcRun2_asymptotic_v1-v1/NANOAODSIM	THW_ctcvcp_HToGG_M125_TuneCP5_13TeV-madgraph-pythia8	RunIISummer20UL16NanoAODv15-150X_mcRun2_asymptotic_v1-v1	NANOAODSIM	-	-	-	-	-
/TprimeBToTH_LH_M1000_decay10pct_int_TuneCP5_13TeV-madgraph-pythia8/RunIISummer20UL16NanoAODv15-150X_mcRun2_asymptotic_v1-v1/NANOAODSIM	TprimeBToTH_LH_M1000_decay10pct_int_TuneCP5_13TeV-madgraph-pythia8	RunIISummer20UL16NanoAODv15-150X_mcRun2_asymptotic_v1-v1	NANOAODSIM	-	-	-	-	-
/TprimeBToTH_LH_M1000_decay10pct_sch_TuneCP5_13TeV-madgraph-pythia8/RunIISummer20UL16NanoAODv15-150X_mcRun2_asymptotic_v1-v1/NANOAODSIM	TprimeBToTH_LH_M1000_decay10pct_sch_TuneCP5_13TeV-madgraph-pythia8	RunIISummer20UL16NanoAODv15-150X_mcRun2_asymptotic_v1-v1	NANOAODSIM	-	-	-	-	-
/TprimeBToTH_LH_M1000_decay10pct_tch_TuneCP5_13TeV-madgraph-pythia8/RunIISummer20UL16NanoAODv15-150X_mcRun2_asymptotic_v1-v1/NANOAODSIM	TprimeBToTH_LH_M1000_decay10pct_tch_TuneCP5_13TeV-madgraph-pythia8	RunIISummer20UL16NanoAODv15-150X_mcRun2_asymptotic_v1-v1	NANOAODSIM	-	-	-	-	-
/TprimeBToTH_LH_M1000_decay20pct_int_TuneCP5_13TeV-madgraph-pythia8/RunIISummer20UL16NanoAODv15-150X_mcRun2_asymptotic_v1-v1/NANOAODSIM	TprimeBToTH_LH_M1000_decay20pct_int_TuneCP5_13TeV-madgraph-pythia8	RunIISummer20UL16NanoAODv15-150X_mcRun2_asymptotic_v1-v1	NANOAODSIM	-	-	-	-	-
/TprimeBToTH_LH_M1000_decay20pct_sch_TuneCP5_13TeV-madgraph-pythia8/RunIISummer20UL16NanoAODv15-150X_mcRun2_asymptotic_v1-v1/NANOAODSIM	TprimeBToTH_LH_M1000_decay20pct_sch_TuneCP5_13TeV-madgraph-pythia8	RunIISummer20UL16NanoAODv15-150X_mcRun2_asymptotic_v1-v1	NANOAODSIM	-	-	-	-	-
/TprimeBToTH_LH_M1000_decay20pct_tch_TuneCP5_13TeV-madgraph-pythia8/RunIISummer20UL16NanoAODv15-150X_mcRun2_asymptotic_v1-v1/NANOAODSIM	TprimeBToTH_LH_M1000_decay20pct_tch_TuneCP5_13TeV-madgraph-pythia8	RunIISummer20UL16NanoAODv15-150X_mcRun2_asymptotic_v1-v1	NANOAODSIM	-	-	-	-	-
/TprimeBToTH_LH_M1000_decay30pct_int_TuneCP5_13TeV-madgraph-pythia8/RunIISummer20UL16NanoAODv15-150X_mcRun2_asymptotic_v1-v1/NANOAODSIM	TprimeBToTH_LH_M1000_decay30pct_int_TuneCP5_13TeV-madgraph-pythia8	RunIISummer20UL16NanoAODv15-150X_mcRun2_asymptotic_v1-v1	NANOAODSIM	-	-	-	-	-
/TprimeBToTH_LH_M1000_decay30pct_sch_TuneCP5_13TeV-madgraph-pythia8/RunIISummer20UL16NanoAODv15-150X_mcRun2_asymptotic_v1-v1/NANOAODSIM	TprimeBToTH_LH_M1000_decay30pct_sch_TuneCP5_13TeV-madgraph-pythia8	RunIISummer20UL16NanoAODv15-150X_mcRun2_asymptotic_v1-v1	NANOAODSIM	-	-	-	-	-
/TprimeBToTH_LH_M1000_decay30pct_tch_TuneCP5_13TeV-madgraph-pythia8/RunIISummer20UL16NanoAODv15-150X_mcRun2_asymptotic_v1-v1/NANOAODSIM	TprimeBToTH_LH_M1000_decay30pct_tch_TuneCP5_13TeV-madgraph-pythia8	RunIISummer20UL16NanoAODv15-150X_mcRun2_asymptotic_v1-v1	NANOAODSIM	-	-	-	-	-
/TprimeBToTH_LH_M1000_decay5pct_int_TuneCP5_13TeV-madgraph-pythia8/RunIISummer20UL16NanoAODv15-150X_mcRun2_asymptotic_v1-v1/NANOAODSIM	TprimeBToTH_LH_M1000_decay5pct_int_TuneCP5_13TeV-madgraph-pythia8	RunIISummer20UL16NanoAODv15-150X_mcRun2_asymptotic_v1-v1	NANOAODSIM	-	-	-	-	-
/TprimeBToTH_LH_M1000_decay5pct_sch_TuneCP5_13TeV-madgraph-pythia8/RunIISummer20UL16NanoAODv15-150X_mcRun2_asymptotic_v1-v1/NANOAODSIM	TprimeBToTH_LH_M1000_decay5pct_sch_TuneCP5_13TeV-madgraph-pythia8	RunIISummer20UL16NanoAODv15-150X_mcRun2_asymptotic_v1-v1	NANOAODSIM	-	-	-	-	-
/TprimeBToTH_LH_M1000_decay5pct_tch_TuneCP5_13TeV-madgraph-pythia8/RunIISummer20UL16NanoAODv15-150X_mcRun2_asymptotic_v1-v1/NANOAODSIM	TprimeBToTH_LH_M1000_decay5pct_tch_TuneCP5_13TeV-madgraph-pythia8	RunIISummer20UL16NanoAODv15-150X_mcRun2_asymptotic_v1-v1	NANOAODSIM	-	-	-	-	-
/TprimeBToTH_LH_M1100_decay10pct_int_TuneCP5_13TeV-madgraph-pythia8/RunIISummer20UL16NanoAODv15-150X_mcRun2_asymptotic_v1-v1/NANOAODSIM	TprimeBToTH_LH_M1100_decay10pct_int_TuneCP5_13TeV-madgraph-pythia8	RunIISummer20UL16NanoAODv15-150X_mcRun2_asymptotic_v1-v1	NANOAODSIM	-	-	-	-	-
/TprimeBToTH_LH_M1100_decay10pct_sch_TuneCP5_13TeV-madgraph-pythia8/RunIISummer20UL16NanoAODv15-150X_mcRun2_asymptotic_v1-v1/NANOAODSIM	TprimeBToTH_LH_M1100_decay10pct_sch_TuneCP5_13TeV-madgraph-pythia8	RunIISummer20UL16NanoAODv15-150X_mcRun2_asymptotic_v1-v1	NANOAODSIM	-	-	-	-	-
/TprimeBToTH_LH_M1100_decay10pct_tch_TuneCP5_13TeV-madgraph-pythia8/RunIISummer20UL16NanoAODv15-150X_mcRun2_asymptotic_v1-v1/NANOAODSIM	TprimeBToTH_LH_M1100_decay10pct_tch_TuneCP5_13TeV-madgraph-pythia8	RunIISummer20UL16NanoAODv15-150X_mcRun2_asymptotic_v1-v1	NANOAODSIM	-	-	-	-	-
/TprimeBToTH_LH_M1100_decay20pct_int_TuneCP5_13TeV-madgraph-pythia8/RunIISummer20UL16NanoAODv15-150X_mcRun2_asymptotic_v1-v1/NANOAODSIM	TprimeBToTH_LH_M1100_decay20pct_int_TuneCP5_13TeV-madgraph-pythia8	RunIISummer20UL16NanoAODv15-150X_mcRun2_asymptotic_v1-v1	NANOAODSIM	-	-	-	-	-
/TprimeBToTH_LH_M1100_decay20pct_sch_TuneCP5_13TeV-madgraph-pythia8/RunIISummer20UL16NanoAODv15-150X_mcRun2_asymptotic_v1-v1/NANOAODSIM	TprimeBToTH_LH_M1100_decay20pct_sch_TuneCP5_13TeV-madgraph-pythia8	RunIISummer20UL16NanoAODv15-150X_mcRun2_asymptotic_v1-v1	NANOAODSIM	-	-	-	-	-
/TprimeBToTH_LH_M1100_decay20pct_tch_TuneCP5_13TeV-madgraph-pythia8/RunIISummer20UL16NanoAODv15-150X_mcRun2_asymptotic_v1-v1/NANOAODSIM	TprimeBToTH_LH_M1100_decay20pct_tch_TuneCP5_13TeV-madgraph-pythia8	RunIISummer20UL16NanoAODv15-150X_mcRun2_asymptotic_v1-v1	NANOAODSIM	-	-	-	-	-
/TprimeBToTH_LH_M1100_decay30pct_int_TuneCP5_13TeV-madgraph-pythia8/RunIISummer20UL16NanoAODv15-150X_mcRun2_asymptotic_v1-v1/NANOAODSIM	TprimeBToTH_LH_M1100_decay30pct_int_TuneCP5_13TeV-madgraph-pythia8	RunIISummer20UL16NanoAODv15-150X_mcRun2_asymptotic_v1-v1	NANOAODSIM	-	-	-	-	-
/TprimeBToTH_LH_M1100_decay30pct_sch_TuneCP5_13TeV-madgraph-pythia8/RunIISummer20UL16NanoAODv15-150X_mcRun2_asymptotic_v1-v1/NANOAODSIM	TprimeBToTH_LH_M1100_decay30pct_sch_TuneCP5_13TeV-madgraph-pythia8	RunIISummer20UL16NanoAODv15-150X_mcRun2_asymptotic_v1-v1	NANOAODSIM	-	-	-	-	-
/TprimeBToTH_LH_M1100_decay30pct_tch_TuneCP5_13TeV-madgraph-pythia8/RunIISummer20UL16NanoAODv15-150X_mcRun2_asymptotic_v1-v1/NANOAODSIM	TprimeBToTH_LH_M1100_decay30pct_tch_TuneCP5_13TeV-madgraph-pythia8	RunIISummer20UL16NanoAODv15-150X_mcRun2_asymptotic_v1-v1	NANOAODSIM	-	-	-	-	-
/TprimeBToTH_LH_M1100_decay5pct_int_TuneCP5_13TeV-madgraph-pythia8/RunIISummer20UL16NanoAODv15-150X_mcRun2_asymptotic_v1-v1/NANOAODSIM	TprimeBToTH_LH_M1100_decay5pct_int_TuneCP5_13TeV-madgraph-pythia8	RunIISummer20UL16NanoAODv15-150X_mcRun2_asymptotic_v1-v1	NANOAODSIM	-	-	-	-	-
/TprimeBToTH_LH_M1100_decay5pct_sch_TuneCP5_13TeV-madgraph-pythia8/RunIISummer20UL16NanoAODv15-150X_mcRun2_asymptotic_v1-v1/NANOAODSIM	TprimeBToTH_LH_M1100_decay5pct_sch_TuneCP5_13TeV-madgraph-pythia8	RunIISummer20UL16NanoAODv15-150X_mcRun2_asymptotic_v1-v1	NANOAODSIM	-	-	-	-	-
/TprimeBToTH_LH_M1100_decay5pct_tch_TuneCP5_13TeV-madgraph-pythia8/RunIISummer20UL16NanoAODv15-150X_mcRun2_asymptotic_v1-v1/NANOAODSIM	TprimeBToTH_LH_M1100_decay5pct_tch_TuneCP5_13TeV-madgraph-pythia8	RunIISummer20UL16NanoAODv15-150X_mcRun2_asymptotic_v1-v1	NANOAODSIM	-	-	-	-	-
/TprimeBToTH_LH_M1200_decay10pct_int_TuneCP5_13TeV-madgraph-pythia8/RunIISummer20UL16NanoAODv15-150X_mcRun2_asymptotic_v1-v1/NANOAODSIM	TprimeBToTH_LH_M1200_decay10pct_int_TuneCP5_13TeV-madgraph-pythia8	RunIISummer20UL16NanoAODv15-150X_mcRun2_asymptotic_v1-v1	NANOAODSIM	-	-	-	-	-
/TprimeBToTH_LH_M1200_decay10pct_sch_TuneCP5_13TeV-madgraph-pythia8/RunIISummer20UL16NanoAODv15-150X_mcRun2_asymptotic_v1-v1/NANOAODSIM	TprimeBToTH_LH_M1200_decay10pct_sch_TuneCP5_13TeV-madgraph-pythia8	RunIISummer20UL16NanoAODv15-150X_mcRun2_asymptotic_v1-v1	NANOAODSIM	-	-	-	-	-
/TprimeBToTH_LH_M1200_decay10pct_tch_TuneCP5_13TeV-madgraph-pythia8/RunIISummer20UL16NanoAODv15-150X_mcRun2_asymptotic_v1-v1/NANOAODSIM	TprimeBToTH_LH_M1200_decay10pct_tch_TuneCP5_13TeV-madgraph-pythia8	RunIISummer20UL16NanoAODv15-150X_mcRun2_asymptotic_v1-v1	NANOAODSIM	-	-	-	-	-
/TprimeBToTH_LH_M1200_decay20pct_int_TuneCP5_13TeV-madgraph-pythia8/RunIISummer20UL16NanoAODv15-150X_mcRun2_asymptotic_v1-v1/NANOAODSIM	TprimeBToTH_LH_M1200_decay20pct_int_TuneCP5_13TeV-madgraph-pythia8	RunIISummer20UL16NanoAODv15-150X_mcRun2_asymptotic_v1-v1	NANOAODSIM	-	-	-	-	-
/TprimeBToTH_LH_M1200_decay20pct_sch_TuneCP5_13TeV-madgraph-pythia8/RunIISummer20UL16NanoAODv15-150X_mcRun2_asymptotic_v1-v1/NANOAODSIM	TprimeBToTH_LH_M1200_decay20pct_sch_TuneCP5_13TeV-madgraph-pythia8	RunIISummer20UL16NanoAODv15-150X_mcRun2_asymptotic_v1-v1	NANOAODSIM	-	-	-	-	-
/TprimeBToTH_LH_M1200_decay20pct_tch_TuneCP5_13TeV-madgraph-pythia8/RunIISummer20UL16NanoAODv15-150X_mcRun2_asymptotic_v1-v1/NANOAODSIM	TprimeBToTH_LH_M1200_decay20pct_tch_TuneCP5_13TeV-madgraph-pythia8	RunIISummer20UL16NanoAODv15-150X_mcRun2_asymptotic_v1-v1	NANOAODSIM	-	-	-	-	-
/TprimeBToTH_LH_M1200_decay30pct_int_TuneCP5_13TeV-madgraph-pythia8/RunIISummer20UL16NanoAODv15-150X_mcRun2_asymptotic_v1-v1/NANOAODSIM	TprimeBToTH_LH_M1200_decay30pct_int_TuneCP5_13TeV-madgraph-pythia8	RunIISummer20UL16NanoAODv15-150X_mcRun2_asymptotic_v1-v1	NANOAODSIM	-	-	-	-	-
/TprimeBToTH_LH_M1200_decay30pct_sch_TuneCP5_13TeV-madgraph-pythia8/RunIISummer20UL16NanoAODv15-150X_mcRun2_asymptotic_v1-v1/NANOAODSIM	TprimeBToTH_LH_M1200_decay30pct_sch_TuneCP5_13TeV-madgraph-pythia8	RunIISummer20UL16NanoAODv15-150X_mcRun2_asymptotic_v1-v1	NANOAODSIM	-	-	-	-	-
/TprimeBToTH_LH_M1200_decay30pct_tch_TuneCP5_13TeV-madgraph-pythia8/RunIISummer20UL16NanoAODv15-150X_mcRun2_asymptotic_v1-v1/NANOAODSIM	TprimeBToTH_LH_M1200_decay30pct_tch_TuneCP5_13TeV-madgraph-pythia8	RunIISummer20UL16NanoAODv15-150X_mcRun2_asymptotic_v1-v1	NANOAODSIM	-	-	-	-	-
/TprimeBToTH_LH_M1200_decay5pct_int_TuneCP5_13TeV-madgraph-pythia8/RunIISummer20UL16NanoAODv15-150X_mcRun2_asymptotic_v1-v1/NANOAODSIM	TprimeBToTH_LH_M1200_decay5pct_int_TuneCP5_13TeV-madgraph-pythia8	RunIISummer20UL16NanoAODv15-150X_mcRun2_asymptotic_v1-v1	NANOAODSIM	-	-	-	-	-
/TprimeBToTH_LH_M1200_decay5pct_sch_TuneCP5_13TeV-madgraph-pythia8/RunIISummer20UL16NanoAODv15-150X_mcRun2_asymptotic_v1-v1/NANOAODSIM	TprimeBToTH_LH_M1200_decay5pct_sch_TuneCP5_13TeV-madgraph-pythia8	RunIISummer20UL16NanoAODv15-150X_mcRun2_asymptotic_v1-v1	NANOAODSIM	-	-	-	-	-
/TprimeBToTH_LH_M1200_decay5pct_tch_TuneCP5_13TeV-madgraph-pythia8/RunIISummer20UL16NanoAODv15-150X_mcRun2_asymptotic_v1-v1/NANOAODSIM	TprimeBToTH_LH_M1200_decay5pct_tch_TuneCP5_13TeV-madgraph-pythia8	RunIISummer20UL16NanoAODv15-150X_mcRun2_asymptotic_v1-v1	NANOAODSIM	-	-	-	-	-
/TprimeBToTH_LH_M1400_decay10pct_int_TuneCP5_13TeV-madgraph-pythia8/RunIISummer20UL16NanoAODv15-150X_mcRun2_asymptotic_v1-v1/NANOAODSIM	TprimeBToTH_LH_M1400_decay10pct_int_TuneCP5_13TeV-madgraph-pythia8	RunIISummer20UL16NanoAODv15-150X_mcRun2_asymptotic_v1-v1	NANOAODSIM	-	-	-	-	-
/TprimeBToTH_LH_M1400_decay10pct_sch_TuneCP5_13TeV-madgraph-pythia8/RunIISummer20UL16NanoAODv15-150X_mcRun2_asymptotic_v1-v1/NANOAODSIM	TprimeBToTH_LH_M1400_decay10pct_sch_TuneCP5_13TeV-madgraph-pythia8	RunIISummer20UL16NanoAODv15-150X_mcRun2_asymptotic_v1-v1	NANOAODSIM	-	-	-	-	-
/TprimeBToTH_LH_M1400_decay10pct_tch_TuneCP5_13TeV-madgraph-pythia8/RunIISummer20UL16NanoAODv15-150X_mcRun2_asymptotic_v1-v1/NANOAODSIM	TprimeBToTH_LH_M1400_decay10pct_tch_TuneCP5_13TeV-madgraph-pythia8	RunIISummer20UL16NanoAODv15-150X_mcRun2_asymptotic_v1-v1	NANOAODSIM	-	-	-	-	-
/TprimeBToTH_LH_M1400_decay20pct_int_TuneCP5_13TeV-madgraph-pythia8/RunIISummer20UL16NanoAODv15-150X_mcRun2_asymptotic_v1-v1/NANOAODSIM	TprimeBToTH_LH_M1400_decay20pct_int_TuneCP5_13TeV-madgraph-pythia8	RunIISummer20UL16NanoAODv15-150X_mcRun2_asymptotic_v1-v1	NANOAODSIM	-	-	-	-	-
/TprimeBToTH_LH_M1400_decay20pct_sch_TuneCP5_13TeV-madgraph-pythia8/RunIISummer20UL16NanoAODv15-150X_mcRun2_asymptotic_v1-v1/NANOAODSIM	TprimeBToTH_LH_M1400_decay20pct_sch_TuneCP5_13TeV-madgraph-pythia8	RunIISummer20UL16NanoAODv15-150X_mcRun2_asymptotic_v1-v1	NANOAODSIM	-	-	-	-	-
/TprimeBToTH_LH_M1400_decay20pct_tch_TuneCP5_13TeV-madgraph-pythia8/RunIISummer20UL16NanoAODv15-150X_mcRun2_asymptotic_v1-v1/NANOAODSIM	TprimeBToTH_LH_M1400_decay20pct_tch_TuneCP5_13TeV-madgraph-pythia8	RunIISummer20UL16NanoAODv15-150X_mcRun2_asymptotic_v1-v1	NANOAODSIM	-	-	-	-	-
/TprimeBToTH_LH_M1400_decay30pct_int_TuneCP5_13TeV-madgraph-pythia8/RunIISummer20UL16NanoAODv15-150X_mcRun2_asymptotic_v1-v1/NANOAODSIM	TprimeBToTH_LH_M1400_decay30pct_int_TuneCP5_13TeV-madgraph-pythia8	RunIISummer20UL16NanoAODv15-150X_mcRun2_asymptotic_v1-v1	NANOAODSIM	-	-	-	-	-
/TprimeBToTH_LH_M1400_decay30pct_sch_TuneCP5_13TeV-madgraph-pythia8/RunIISummer20UL16NanoAODv15-150X_mcRun2_asymptotic_v1-v1/NANOAODSIM	TprimeBToTH_LH_M1400_decay30pct_sch_TuneCP5_13TeV-madgraph-pythia8	RunIISummer20UL16NanoAODv15-150X_mcRun2_asymptotic_v1-v1	NANOAODSIM	-	-	-	-	-
/TprimeBToTH_LH_M1400_decay30pct_tch_TuneCP5_13TeV-madgraph-pythia8/RunIISummer20UL16NanoAODv15-150X_mcRun2_asymptotic_v1-v1/NANOAODSIM	TprimeBToTH_LH_M1400_decay30pct_tch_TuneCP5_13TeV-madgraph-pythia8	RunIISummer20UL16NanoAODv15-150X_mcRun2_asymptotic_v1-v1	NANOAODSIM	-	-	-	-	-
/TprimeBToTH_LH_M1400_decay5pct_int_TuneCP5_13TeV-madgraph-pythia8/RunIISummer20UL16NanoAODv15-150X_mcRun2_asymptotic_v1-v1/NANOAODSIM	TprimeBToTH_LH_M1400_decay5pct_int_TuneCP5_13TeV-madgraph-pythia8	RunIISummer20UL16NanoAODv15-150X_mcRun2_asymptotic_v1-v1	NANOAODSIM	-	-	-	-	-
/TprimeBToTH_LH_M1400_decay5pct_sch_TuneCP5_13TeV-madgraph-pythia8/RunIISummer20UL16NanoAODv15-150X_mcRun2_asymptotic_v1-v1/NANOAODSIM	TprimeBToTH_LH_M1400_decay5pct_sch_TuneCP5_13TeV-madgraph-pythia8	RunIISummer20UL16NanoAODv15-150X_mcRun2_asymptotic_v1-v1	NANOAODSIM	-	-	-	-	-
/TprimeBToTH_LH_M1400_decay5pct_tch_TuneCP5_13TeV-madgraph-pythia8/RunIISummer20UL16NanoAODv15-150X_mcRun2_asymptotic_v1-v1/NANOAODSIM	TprimeBToTH_LH_M1400_decay5pct_tch_TuneCP5_13TeV-madgraph-pythia8	RunIISummer20UL16NanoAODv15-150X_mcRun2_asymptotic_v1-v1	NANOAODSIM	-	-	-	-	-
/TprimeBToTH_LH_M1600_decay10pct_int_TuneCP5_13TeV-madgraph-pythia8/RunIISummer20UL16NanoAODv15-150X_mcRun2_asymptotic_v1-v1/NANOAODSIM	TprimeBToTH_LH_M1600_decay10pct_int_TuneCP5_13TeV-madgraph-pythia8	RunIISummer20UL16NanoAODv15-150X_mcRun2_asymptotic_v1-v1	NANOAODSIM	-	-	-	-	-
/TprimeBToTH_LH_M1600_decay10pct_sch_TuneCP5_13TeV-madgraph-pythia8/RunIISummer20UL16NanoAODv15-150X_mcRun2_asymptotic_v1-v1/NANOAODSIM	TprimeBToTH_LH_M1600_decay10pct_sch_TuneCP5_13TeV-madgraph-pythia8	RunIISummer20UL16NanoAODv15-150X_mcRun2_asymptotic_v1-v1	NANOAODSIM	-	-	-	-	-
/TprimeBToTH_LH_M1600_decay10pct_tch_TuneCP5_13TeV-madgraph-pythia8/RunIISummer20UL16NanoAODv15-150X_mcRun2_asymptotic_v1-v1/NANOAODSIM	TprimeBToTH_LH_M1600_decay10pct_tch_TuneCP5_13TeV-madgraph-pythia8	RunIISummer20UL16NanoAODv15-150X_mcRun2_asymptotic_v1-v1	NANOAODSIM	-	-	-	-	-
/TprimeBToTH_LH_M1600_decay20pct_int_TuneCP5_13TeV-madgraph-pythia8/RunIISummer20UL16NanoAODv15-150X_mcRun2_asymptotic_v1-v1/NANOAODSIM	TprimeBToTH_LH_M1600_decay20pct_int_TuneCP5_13TeV-madgraph-pythia8	RunIISummer20UL16NanoAODv15-150X_mcRun2_asymptotic_v1-v1	NANOAODSIM	-	-	-	-	-
/TprimeBToTH_LH_M1600_decay20pct_sch_TuneCP5_13TeV-madgraph-pythia8/RunIISummer20UL16NanoAODv15-150X_mcRun2_asymptotic_v1-v1/NANOAODSIM	TprimeBToTH_LH_M1600_decay20pct_sch_TuneCP5_13TeV-madgraph-pythia8	RunIISummer20UL16NanoAODv15-150X_mcRun2_asymptotic_v1-v1	NANOAODSIM	-	-	-	-	-
/TprimeBToTH_LH_M1600_decay20pct_tch_TuneCP5_13TeV-madgraph-pythia8/RunIISummer20UL16NanoAODv15-150X_mcRun2_asymptotic_v1-v1/NANOAODSIM	TprimeBToTH_LH_M1600_decay20pct_tch_TuneCP5_13TeV-madgraph-pythia8	RunIISummer20UL16NanoAODv15-150X_mcRun2_asymptotic_v1-v1	NANOAODSIM	-	-	-	-	-
/TprimeBToTH_LH_M1600_decay30pct_int_TuneCP5_13TeV-madgraph-pythia8/RunIISummer20UL16NanoAODv15-150X_mcRun2_asymptotic_v1-v1/NANOAODSIM	TprimeBToTH_LH_M1600_decay30pct_int_TuneCP5_13TeV-madgraph-pythia8	RunIISummer20UL16NanoAODv15-150X_mcRun2_asymptotic_v1-v1	NANOAODSIM	-	-	-	-	-
/TprimeBToTH_LH_M1600_decay30pct_sch_TuneCP5_13TeV-madgraph-pythia8/RunIISummer20UL16NanoAODv15-150X_mcRun2_asymptotic_v1-v1/NANOAODSIM	TprimeBToTH_LH_M1600_decay30pct_sch_TuneCP5_13TeV-madgraph-pythia8	RunIISummer20UL16NanoAODv15-150X_mcRun2_asymptotic_v1-v1	NANOAODSIM	-	-	-	-	-
/TprimeBToTH_LH_M1600_decay30pct_tch_TuneCP5_13TeV-madgraph-pythia8/RunIISummer20UL16NanoAODv15-150X_mcRun2_asymptotic_v1-v1/NANOAODSIM	TprimeBToTH_LH_M1600_decay30pct_tch_TuneCP5_13TeV-madgraph-pythia8	RunIISummer20UL16NanoAODv15-150X_mcRun2_asymptotic_v1-v1	NANOAODSIM	-	-	-	-	-
/TprimeBToTH_LH_M1600_decay5pct_int_TuneCP5_13TeV-madgraph-pythia8/RunIISummer20UL16NanoAODv15-150X_mcRun2_asymptotic_v1-v1/NANOAODSIM	TprimeBToTH_LH_M1600_decay5pct_int_TuneCP5_13TeV-madgraph-pythia8	RunIISummer20UL16NanoAODv15-150X_mcRun2_asymptotic_v1-v1	NANOAODSIM	-	-	-	-	-
/TprimeBToTH_LH_M1600_decay5pct_sch_TuneCP5_13TeV-madgraph-pythia8/RunIISummer20UL16NanoAODv15-150X_mcRun2_asymptotic_v1-v1/NANOAODSIM	TprimeBToTH_LH_M1600_decay5pct_sch_TuneCP5_13TeV-madgraph-pythia8	RunIISummer20UL16NanoAODv15-150X_mcRun2_asymptotic_v1-v1	NANOAODSIM	-	-	-	-	-
/TprimeBToTH_LH_M1600_decay5pct_tch_TuneCP5_13TeV-madgraph-pythia8/RunIISummer20UL16NanoAODv15-150X_mcRun2_asymptotic_v1-v1/NANOAODSIM	TprimeBToTH_LH_M1600_decay5pct_tch_TuneCP5_13TeV-madgraph-pythia8	RunIISummer20UL16NanoAODv15-150X_mcRun2_asymptotic_v1-v1	NANOAODSIM	-	-	-	-	-
/TprimeBToTH_LH_M1800_decay10pct_int_TuneCP5_13TeV-madgraph-pythia8/RunIISummer20UL16NanoAODv15-150X_mcRun2_asymptotic_v1-v1/NANOAODSIM	TprimeBToTH_LH_M1800_decay10pct_int_TuneCP5_13TeV-madgraph-pythia8	RunIISummer20UL16NanoAODv15-150X_mcRun2_asymptotic_v1-v1	NANOAODSIM	-	-	-	-	-
/TprimeBToTH_LH_M1800_decay10pct_sch_TuneCP5_13TeV-madgraph-pythia8/RunIISummer20UL16NanoAODv15-150X_mcRun2_asymptotic_v1-v1/NANOAODSIM	TprimeBToTH_LH_M1800_decay10pct_sch_TuneCP5_13TeV-madgraph-pythia8	RunIISummer20UL16NanoAODv15-150X_mcRun2_asymptotic_v1-v1	NANOAODSIM	-	-	-	-	-
/TprimeBToTH_LH_M1800_decay10pct_tch_TuneCP5_13TeV-madgraph-pythia8/RunIISummer20UL16NanoAODv15-150X_mcRun2_asymptotic_v1-v1/NANOAODSIM	TprimeBToTH_LH_M1800_decay10pct_tch_TuneCP5_13TeV-madgraph-pythia8	RunIISummer20UL16NanoAODv15-150X_mcRun2_asymptotic_v1-v1	NANOAODSIM	-	-	-	-	-
/TprimeBToTH_LH_M1800_decay20pct_int_TuneCP5_13TeV-madgraph-pythia8/RunIISummer20UL16NanoAODv15-150X_mcRun2_asymptotic_v1-v1/NANOAODSIM	TprimeBToTH_LH_M1800_decay20pct_int_TuneCP5_13TeV-madgraph-pythia8	RunIISummer20UL16NanoAODv15-150X_mcRun2_asymptotic_v1-v1	NANOAODSIM	-	-	-	-	-
/TprimeBToTH_LH_M1800_decay20pct_sch_TuneCP5_13TeV-madgraph-pythia8/RunIISummer20UL16NanoAODv15-150X_mcRun2_asymptotic_v1-v1/NANOAODSIM	TprimeBToTH_LH_M1800_decay20pct_sch_TuneCP5_13TeV-madgraph-pythia8	RunIISummer20UL16NanoAODv15-150X_mcRun2_asymptotic_v1-v1	NANOAODSIM	-	-	-	-	-
/TprimeBToTH_LH_M1800_decay20pct_tch_TuneCP5_13TeV-madgraph-pythia8/RunIISummer20UL16NanoAODv15-150X_mcRun2_asymptotic_v1-v1/NANOAODSIM	TprimeBToTH_LH_M1800_decay20pct_tch_TuneCP5_13TeV-madgraph-pythia8	RunIISummer20UL16NanoAODv15-150X_mcRun2_asymptotic_v1-v1	NANOAODSIM	-	-	-	-	-
/TprimeBToTH_LH_M1800_decay30pct_int_TuneCP5_13TeV-madgraph-pythia8/RunIISummer20UL16NanoAODv15-150X_mcRun2_asymptotic_v1-v1/NANOAODSIM	TprimeBToTH_LH_M1800_decay30pct_int_TuneCP5_13TeV-madgraph-pythia8	RunIISummer20UL16NanoAODv15-150X_mcRun2_asymptotic_v1-v1	NANOAODSIM	-	-	-	-	-
/TprimeBToTH_LH_M1800_decay30pct_sch_TuneCP5_13TeV-madgraph-pythia8/RunIISummer20UL16NanoAODv15-150X_mcRun2_asymptotic_v1-v1/NANOAODSIM	TprimeBToTH_LH_M1800_decay30pct_sch_TuneCP5_13TeV-madgraph-pythia8	RunIISummer20UL16NanoAODv15-150X_mcRun2_asymptotic_v1-v1	NANOAODSIM	-	-	-	-	-
/TprimeBToTH_LH_M1800_decay30pct_tch_TuneCP5_13TeV-madgraph-pythia8/RunIISummer20UL16NanoAODv15-150X_mcRun2_asymptotic_v1-v1/NANOAODSIM	TprimeBToTH_LH_M1800_decay30pct_tch_TuneCP5_13TeV-madgraph-pythia8	RunIISummer20UL16NanoAODv15-150X_mcRun2_asymptotic_v1-v1	NANOAODSIM	-	-	-	-	-
/TprimeBToTH_LH_M1800_decay5pct_int_TuneCP5_13TeV-madgraph-pythia8/RunIISummer20UL16NanoAODv15-150X_mcRun2_asymptotic_v1-v1/NANOAODSIM	TprimeBToTH_LH_M1800_decay5pct_int_TuneCP5_13TeV-madgraph-pythia8	RunIISummer20UL16NanoAODv15-150X_mcRun2_asymptotic_v1-v1	NANOAODSIM	-	-	-	-	-
/TprimeBToTH_LH_M1800_decay5pct_sch_TuneCP5_13TeV-madgraph-pythia8/RunIISummer20UL16NanoAODv15-150X_mcRun2_asymptotic_v1-v1/NANOAODSIM	TprimeBToTH_LH_M1800_decay5pct_sch_TuneCP5_13TeV-madgraph-pythia8	RunIISummer20UL16NanoAODv15-150X_mcRun2_asymptotic_v1-v1	NANOAODSIM	-	-	-	-	-
/TprimeBToTH_LH_M1800_decay5pct_tch_TuneCP5_13TeV-madgraph-pythia8/RunIISummer20UL16NanoAODv15-150X_mcRun2_asymptotic_v1-v1/NANOAODSIM	TprimeBToTH_LH_M1800_decay5pct_tch_TuneCP5_13TeV-madgraph-pythia8	RunIISummer20UL16NanoAODv15-150X_mcRun2_asymptotic_v1-v1	NANOAODSIM	-	-	-	-	-
/TprimeBToTH_LH_M2000_decay10pct_int_TuneCP5_13TeV-madgraph-pythia8/RunIISummer20UL16NanoAODv15-150X_mcRun2_asymptotic_v1-v1/NANOAODSIM	TprimeBToTH_LH_M2000_decay10pct_int_TuneCP5_13TeV-madgraph-pythia8	RunIISummer20UL16NanoAODv15-150X_mcRun2_asymptotic_v1-v1	NANOAODSIM	-	-	-	-	-
/TprimeBToTH_LH_M2000_decay10pct_sch_TuneCP5_13TeV-madgraph-pythia8/RunIISummer20UL16NanoAODv15-150X_mcRun2_asymptotic_v1-v1/NANOAODSIM	TprimeBToTH_LH_M2000_decay10pct_sch_TuneCP5_13TeV-madgraph-pythia8	RunIISummer20UL16NanoAODv15-150X_mcRun2_asymptotic_v1-v1	NANOAODSIM	-	-	-	-	-
/TprimeBToTH_LH_M2000_decay10pct_tch_TuneCP5_13TeV-madgraph-pythia8/RunIISummer20UL16NanoAODv15-150X_mcRun2_asymptotic_v1-v1/NANOAODSIM	TprimeBToTH_LH_M2000_decay10pct_tch_TuneCP5_13TeV-madgraph-pythia8	RunIISummer20UL16NanoAODv15-150X_mcRun2_asymptotic_v1-v1	NANOAODSIM	-	-	-	-	-
/TprimeBToTH_LH_M2000_decay20pct_int_TuneCP5_13TeV-madgraph-pythia8/RunIISummer20UL16NanoAODv15-150X_mcRun2_asymptotic_v1-v1/NANOAODSIM	TprimeBToTH_LH_M2000_decay20pct_int_TuneCP5_13TeV-madgraph-pythia8	RunIISummer20UL16NanoAODv15-150X_mcRun2_asymptotic_v1-v1	NANOAODSIM	-	-	-	-	-
/TprimeBToTH_LH_M2000_decay20pct_sch_TuneCP5_13TeV-madgraph-pythia8/RunIISummer20UL16NanoAODv15-150X_mcRun2_asymptotic_v1-v1/NANOAODSIM	TprimeBToTH_LH_M2000_decay20pct_sch_TuneCP5_13TeV-madgraph-pythia8	RunIISummer20UL16NanoAODv15-150X_mcRun2_asymptotic_v1-v1	NANOAODSIM	-	-	-	-	-
/TprimeBToTH_LH_M2000_decay20pct_tch_TuneCP5_13TeV-madgraph-pythia8/RunIISummer20UL16NanoAODv15-150X_mcRun2_asymptotic_v1-v1/NANOAODSIM	TprimeBToTH_LH_M2000_decay20pct_tch_TuneCP5_13TeV-madgraph-pythia8	RunIISummer20UL16NanoAODv15-150X_mcRun2_asymptotic_v1-v1	NANOAODSIM	-	-	-	-	-
/TprimeBToTH_LH_M2000_decay30pct_int_TuneCP5_13TeV-madgraph-pythia8/RunIISummer20UL16NanoAODv15-150X_mcRun2_asymptotic_v1-v1/NANOAODSIM	TprimeBToTH_LH_M2000_decay30pct_int_TuneCP5_13TeV-madgraph-pythia8	RunIISummer20UL16NanoAODv15-150X_mcRun2_asymptotic_v1-v1	NANOAODSIM	-	-	-	-	-
/TprimeBToTH_LH_M2000_decay30pct_sch_TuneCP5_13TeV-madgraph-pythia8/RunIISummer20UL16NanoAODv15-150X_mcRun2_asymptotic_v1-v1/NANOAODSIM	TprimeBToTH_LH_M2000_decay30pct_sch_TuneCP5_13TeV-madgraph-pythia8	RunIISummer20UL16NanoAODv15-150X_mcRun2_asymptotic_v1-v1	NANOAODSIM	-	-	-	-	-
/TprimeBToTH_LH_M2000_decay30pct_tch_TuneCP5_13TeV-madgraph-pythia8/RunIISummer20UL16NanoAODv15-150X_mcRun2_asymptotic_v1-v1/NANOAODSIM	TprimeBToTH_LH_M2000_decay30pct_tch_TuneCP5_13TeV-madgraph-pythia8	RunIISummer20UL16NanoAODv15-150X_mcRun2_asymptotic_v1-v1	NANOAODSIM	-	-	-	-	-
/TprimeBToTH_LH_M2000_decay5pct_int_TuneCP5_13TeV-madgraph-pythia8/RunIISummer20UL16NanoAODv15-150X_mcRun2_asymptotic_v1-v1/NANOAODSIM	TprimeBToTH_LH_M2000_decay5pct_int_TuneCP5_13TeV-madgraph-pythia8	RunIISummer20UL16NanoAODv15-150X_mcRun2_asymptotic_v1-v1	NANOAODSIM	-	-	-	-	-
/TprimeBToTH_LH_M2000_decay5pct_sch_TuneCP5_13TeV-madgraph-pythia8/RunIISummer20UL16NanoAODv15-150X_mcRun2_asymptotic_v1-v1/NANOAODSIM	TprimeBToTH_LH_M2000_decay5pct_sch_TuneCP5_13TeV-madgraph-pythia8	RunIISummer20UL16NanoAODv15-150X_mcRun2_asymptotic_v1-v1	NANOAODSIM	-	-	-	-	-
/TprimeBToTH_LH_M2000_decay5pct_tch_TuneCP5_13TeV-madgraph-pythia8/RunIISummer20UL16NanoAODv15-150X_mcRun2_asymptotic_v1-v1/NANOAODSIM	TprimeBToTH_LH_M2000_decay5pct_tch_TuneCP5_13TeV-madgraph-pythia8	RunIISummer20UL16NanoAODv15-150X_mcRun2_asymptotic_v1-v1	NANOAODSIM	-	-	-	-	-
/TprimeBToTH_LH_M2200_decay10pct_int_TuneCP5_13TeV-madgraph-pythia8/RunIISummer20UL16NanoAODv15-150X_mcRun2_asymptotic_v1-v1/NANOAODSIM	TprimeBToTH_LH_M2200_decay10pct_int_TuneCP5_13TeV-madgraph-pythia8	RunIISummer20UL16NanoAODv15-150X_mcRun2_asymptotic_v1-v1	NANOAODSIM	-	-	-	-	-
/TprimeBToTH_LH_M2200_decay10pct_sch_TuneCP5_13TeV-madgraph-pythia8/RunIISummer20UL16NanoAODv15-150X_mcRun2_asymptotic_v1-v1/NANOAODSIM	TprimeBToTH_LH_M2200_decay10pct_sch_TuneCP5_13TeV-madgraph-pythia8	RunIISummer20UL16NanoAODv15-150X_mcRun2_asymptotic_v1-v1	NANOAODSIM	-	-	-	-	-
/TprimeBToTH_LH_M2200_decay10pct_tch_TuneCP5_13TeV-madgraph-pythia8/RunIISummer20UL16NanoAODv15-150X_mcRun2_asymptotic_v1-v1/NANOAODSIM	TprimeBToTH_LH_M2200_decay10pct_tch_TuneCP5_13TeV-madgraph-pythia8	RunIISummer20UL16NanoAODv15-150X_mcRun2_asymptotic_v1-v1	NANOAODSIM	-	-	-	-	-
/TprimeBToTH_LH_M2200_decay20pct_int_TuneCP5_13TeV-madgraph-pythia8/RunIISummer20UL16NanoAODv15-150X_mcRun2_asymptotic_v1-v1/NANOAODSIM	TprimeBToTH_LH_M2200_decay20pct_int_TuneCP5_13TeV-madgraph-pythia8	RunIISummer20UL16NanoAODv15-150X_mcRun2_asymptotic_v1-v1	NANOAODSIM	-	-	-	-	-
/TprimeBToTH_LH_M2200_decay20pct_sch_TuneCP5_13TeV-madgraph-pythia8/RunIISummer20UL16NanoAODv15-150X_mcRun2_asymptotic_v1-v1/NANOAODSIM	TprimeBToTH_LH_M2200_decay20pct_sch_TuneCP5_13TeV-madgraph-pythia8	RunIISummer20UL16NanoAODv15-150X_mcRun2_asymptotic_v1-v1	NANOAODSIM	-	-	-	-	-
/TprimeBToTH_LH_M2200_decay20pct_tch_TuneCP5_13TeV-madgraph-pythia8/RunIISummer20UL16NanoAODv15-150X_mcRun2_asymptotic_v1-v1/NANOAODSIM	TprimeBToTH_LH_M2200_decay20pct_tch_TuneCP5_13TeV-madgraph-pythia8	RunIISummer20UL16NanoAODv15-150X_mcRun2_asymptotic_v1-v1	NANOAODSIM	-	-	-	-	-
/TprimeBToTH_LH_M2200_decay30pct_int_TuneCP5_13TeV-madgraph-pythia8/RunIISummer20UL16NanoAODv15-150X_mcRun2_asymptotic_v1-v1/NANOAODSIM	TprimeBToTH_LH_M2200_decay30pct_int_TuneCP5_13TeV-madgraph-pythia8	RunIISummer20UL16NanoAODv15-150X_mcRun2_asymptotic_v1-v1	NANOAODSIM	-	-	-	-	-
/TprimeBToTH_LH_M2200_decay30pct_sch_TuneCP5_13TeV-madgraph-pythia8/RunIISummer20UL16NanoAODv15-150X_mcRun2_asymptotic_v1-v1/NANOAODSIM	TprimeBToTH_LH_M2200_decay30pct_sch_TuneCP5_13TeV-madgraph-pythia8	RunIISummer20UL16NanoAODv15-150X_mcRun2_asymptotic_v1-v1	NANOAODSIM	-	-	-	-	-
/TprimeBToTH_LH_M2200_decay30pct_tch_TuneCP5_13TeV-madgraph-pythia8/RunIISummer20UL16NanoAODv15-150X_mcRun2_asymptotic_v1-v1/NANOAODSIM	TprimeBToTH_LH_M2200_decay30pct_tch_TuneCP5_13TeV-madgraph-pythia8	RunIISummer20UL16NanoAODv15-150X_mcRun2_asymptotic_v1-v1	NANOAODSIM	-	-	-	-	-
/TprimeBToTH_LH_M2200_decay5pct_int_TuneCP5_13TeV-madgraph-pythia8/RunIISummer20UL16NanoAODv15-150X_mcRun2_asymptotic_v1-v1/NANOAODSIM	TprimeBToTH_LH_M2200_decay5pct_int_TuneCP5_13TeV-madgraph-pythia8	RunIISummer20UL16NanoAODv15-150X_mcRun2_asymptotic_v1-v1	NANOAODSIM	-	-	-	-	-
/TprimeBToTH_LH_M2200_decay5pct_sch_TuneCP5_13TeV-madgraph-pythia8/RunIISummer20UL16NanoAODv15-150X_mcRun2_asymptotic_v1-v1/NANOAODSIM	TprimeBToTH_LH_M2200_decay5pct_sch_TuneCP5_13TeV-madgraph-pythia8	RunIISummer20UL16NanoAODv15-150X_mcRun2_asymptotic_v1-v1	NANOAODSIM	-	-	-	-	-
/TprimeBToTH_LH_M2200_decay5pct_tch_TuneCP5_13TeV-madgraph-pythia8/RunIISummer20UL16NanoAODv15-150X_mcRun2_asymptotic_v1-v1/NANOAODSIM	TprimeBToTH_LH_M2200_decay5pct_tch_TuneCP5_13TeV-madgraph-pythia8	RunIISummer20UL16NanoAODv15-150X_mcRun2_asymptotic_v1-v1	NANOAODSIM	-	-	-	-	-
/TprimeBToTH_LH_M2400_decay10pct_int_TuneCP5_13TeV-madgraph-pythia8/RunIISummer20UL16NanoAODv15-150X_mcRun2_asymptotic_v1-v1/NANOAODSIM	TprimeBToTH_LH_M2400_decay10pct_int_TuneCP5_13TeV-madgraph-pythia8	RunIISummer20UL16NanoAODv15-150X_mcRun2_asymptotic_v1-v1	NANOAODSIM	-	-	-	-	-
/TprimeBToTH_LH_M2400_decay10pct_sch_TuneCP5_13TeV-madgraph-pythia8/RunIISummer20UL16NanoAODv15-150X_mcRun2_asymptotic_v1-v1/NANOAODSIM	TprimeBToTH_LH_M2400_decay10pct_sch_TuneCP5_13TeV-madgraph-pythia8	RunIISummer20UL16NanoAODv15-150X_mcRun2_asymptotic_v1-v1	NANOAODSIM	-	-	-	-	-
/TprimeBToTH_LH_M2400_decay10pct_tch_TuneCP5_13TeV-madgraph-pythia8/RunIISummer20UL16NanoAODv15-150X_mcRun2_asymptotic_v1-v1/NANOAODSIM	TprimeBToTH_LH_M2400_decay10pct_tch_TuneCP5_13TeV-madgraph-pythia8	RunIISummer20UL16NanoAODv15-150X_mcRun2_asymptotic_v1-v1	NANOAODSIM	-	-	-	-	-
/TprimeBToTH_LH_M2400_decay20pct_int_TuneCP5_13TeV-madgraph-pythia8/RunIISummer20UL16NanoAODv15-150X_mcRun2_asymptotic_v1-v1/NANOAODSIM	TprimeBToTH_LH_M2400_decay20pct_int_TuneCP5_13TeV-madgraph-pythia8	RunIISummer20UL16NanoAODv15-150X_mcRun2_asymptotic_v1-v1	NANOAODSIM	-	-	-	-	-
/TprimeBToTH_LH_M2400_decay20pct_sch_TuneCP5_13TeV-madgraph-pythia8/RunIISummer20UL16NanoAODv15-150X_mcRun2_asymptotic_v1-v1/NANOAODSIM	TprimeBToTH_LH_M2400_decay20pct_sch_TuneCP5_13TeV-madgraph-pythia8	RunIISummer20UL16NanoAODv15-150X_mcRun2_asymptotic_v1-v1	NANOAODSIM	-	-	-	-	-
/TprimeBToTH_LH_M2400_decay20pct_tch_TuneCP5_13TeV-madgraph-pythia8/RunIISummer20UL16NanoAODv15-150X_mcRun2_asymptotic_v1-v1/NANOAODSIM	TprimeBToTH_LH_M2400_decay20pct_tch_TuneCP5_13TeV-madgraph-pythia8	RunIISummer20UL16NanoAODv15-150X_mcRun2_asymptotic_v1-v1	NANOAODSIM	-	-	-	-	-
/TprimeBToTH_LH_M2400_decay30pct_int_TuneCP5_13TeV-madgraph-pythia8/RunIISummer20UL16NanoAODv15-150X_mcRun2_asymptotic_v1-v1/NANOAODSIM	TprimeBToTH_LH_M2400_decay30pct_int_TuneCP5_13TeV-madgraph-pythia8	RunIISummer20UL16NanoAODv15-150X_mcRun2_asymptotic_v1-v1	NANOAODSIM	-	-	-	-	-
/TprimeBToTH_LH_M2400_decay30pct_sch_TuneCP5_13TeV-madgraph-pythia8/RunIISummer20UL16NanoAODv15-150X_mcRun2_asymptotic_v1-v1/NANOAODSIM	TprimeBToTH_LH_M2400_decay30pct_sch_TuneCP5_13TeV-madgraph-pythia8	RunIISummer20UL16NanoAODv15-150X_mcRun2_asymptotic_v1-v1	NANOAODSIM	-	-	-	-	-
/TprimeBToTH_LH_M2400_decay30pct_tch_TuneCP5_13TeV-madgraph-pythia8/RunIISummer20UL16NanoAODv15-150X_mcRun2_asymptotic_v1-v1/NANOAODSIM	TprimeBToTH_LH_M2400_decay30pct_tch_TuneCP5_13TeV-madgraph-pythia8	RunIISummer20UL16NanoAODv15-150X_mcRun2_asymptotic_v1-v1	NANOAODSIM	-	-	-	-	-
/TprimeBToTH_LH_M2400_decay5pct_int_TuneCP5_13TeV-madgraph-pythia8/RunIISummer20UL16NanoAODv15-150X_mcRun2_asymptotic_v1-v1/NANOAODSIM	TprimeBToTH_LH_M2400_decay5pct_int_TuneCP5_13TeV-madgraph-pythia8	RunIISummer20UL16NanoAODv15-150X_mcRun2_asymptotic_v1-v1	NANOAODSIM	-	-	-	-	-
/TprimeBToTH_LH_M2400_decay5pct_sch_TuneCP5_13TeV-madgraph-pythia8/RunIISummer20UL16NanoAODv15-150X_mcRun2_asymptotic_v1-v1/NANOAODSIM	TprimeBToTH_LH_M2400_decay5pct_sch_TuneCP5_13TeV-madgraph-pythia8	RunIISummer20UL16NanoAODv15-150X_mcRun2_asymptotic_v1-v1	NANOAODSIM	-	-	-	-	-
/TprimeBToTH_LH_M2400_decay5pct_tch_TuneCP5_13TeV-madgraph-pythia8/RunIISummer20UL16NanoAODv15-150X_mcRun2_asymptotic_v1-v1/NANOAODSIM	TprimeBToTH_LH_M2400_decay5pct_tch_TuneCP5_13TeV-madgraph-pythia8	RunIISummer20UL16NanoAODv15-150X_mcRun2_asymptotic_v1-v1	NANOAODSIM	-	-	-	-	-
/TprimeBToTH_LH_M2600_decay10pct_int_TuneCP5_13TeV-madgraph-pythia8/RunIISummer20UL16NanoAODv15-150X_mcRun2_asymptotic_v1-v1/NANOAODSIM	TprimeBToTH_LH_M2600_decay10pct_int_TuneCP5_13TeV-madgraph-pythia8	RunIISummer20UL16NanoAODv15-150X_mcRun2_asymptotic_v1-v1	NANOAODSIM	-	-	-	-	-
/TprimeBToTH_LH_M2600_decay10pct_sch_TuneCP5_13TeV-madgraph-pythia8/RunIISummer20UL16NanoAODv15-150X_mcRun2_asymptotic_v1-v1/NANOAODSIM	TprimeBToTH_LH_M2600_decay10pct_sch_TuneCP5_13TeV-madgraph-pythia8	RunIISummer20UL16NanoAODv15-150X_mcRun2_asymptotic_v1-v1	NANOAODSIM	-	-	-	-	-
/TprimeBToTH_LH_M2600_decay10pct_tch_TuneCP5_13TeV-madgraph-pythia8/RunIISummer20UL16NanoAODv15-150X_mcRun2_asymptotic_v1-v1/NANOAODSIM	TprimeBToTH_LH_M2600_decay10pct_tch_TuneCP5_13TeV-madgraph-pythia8	RunIISummer20UL16NanoAODv15-150X_mcRun2_asymptotic_v1-v1	NANOAODSIM	-	-	-	-	-
/TprimeBToTH_LH_M2600_decay20pct_int_TuneCP5_13TeV-madgraph-pythia8/RunIISummer20UL16NanoAODv15-150X_mcRun2_asymptotic_v1-v1/NANOAODSIM	TprimeBToTH_LH_M2600_decay20pct_int_TuneCP5_13TeV-madgraph-pythia8	RunIISummer20UL16NanoAODv15-150X_mcRun2_asymptotic_v1-v1	NANOAODSIM	-	-	-	-	-
/TprimeBToTH_LH_M2600_decay20pct_sch_TuneCP5_13TeV-madgraph-pythia8/RunIISummer20UL16NanoAODv15-150X_mcRun2_asymptotic_v1-v1/NANOAODSIM	TprimeBToTH_LH_M2600_decay20pct_sch_TuneCP5_13TeV-madgraph-pythia8	RunIISummer20UL16NanoAODv15-150X_mcRun2_asymptotic_v1-v1	NANOAODSIM	-	-	-	-	-
/TprimeBToTH_LH_M2600_decay20pct_tch_TuneCP5_13TeV-madgraph-pythia8/RunIISummer20UL16NanoAODv15-150X_mcRun2_asymptotic_v1-v1/NANOAODSIM	TprimeBToTH_LH_M2600_decay20pct_tch_TuneCP5_13TeV-madgraph-pythia8	RunIISummer20UL16NanoAODv15-150X_mcRun2_asymptotic_v1-v1	NANOAODSIM	-	-	-	-	-
/TprimeBToTH_LH_M2600_decay30pct_int_TuneCP5_13TeV-madgraph-pythia8/RunIISummer20UL16NanoAODv15-150X_mcRun2_asymptotic_v1-v1/NANOAODSIM	TprimeBToTH_LH_M2600_decay30pct_int_TuneCP5_13TeV-madgraph-pythia8	RunIISummer20UL16NanoAODv15-150X_mcRun2_asymptotic_v1-v1	NANOAODSIM	-	-	-	-	-
/TprimeBToTH_LH_M2600_decay30pct_sch_TuneCP5_13TeV-madgraph-pythia8/RunIISummer20UL16NanoAODv15-150X_mcRun2_asymptotic_v1-v1/NANOAODSIM	TprimeBToTH_LH_M2600_decay30pct_sch_TuneCP5_13TeV-madgraph-pythia8	RunIISummer20UL16NanoAODv15-150X_mcRun2_asymptotic_v1-v1	NANOAODSIM	-	-	-	-	-
/TprimeBToTH_LH_M2600_decay30pct_tch_TuneCP5_13TeV-madgraph-pythia8/RunIISummer20UL16NanoAODv15-150X_mcRun2_asymptotic_v1-v1/NANOAODSIM	TprimeBToTH_LH_M2600_decay30pct_tch_TuneCP5_13TeV-madgraph-pythia8	RunIISummer20UL16NanoAODv15-150X_mcRun2_asymptotic_v1-v1	NANOAODSIM	-	-	-	-	-
/TprimeBToTH_LH_M2600_decay5pct_int_TuneCP5_13TeV-madgraph-pythia8/RunIISummer20UL16NanoAODv15-150X_mcRun2_asymptotic_v1-v1/NANOAODSIM	TprimeBToTH_LH_M2600_decay5pct_int_TuneCP5_13TeV-madgraph-pythia8	RunIISummer20UL16NanoAODv15-150X_mcRun2_asymptotic_v1-v1	NANOAODSIM	-	-	-	-	-
/TprimeBToTH_LH_M2600_decay5pct_sch_TuneCP5_13TeV-madgraph-pythia8/RunIISummer20UL16NanoAODv15-150X_mcRun2_asymptotic_v1-v1/NANOAODSIM	TprimeBToTH_LH_M2600_decay5pct_sch_TuneCP5_13TeV-madgraph-pythia8	RunIISummer20UL16NanoAODv15-150X_mcRun2_asymptotic_v1-v1	NANOAODSIM	-	-	-	-	-
/TprimeBToTH_LH_M2600_decay5pct_tch_TuneCP5_13TeV-madgraph-pythia8/RunIISummer20UL16NanoAODv15-150X_mcRun2_asymptotic_v1-v1/NANOAODSIM	TprimeBToTH_LH_M2600_decay5pct_tch_TuneCP5_13TeV-madgraph-pythia8	RunIISummer20UL16NanoAODv15-150X_mcRun2_asymptotic_v1-v1	NANOAODSIM	-	-	-	-	-
/TprimeBToTH_LH_M700_decay10pct_int_TuneCP5_13TeV-madgraph-pythia8/RunIISummer20UL16NanoAODv15-150X_mcRun2_asymptotic_v1-v1/NANOAODSIM	TprimeBToTH_LH_M700_decay10pct_int_TuneCP5_13TeV-madgraph-pythia8	RunIISummer20UL16NanoAODv15-150X_mcRun2_asymptotic_v1-v1	NANOAODSIM	-	-	-	-	-
/TprimeBToTH_LH_M700_decay10pct_sch_TuneCP5_13TeV-madgraph-pythia8/RunIISummer20UL16NanoAODv15-150X_mcRun2_asymptotic_v1-v1/NANOAODSIM	TprimeBToTH_LH_M700_decay10pct_sch_TuneCP5_13TeV-madgraph-pythia8	RunIISummer20UL16NanoAODv15-150X_mcRun2_asymptotic_v1-v1	NANOAODSIM	-	-	-	-	-
/TprimeBToTH_LH_M700_decay10pct_tch_TuneCP5_13TeV-madgraph-pythia8/RunIISummer20UL16NanoAODv15-150X_mcRun2_asymptotic_v1-v1/NANOAODSIM	TprimeBToTH_LH_M700_decay10pct_tch_TuneCP5_13TeV-madgraph-pythia8	RunIISummer20UL16NanoAODv15-150X_mcRun2_asymptotic_v1-v1	NANOAODSIM	-	-	-	-	-
/TprimeBToTH_LH_M700_decay20pct_int_TuneCP5_13TeV-madgraph-pythia8/RunIISummer20UL16NanoAODv15-150X_mcRun2_asymptotic_v1-v1/NANOAODSIM	TprimeBToTH_LH_M700_decay20pct_int_TuneCP5_13TeV-madgraph-pythia8	RunIISummer20UL16NanoAODv15-150X_mcRun2_asymptotic_v1-v1	NANOAODSIM	-	-	-	-	-
/TprimeBToTH_LH_M700_decay20pct_sch_TuneCP5_13TeV-madgraph-pythia8/RunIISummer20UL16NanoAODv15-150X_mcRun2_asymptotic_v1-v1/NANOAODSIM	TprimeBToTH_LH_M700_decay20pct_sch_TuneCP5_13TeV-madgraph-pythia8	RunIISummer20UL16NanoAODv15-150X_mcRun2_asymptotic_v1-v1	NANOAODSIM	-	-	-	-	-
/TprimeBToTH_LH_M700_decay20pct_tch_TuneCP5_13TeV-madgraph-pythia8/RunIISummer20UL16NanoAODv15-150X_mcRun2_asymptotic_v1-v1/NANOAODSIM	TprimeBToTH_LH_M700_decay20pct_tch_TuneCP5_13TeV-madgraph-pythia8	RunIISummer20UL16NanoAODv15-150X_mcRun2_asymptotic_v1-v1	NANOAODSIM	-	-	-	-	-
/TprimeBToTH_LH_M700_decay30pct_int_TuneCP5_13TeV-madgraph-pythia8/RunIISummer20UL16NanoAODv15-150X_mcRun2_asymptotic_v1-v1/NANOAODSIM	TprimeBToTH_LH_M700_decay30pct_int_TuneCP5_13TeV-madgraph-pythia8	RunIISummer20UL16NanoAODv15-150X_mcRun2_asymptotic_v1-v1	NANOAODSIM	-	-	-	-	-
/TprimeBToTH_LH_M700_decay30pct_sch_TuneCP5_13TeV-madgraph-pythia8/RunIISummer20UL16NanoAODv15-150X_mcRun2_asymptotic_v1-v1/NANOAODSIM	TprimeBToTH_LH_M700_decay30pct_sch_TuneCP5_13TeV-madgraph-pythia8	RunIISummer20UL16NanoAODv15-150X_mcRun2_asymptotic_v1-v1	NANOAODSIM	-	-	-	-	-
/TprimeBToTH_LH_M700_decay30pct_tch_TuneCP5_13TeV-madgraph-pythia8/RunIISummer20UL16NanoAODv15-150X_mcRun2_asymptotic_v1-v1/NANOAODSIM	TprimeBToTH_LH_M700_decay30pct_tch_TuneCP5_13TeV-madgraph-pythia8	RunIISummer20UL16NanoAODv15-150X_mcRun2_asymptotic_v1-v1	NANOAODSIM	-	-	-	-	-
/TprimeBToTH_LH_M700_decay5pct_int_TuneCP5_13TeV-madgraph-pythia8/RunIISummer20UL16NanoAODv15-150X_mcRun2_asymptotic_v1-v1/NANOAODSIM	TprimeBToTH_LH_M700_decay5pct_int_TuneCP5_13TeV-madgraph-pythia8	RunIISummer20UL16NanoAODv15-150X_mcRun2_asymptotic_v1-v1	NANOAODSIM	-	-	-	-	-
/TprimeBToTH_LH_M700_decay5pct_sch_TuneCP5_13TeV-madgraph-pythia8/RunIISummer20UL16NanoAODv15-150X_mcRun2_asymptotic_v1-v1/NANOAODSIM	TprimeBToTH_LH_M700_decay5pct_sch_TuneCP5_13TeV-madgraph-pythia8	RunIISummer20UL16NanoAODv15-150X_mcRun2_asymptotic_v1-v1	NANOAODSIM	-	-	-	-	-
/TprimeBToTH_LH_M700_decay5pct_tch_TuneCP5_13TeV-madgraph-pythia8/RunIISummer20UL16NanoAODv15-150X_mcRun2_asymptotic_v1-v1/NANOAODSIM	TprimeBToTH_LH_M700_decay5pct_tch_TuneCP5_13TeV-madgraph-pythia8	RunIISummer20UL16NanoAODv15-150X_mcRun2_asymptotic_v1-v1	NANOAODSIM	-	-	-	-	-
/TprimeBToTH_LH_M800_decay10pct_int_TuneCP5_13TeV-madgraph-pythia8/RunIISummer20UL16NanoAODv15-150X_mcRun2_asymptotic_v1-v1/NANOAODSIM	TprimeBToTH_LH_M800_decay10pct_int_TuneCP5_13TeV-madgraph-pythia8	RunIISummer20UL16NanoAODv15-150X_mcRun2_asymptotic_v1-v1	NANOAODSIM	-	-	-	-	-
/TprimeBToTH_LH_M800_decay10pct_sch_TuneCP5_13TeV-madgraph-pythia8/RunIISummer20UL16NanoAODv15-150X_mcRun2_asymptotic_v1-v1/NANOAODSIM	TprimeBToTH_LH_M800_decay10pct_sch_TuneCP5_13TeV-madgraph-pythia8	RunIISummer20UL16NanoAODv15-150X_mcRun2_asymptotic_v1-v1	NANOAODSIM	-	-	-	-	-
/TprimeBToTH_LH_M800_decay10pct_tch_TuneCP5_13TeV-madgraph-pythia8/RunIISummer20UL16NanoAODv15-150X_mcRun2_asymptotic_v1-v1/NANOAODSIM	TprimeBToTH_LH_M800_decay10pct_tch_TuneCP5_13TeV-madgraph-pythia8	RunIISummer20UL16NanoAODv15-150X_mcRun2_asymptotic_v1-v1	NANOAODSIM	-	-	-	-	-
/TprimeBToTH_LH_M800_decay20pct_int_TuneCP5_13TeV-madgraph-pythia8/RunIISummer20UL16NanoAODv15-150X_mcRun2_asymptotic_v1-v1/NANOAODSIM	TprimeBToTH_LH_M800_decay20pct_int_TuneCP5_13TeV-madgraph-pythia8	RunIISummer20UL16NanoAODv15-150X_mcRun2_asymptotic_v1-v1	NANOAODSIM	-	-	-	-	-
/TprimeBToTH_LH_M800_decay20pct_sch_TuneCP5_13TeV-madgraph-pythia8/RunIISummer20UL16NanoAODv15-150X_mcRun2_asymptotic_v1-v1/NANOAODSIM	TprimeBToTH_LH_M800_decay20pct_sch_TuneCP5_13TeV-madgraph-pythia8	RunIISummer20UL16NanoAODv15-150X_mcRun2_asymptotic_v1-v1	NANOAODSIM	-	-	-	-	-
/TprimeBToTH_LH_M800_decay20pct_tch_TuneCP5_13TeV-madgraph-pythia8/RunIISummer20UL16NanoAODv15-150X_mcRun2_asymptotic_v1-v1/NANOAODSIM	TprimeBToTH_LH_M800_decay20pct_tch_TuneCP5_13TeV-madgraph-pythia8	RunIISummer20UL16NanoAODv15-150X_mcRun2_asymptotic_v1-v1	NANOAODSIM	-	-	-	-	-
/TprimeBToTH_LH_M800_decay30pct_int_TuneCP5_13TeV-madgraph-pythia8/RunIISummer20UL16NanoAODv15-150X_mcRun2_asymptotic_v1-v1/NANOAODSIM	TprimeBToTH_LH_M800_decay30pct_int_TuneCP5_13TeV-madgraph-pythia8	RunIISummer20UL16NanoAODv15-150X_mcRun2_asymptotic_v1-v1	NANOAODSIM	-	-	-	-	-
/TprimeBToTH_LH_M800_decay30pct_sch_TuneCP5_13TeV-madgraph-pythia8/RunIISummer20UL16NanoAODv15-150X_mcRun2_asymptotic_v1-v1/NANOAODSIM	TprimeBToTH_LH_M800_decay30pct_sch_TuneCP5_13TeV-madgraph-pythia8	RunIISummer20UL16NanoAODv15-150X_mcRun2_asymptotic_v1-v1	NANOAODSIM	-	-	-	-	-
/TprimeBToTH_LH_M800_decay30pct_tch_TuneCP5_13TeV-madgraph-pythia8/RunIISummer20UL16NanoAODv15-150X_mcRun2_asymptotic_v1-v1/NANOAODSIM	TprimeBToTH_LH_M800_decay30pct_tch_TuneCP5_13TeV-madgraph-pythia8	RunIISummer20UL16NanoAODv15-150X_mcRun2_asymptotic_v1-v1	NANOAODSIM	-	-	-	-	-
/TprimeBToTH_LH_M800_decay5pct_int_TuneCP5_13TeV-madgraph-pythia8/RunIISummer20UL16NanoAODv15-150X_mcRun2_asymptotic_v1-v1/NANOAODSIM	TprimeBToTH_LH_M800_decay5pct_int_TuneCP5_13TeV-madgraph-pythia8	RunIISummer20UL16NanoAODv15-150X_mcRun2_asymptotic_v1-v1	NANOAODSIM	-	-	-	-	-
/TprimeBToTH_LH_M800_decay5pct_sch_TuneCP5_13TeV-madgraph-pythia8/RunIISummer20UL16NanoAODv15-150X_mcRun2_asymptotic_v1-v1/NANOAODSIM	TprimeBToTH_LH_M800_decay5pct_sch_TuneCP5_13TeV-madgraph-pythia8	RunIISummer20UL16NanoAODv15-150X_mcRun2_asymptotic_v1-v1	NANOAODSIM	-	-	-	-	-
/TprimeBToTH_LH_M800_decay5pct_tch_TuneCP5_13TeV-madgraph-pythia8/RunIISummer20UL16NanoAODv15-150X_mcRun2_asymptotic_v1-v1/NANOAODSIM	TprimeBToTH_LH_M800_decay5pct_tch_TuneCP5_13TeV-madgraph-pythia8	RunIISummer20UL16NanoAODv15-150X_mcRun2_asymptotic_v1-v1	NANOAODSIM	-	-	-	-	-
/TprimeBToTH_LH_M900_decay10pct_int_TuneCP5_13TeV-madgraph-pythia8/RunIISummer20UL16NanoAODv15-150X_mcRun2_asymptotic_v1-v1/NANOAODSIM	TprimeBToTH_LH_M900_decay10pct_int_TuneCP5_13TeV-madgraph-pythia8	RunIISummer20UL16NanoAODv15-150X_mcRun2_asymptotic_v1-v1	NANOAODSIM	-	-	-	-	-
/TprimeBToTH_LH_M900_decay10pct_sch_TuneCP5_13TeV-madgraph-pythia8/RunIISummer20UL16NanoAODv15-150X_mcRun2_asymptotic_v1-v1/NANOAODSIM	TprimeBToTH_LH_M900_decay10pct_sch_TuneCP5_13TeV-madgraph-pythia8	RunIISummer20UL16NanoAODv15-150X_mcRun2_asymptotic_v1-v1	NANOAODSIM	-	-	-	-	-
/TprimeBToTH_LH_M900_decay10pct_tch_TuneCP5_13TeV-madgraph-pythia8/RunIISummer20UL16NanoAODv15-150X_mcRun2_asymptotic_v1-v1/NANOAODSIM	TprimeBToTH_LH_M900_decay10pct_tch_TuneCP5_13TeV-madgraph-pythia8	RunIISummer20UL16NanoAODv15-150X_mcRun2_asymptotic_v1-v1	NANOAODSIM	-	-	-	-	-
/TprimeBToTH_LH_M900_decay20pct_int_TuneCP5_13TeV-madgraph-pythia8/RunIISummer20UL16NanoAODv15-150X_mcRun2_asymptotic_v1-v1/NANOAODSIM	TprimeBToTH_LH_M900_decay20pct_int_TuneCP5_13TeV-madgraph-pythia8	RunIISummer20UL16NanoAODv15-150X_mcRun2_asymptotic_v1-v1	NANOAODSIM	-	-	-	-	-
/TprimeBToTH_LH_M900_decay20pct_sch_TuneCP5_13TeV-madgraph-pythia8/RunIISummer20UL16NanoAODv15-150X_mcRun2_asymptotic_v1-v1/NANOAODSIM	TprimeBToTH_LH_M900_decay20pct_sch_TuneCP5_13TeV-madgraph-pythia8	RunIISummer20UL16NanoAODv15-150X_mcRun2_asymptotic_v1-v1	NANOAODSIM	-	-	-	-	-
/TprimeBToTH_LH_M900_decay20pct_tch_TuneCP5_13TeV-madgraph-pythia8/RunIISummer20UL16NanoAODv15-150X_mcRun2_asymptotic_v1-v1/NANOAODSIM	TprimeBToTH_LH_M900_decay20pct_tch_TuneCP5_13TeV-madgraph-pythia8	RunIISummer20UL16NanoAODv15-150X_mcRun2_asymptotic_v1-v1	NANOAODSIM	-	-	-	-	-
/TprimeBToTH_LH_M900_decay30pct_int_TuneCP5_13TeV-madgraph-pythia8/RunIISummer20UL16NanoAODv15-150X_mcRun2_asymptotic_v1-v1/NANOAODSIM	TprimeBToTH_LH_M900_decay30pct_int_TuneCP5_13TeV-madgraph-pythia8	RunIISummer20UL16NanoAODv15-150X_mcRun2_asymptotic_v1-v1	NANOAODSIM	-	-	-	-	-
/TprimeBToTH_LH_M900_decay30pct_sch_TuneCP5_13TeV-madgraph-pythia8/RunIISummer20UL16NanoAODv15-150X_mcRun2_asymptotic_v1-v1/NANOAODSIM	TprimeBToTH_LH_M900_decay30pct_sch_TuneCP5_13TeV-madgraph-pythia8	RunIISummer20UL16NanoAODv15-150X_mcRun2_asymptotic_v1-v1	NANOAODSIM	-	-	-	-	-
/TprimeBToTH_LH_M900_decay30pct_tch_TuneCP5_13TeV-madgraph-pythia8/RunIISummer20UL16NanoAODv15-150X_mcRun2_asymptotic_v1-v1/NANOAODSIM	TprimeBToTH_LH_M900_decay30pct_tch_TuneCP5_13TeV-madgraph-pythia8	RunIISummer20UL16NanoAODv15-150X_mcRun2_asymptotic_v1-v1	NANOAODSIM	-	-	-	-	-
/TprimeBToTH_LH_M900_decay5pct_int_TuneCP5_13TeV-madgraph-pythia8/RunIISummer20UL16NanoAODv15-150X_mcRun2_asymptotic_v1-v1/NANOAODSIM	TprimeBToTH_LH_M900_decay5pct_int_TuneCP5_13TeV-madgraph-pythia8	RunIISummer20UL16NanoAODv15-150X_mcRun2_asymptotic_v1-v1	NANOAODSIM	-	-	-	-	-
/TprimeBToTH_LH_M900_decay5pct_sch_TuneCP5_13TeV-madgraph-pythia8/RunIISummer20UL16NanoAODv15-150X_mcRun2_asymptotic_v1-v1/NANOAODSIM	TprimeBToTH_LH_M900_decay5pct_sch_TuneCP5_13TeV-madgraph-pythia8	RunIISummer20UL16NanoAODv15-150X_mcRun2_asymptotic_v1-v1	NANOAODSIM	-	-	-	-	-
/TprimeBToTH_LH_M900_decay5pct_tch_TuneCP5_13TeV-madgraph-pythia8/RunIISummer20UL16NanoAODv15-150X_mcRun2_asymptotic_v1-v1/NANOAODSIM	TprimeBToTH_LH_M900_decay5pct_tch_TuneCP5_13TeV-madgraph-pythia8	RunIISummer20UL16NanoAODv15-150X_mcRun2_asymptotic_v1-v1	NANOAODSIM	-	-	-	-	-
/TTbb_4f_TTTo2L2Nu_hdampDOWN_TuneCP5-Powheg-Openloops-Pythia8/RunIISummer20UL16NanoAODv15-150X_mcRun2_asymptotic_v1-v1/NANOAODSIM	TTbb_4f_TTTo2L2Nu_hdampDOWN_TuneCP5-Powheg-Openloops-Pythia8	RunIISummer20UL16NanoAODv15-150X_mcRun2_asymptotic_v1-v1	NANOAODSIM	-	-	-	-	-
/TTbb_4f_TTTo2L2Nu_hdampUP_TuneCP5-Powheg-Openloops-Pythia8/RunIISummer20UL16NanoAODv15-150X_mcRun2_asymptotic_v1-v1/NANOAODSIM	TTbb_4f_TTTo2L2Nu_hdampUP_TuneCP5-Powheg-Openloops-Pythia8	RunIISummer20UL16NanoAODv15-150X_mcRun2_asymptotic_v1-v1	NANOAODSIM	-	-	-	-	-
/TTbb_4f_TTToHadronic_hdampDOWN_TuneCP5-Powheg-Openloops-Pythia8/RunIISummer20UL16NanoAODv15-150X_mcRun2_asymptotic_v1-v1/NANOAODSIM	TTbb_4f_TTToHadronic_hdampDOWN_TuneCP5-Powheg-Openloops-Pythia8	RunIISummer20UL16NanoAODv15-150X_mcRun2_asymptotic_v1-v1	NANOAODSIM	-	-	-	-	-
/TTbb_4f_TTToHadronic_hdampUP_TuneCP5-Powheg-Openloops-Pythia8/RunIISummer20UL16NanoAODv15-150X_mcRun2_asymptotic_v1-v1/NANOAODSIM	TTbb_4f_TTToHadronic_hdampUP_TuneCP5-Powheg-Openloops-Pythia8	RunIISummer20UL16NanoAODv15-150X_mcRun2_asymptotic_v1-v1	NANOAODSIM	-	-	-	-	-
/TTbb_4f_TTToSemiLeptonic_hdampDOWN_TuneCP5-Powheg-Openloops-Pythia8/RunIISummer20UL16NanoAODv15-150X_mcRun2_asymptotic_v1-v1/NANOAODSIM	TTbb_4f_TTToSemiLeptonic_hdampDOWN_TuneCP5-Powheg-Openloops-Pythia8	RunIISummer20UL16NanoAODv15-150X_mcRun2_asymptotic_v1-v1	NANOAODSIM	-	-	-	-	-
/TTbb_4f_TTToSemiLeptonic_hdampUP_TuneCP5-Powheg-Openloops-Pythia8/RunIISummer20UL16NanoAODv15-150X_mcRun2_asymptotic_v1-v1/NANOAODSIM	TTbb_4f_TTToSemiLeptonic_hdampUP_TuneCP5-Powheg-Openloops-Pythia8	RunIISummer20UL16NanoAODv15-150X_mcRun2_asymptotic_v1-v1	NANOAODSIM	-	-	-	-	-
/TTGamma_Dilept_TuneCP5_13TeV-madgraph-pythia8/RunIISummer20UL16NanoAODv15-150X_mcRun2_asymptotic_v1-v1/NANOAODSIM	TTGamma_Dilept_TuneCP5_13TeV-madgraph-pythia8	RunIISummer20UL16NanoAODv15-150X_mcRun2_asymptotic_v1-v1	NANOAODSIM	-	-	-	-	-
/TTGamma_SingleLept_TuneCP5_13TeV-madgraph-pythia8/RunIISummer20UL16NanoAODv15-150X_mcRun2_asymptotic_v1-v1/NANOAODSIM	TTGamma_SingleLept_TuneCP5_13TeV-madgraph-pythia8	RunIISummer20UL16NanoAODv15-150X_mcRun2_asymptotic_v1-v1	NANOAODSIM	-	-	-	-	-
/TTGG_TuneCP5_13TeV-amcatnlo-pythia8/RunIISummer20UL16NanoAODv15-150X_mcRun2_asymptotic_v1-v1/NANOAODSIM	TTGG_TuneCP5_13TeV-amcatnlo-pythia8	RunIISummer20UL16NanoAODv15-150X_mcRun2_asymptotic_v1-v1	NANOAODSIM	-	-	-	-	-
/TTGJets_TuneCP5_13TeV-amcatnloFXFX-madspin-pythia8/RunIISummer20UL16NanoAODv15-150X_mcRun2_asymptotic_v1-v1/NANOAODSIM	TTGJets_TuneCP5_13TeV-amcatnloFXFX-madspin-pythia8	RunIISummer20UL16NanoAODv15-150X_mcRun2_asymptotic_v1-v1	NANOAODSIM	-	-	-	-	-
/TTHH_TuneCP5_13TeV-madgraph-pythia8/RunIISummer20UL16NanoAODv15-150X_mcRun2_asymptotic_v1-v1/NANOAODSIM	TTHH_TuneCP5_13TeV-madgraph-pythia8	RunIISummer20UL16NanoAODv15-150X_mcRun2_asymptotic_v1-v1	NANOAODSIM	-	-	-	-	-
/ttHJetToGG_M120_TuneCP5_13TeV-amcatnloFXFX-madspin-pythia8/RunIISummer20UL16NanoAODv15-150X_mcRun2_asymptotic_v1-v1/NANOAODSIM	ttHJetToGG_M120_TuneCP5_13TeV-amcatnloFXFX-madspin-pythia8	RunIISummer20UL16NanoAODv15-150X_mcRun2_asymptotic_v1-v1	NANOAODSIM	-	-	-	-	-
/ttHJetToGG_M125_TuneCP5_13TeV-amcatnloFXFX-madspin-pythia8/RunIISummer20UL16NanoAODv15-150X_mcRun2_asymptotic_v1-v1/NANOAODSIM	ttHJetToGG_M125_TuneCP5_13TeV-amcatnloFXFX-madspin-pythia8	RunIISummer20UL16NanoAODv15-150X_mcRun2_asymptotic_v1-v1	NANOAODSIM	-	-	-	-	-
/ttHJetToGG_M130_TuneCP5_13TeV-amcatnloFXFX-madspin-pythia8/RunIISummer20UL16NanoAODv15-150X_mcRun2_asymptotic_v1-v1/NANOAODSIM	ttHJetToGG_M130_TuneCP5_13TeV-amcatnloFXFX-madspin-pythia8	RunIISummer20UL16NanoAODv15-150X_mcRun2_asymptotic_v1-v1	NANOAODSIM	-	-	-	-	-
/ttHJetToNonbb_M125_TuneCP5_13TeV_amcatnloFXFX_madspin_pythia8/RunIISummer20UL16NanoAODv15-150X_mcRun2_asymptotic_v1-v1/NANOAODSIM	ttHJetToNonbb_M125_TuneCP5_13TeV_amcatnloFXFX_madspin_pythia8	RunIISummer20UL16NanoAODv15-150X_mcRun2_asymptotic_v1-v1	NANOAODSIM	-	-	-	-	-
/ttHToMuMu_M125_TuneCP5_13TeV-powheg-pythia8/RunIISummer20UL16NanoAODv15-150X_mcRun2_asymptotic_v1-v1/NANOAODSIM	ttHToMuMu_M125_TuneCP5_13TeV-powheg-pythia8	RunIISummer20UL16NanoAODv15-150X_mcRun2_asymptotic_v1-v1	NANOAODSIM	-	-	-	-	-
/TT_Mtt-1000toInf_TuneCP5_13TeV-powheg-pythia8/RunIISummer20UL16NanoAODv15-150X_mcRun2_asymptotic_v1-v1/NANOAODSIM	TT_Mtt-1000toInf_TuneCP5_13TeV-powheg-pythia8	RunIISummer20UL16NanoAODv15-150X_mcRun2_asymptotic_v1-v1	NANOAODSIM	-	-	-	-	-
/TT_Mtt-700to1000_TuneCP5_13TeV-powheg-pythia8/RunIISummer20UL16NanoAODv15-150X_mcRun2_asymptotic_v1-v1/NANOAODSIM	TT_Mtt-700to1000_TuneCP5_13TeV-powheg-pythia8	RunIISummer20UL16NanoAODv15-150X_mcRun2_asymptotic_v1-v1	NANOAODSIM	-	-	-	-	-
/TTTJminus-DR1_TuneCP5_13TeV_amcatnlo-pythia8/RunIISummer20UL16NanoAODv15-150X_mcRun2_asymptotic_v1-v1/NANOAODSIM	TTTJminus-DR1_TuneCP5_13TeV_amcatnlo-pythia8	RunIISummer20UL16NanoAODv15-150X_mcRun2_asymptotic_v1-v1	NANOAODSIM	-	-	-	-	-
/TTTJplus-DR1_TuneCP5_13TeV_amcatnlo-pythia8/RunIISummer20UL16NanoAODv15-150X_mcRun2_asymptotic_v1-v1/NANOAODSIM	TTTJplus-DR1_TuneCP5_13TeV_amcatnlo-pythia8	RunIISummer20UL16NanoAODv15-150X_mcRun2_asymptotic_v1-v1	NANOAODSIM	-	-	-	-	-
/TTTo2L2Nu_hdampDOWN_TuneCP5_13TeV-powheg-pythia8/RunIISummer20UL16NanoAODv15-150X_mcRun2_asymptotic_v1-v1/NANOAODSIM	TTTo2L2Nu_hdampDOWN_TuneCP5_13TeV-powheg-pythia8	RunIISummer20UL16NanoAODv15-150X_mcRun2_asymptotic_v1-v1	NANOAODSIM	-	-	-	-	-
/TTTo2L2Nu_hdampDOWN_TuneCP5_13TeV-powheg-pythia8/RunIISummer20UL16NanoAODv15-150X_mcRun2_asymptotic_v1-v2/NANOAODSIM	TTTo2L2Nu_hdampDOWN_TuneCP5_13TeV-powheg-pythia8	RunIISummer20UL16NanoAODv15-150X_mcRun2_asymptotic_v1-v2	NANOAODSIM	-	-	-	-	-
/TTTo2L2Nu_hdampUP_TuneCP5_13TeV-powheg-pythia8/RunIISummer20UL16NanoAODv15-150X_mcRun2_asymptotic_v1-v1/NANOAODSIM	TTTo2L2Nu_hdampUP_TuneCP5_13TeV-powheg-pythia8	RunIISummer20UL16NanoAODv15-150X_mcRun2_asymptotic_v1-v1	NANOAODSIM	-	-	-	-	-
/TTTo2L2Nu_hdampUP_TuneCP5_13TeV-powheg-pythia8/RunIISummer20UL16NanoAODv15-150X_mcRun2_asymptotic_v1-v2/NANOAODSIM	TTTo2L2Nu_hdampUP_TuneCP5_13TeV-powheg-pythia8	RunIISummer20UL16NanoAODv15-150X_mcRun2_asymptotic_v1-v2	NANOAODSIM	-	-	-	-	-
/TTTo2L2Nu_hdampUP_TuneCP5_13TeV-powheg-pythia8/RunIISummer20UL16NanoAODv15-150X_mcRun2_asymptotic_v1-v3/NANOAODSIM	TTTo2L2Nu_hdampUP_TuneCP5_13TeV-powheg-pythia8	RunIISummer20UL16NanoAODv15-150X_mcRun2_asymptotic_v1-v3	NANOAODSIM	-	-	-	-	-
/TTTo2L2Nu_mtop171p5_TuneCP5_13TeV-powheg-pythia8/RunIISummer20UL16NanoAODv15-150X_mcRun2_asymptotic_v1-v1/NANOAODSIM	TTTo2L2Nu_mtop171p5_TuneCP5_13TeV-powheg-pythia8	RunIISummer20UL16NanoAODv15-150X_mcRun2_asymptotic_v1-v1	NANOAODSIM	-	-	-	-	-
/TTTo2L2Nu_mtop171p5_TuneCP5_13TeV-powheg-pythia8/RunIISummer20UL16NanoAODv15-150X_mcRun2_asymptotic_v1-v2/NANOAODSIM	TTTo2L2Nu_mtop171p5_TuneCP5_13TeV-powheg-pythia8	RunIISummer20UL16NanoAODv15-150X_mcRun2_asymptotic_v1-v2	NANOAODSIM	-	-	-	-	-
/TTTo2L2Nu_mtop175p5_TuneCP5_13TeV-powheg-pythia8/RunIISummer20UL16NanoAODv15-150X_mcRun2_asymptotic_v1-v1/NANOAODSIM	TTTo2L2Nu_mtop175p5_TuneCP5_13TeV-powheg-pythia8	RunIISummer20UL16NanoAODv15-150X_mcRun2_asymptotic_v1-v1	NANOAODSIM	-	-	-	-	-
/TTTo2L2Nu_mtop175p5_TuneCP5_13TeV-powheg-pythia8/RunIISummer20UL16NanoAODv15-150X_mcRun2_asymptotic_v1-v2/NANOAODSIM	TTTo2L2Nu_mtop175p5_TuneCP5_13TeV-powheg-pythia8	RunIISummer20UL16NanoAODv15-150X_mcRun2_asymptotic_v1-v2	NANOAODSIM	-	-	-	-	-
/TTTo2L2Nu_TuneCP5down_13TeV-powheg-pythia8/RunIISummer20UL16NanoAODv15-150X_mcRun2_asymptotic_v1-v1/NANOAODSIM	TTTo2L2Nu_TuneCP5down_13TeV-powheg-pythia8	RunIISummer20UL16NanoAODv15-150X_mcRun2_asymptotic_v1-v1	NANOAODSIM	-	-	-	-	-
/TTTo2L2Nu_TuneCP5down_13TeV-powheg-pythia8/RunIISummer20UL16NanoAODv15-150X_mcRun2_asymptotic_v1-v2/NANOAODSIM	TTTo2L2Nu_TuneCP5down_13TeV-powheg-pythia8	RunIISummer20UL16NanoAODv15-150X_mcRun2_asymptotic_v1-v2	NANOAODSIM	-	-	-	-	-
/TTTo2L2Nu_TuneCP5up_13TeV-powheg-pythia8/RunIISummer20UL16NanoAODv15-150X_mcRun2_asymptotic_v1-v1/NANOAODSIM	TTTo2L2Nu_TuneCP5up_13TeV-powheg-pythia8	RunIISummer20UL16NanoAODv15-150X_mcRun2_asymptotic_v1-v1	NANOAODSIM	-	-	-	-	-
/TTTo2L2Nu_TuneCP5up_13TeV-powheg-pythia8/RunIISummer20UL16NanoAODv15-150X_mcRun2_asymptotic_v1-v2/NANOAODSIM	TTTo2L2Nu_TuneCP5up_13TeV-powheg-pythia8	RunIISummer20UL16NanoAODv15-150X_mcRun2_asymptotic_v1-v2	NANOAODSIM	-	-	-	-	-
/TTTWminus-DR1_TuneCP5_13TeV_amcatnlo-pythia8/RunIISummer20UL16NanoAODv15-150X_mcRun2_asymptotic_v1-v1/NANOAODSIM	TTTWminus-DR1_TuneCP5_13TeV_amcatnlo-pythia8	RunIISummer20UL16NanoAODv15-150X_mcRun2_asymptotic_v1-v1	NANOAODSIM	-	-	-	-	-
/TTTWplus-DR1_TuneCP5_13TeV_amcatnlo-pythia8/RunIISummer20UL16NanoAODv15-150X_mcRun2_asymptotic_v1-v1/NANOAODSIM	TTTWplus-DR1_TuneCP5_13TeV_amcatnlo-pythia8	RunIISummer20UL16NanoAODv15-150X_mcRun2_asymptotic_v1-v1	NANOAODSIM	-	-	-	-	-
/ttWJetsToLNu_5f_EWK_TuneCP5_13TeV_amcatnlo-pythia8/RunIISummer20UL16NanoAODv15-150X_mcRun2_asymptotic_v1-v1/NANOAODSIM	ttWJetsToLNu_5f_EWK_TuneCP5_13TeV_amcatnlo-pythia8	RunIISummer20UL16NanoAODv15-150X_mcRun2_asymptotic_v1-v1	NANOAODSIM	-	-	-	-	-
/ttWJets_TuneCP5_13TeV_madgraphMLM_pythia8/RunIISummer20UL16NanoAODv15-150X_mcRun2_asymptotic_v1-v1/NANOAODSIM	ttWJets_TuneCP5_13TeV_madgraphMLM_pythia8	RunIISummer20UL16NanoAODv15-150X_mcRun2_asymptotic_v1-v1	NANOAODSIM	-	-	-	-	-
/TTZH_TuneCP5_13TeV-madgraph-pythia8/RunIISummer20UL16NanoAODv15-150X_mcRun2_asymptotic_v1-v1/NANOAODSIM	TTZH_TuneCP5_13TeV-madgraph-pythia8	RunIISummer20UL16NanoAODv15-150X_mcRun2_asymptotic_v1-v1	NANOAODSIM	-	-	-	-	-
/ttZJets_TuneCP5_13TeV_madgraphMLM_pythia8/RunIISummer20UL16NanoAODv15-150X_mcRun2_asymptotic_v1-v1/NANOAODSIM	ttZJets_TuneCP5_13TeV_madgraphMLM_pythia8	RunIISummer20UL16NanoAODv15-150X_mcRun2_asymptotic_v1-v1	NANOAODSIM	-	-	-	-	-
/TTZToLL_M-1to10_TuneCP5_13TeV-amcatnlo-pythia8/RunIISummer20UL16NanoAODv15-150X_mcRun2_asymptotic_v1-v1/NANOAODSIM	TTZToLL_M-1to10_TuneCP5_13TeV-amcatnlo-pythia8	RunIISummer20UL16NanoAODv15-150X_mcRun2_asymptotic_v1-v1	NANOAODSIM	-	-	-	-	-
/TTZToNuNu_TuneCP5_13TeV_amcatnlo-pythia8/RunIISummer20UL16NanoAODv15-150X_mcRun2_asymptotic_v1-v1/NANOAODSIM	TTZToNuNu_TuneCP5_13TeV_amcatnlo-pythia8	RunIISummer20UL16NanoAODv15-150X_mcRun2_asymptotic_v1-v1	NANOAODSIM	-	-	-	-	-
/TTZZ_TuneCP5_13TeV-madgraph-pythia8/RunIISummer20UL16NanoAODv15-150X_mcRun2_asymptotic_v1-v1/NANOAODSIM	TTZZ_TuneCP5_13TeV-madgraph-pythia8	RunIISummer20UL16NanoAODv15-150X_mcRun2_asymptotic_v1-v1	NANOAODSIM	-	-	-	-	-
/TWZToLL_thad_Wlept_5f_DR_TuneCP5_13TeV-amcatnlo-pythia8/RunIISummer20UL16NanoAODv15-150X_mcRun2_asymptotic_v1-v1/NANOAODSIM	TWZToLL_thad_Wlept_5f_DR_TuneCP5_13TeV-amcatnlo-pythia8	RunIISummer20UL16NanoAODv15-150X_mcRun2_asymptotic_v1-v1	NANOAODSIM	-	-	-	-	-
/TWZToLL_tlept_Whad_5f_DR_TuneCP5_13TeV-amcatnlo-pythia8/RunIISummer20UL16NanoAODv15-150X_mcRun2_asymptotic_v1-v1/NANOAODSIM	TWZToLL_tlept_Whad_5f_DR_TuneCP5_13TeV-amcatnlo-pythia8	RunIISummer20UL16NanoAODv15-150X_mcRun2_asymptotic_v1-v1	NANOAODSIM	-	-	-	-	-
/TWZToLL_tlept_Wlept_5f_DR_TuneCP5_13TeV-amcatnlo-pythia8/RunIISummer20UL16NanoAODv15-150X_mcRun2_asymptotic_v1-v1/NANOAODSIM	TWZToLL_tlept_Wlept_5f_DR_TuneCP5_13TeV-amcatnlo-pythia8	RunIISummer20UL16NanoAODv15-150X_mcRun2_asymptotic_v1-v1	NANOAODSIM	-	-	-	-	-
/tZq_ll_4f_ckm_NLO_TuneCP5_13TeV-amcatnlo-pythia8/RunIISummer20UL16NanoAODv15-150X_mcRun2_asymptotic_v1-v1/NANOAODSIM	tZq_ll_4f_ckm_NLO_TuneCP5_13TeV-amcatnlo-pythia8	RunIISummer20UL16NanoAODv15-150X_mcRun2_asymptotic_v1-v1	NANOAODSIM	-	-	-	-	-
/VBFHHTo2B2G_kl_1p00_cv_1p00_c2v_1p00_TuneCP5_13TeV_madgraph-pythia8/RunIISummer20UL16NanoAODv15-150X_mcRun2_asymptotic_v1-v1/NANOAODSIM	VBFHHTo2B2G_kl_1p00_cv_1p00_c2v_1p00_TuneCP5_13TeV_madgraph-pythia8	RunIISummer20UL16NanoAODv15-150X_mcRun2_asymptotic_v1-v1	NANOAODSIM	-	-	-	-	-
/VBFHHTo2B2Tau_kl_10p2_cv_m0p012_c2v_0p030_TuneCP5_13TeV_madgraph-pythia8/RunIISummer20UL16NanoAODv15-150X_mcRun2_asymptotic_v1-v1/NANOAODSIM	VBFHHTo2B2Tau_kl_10p2_cv_m0p012_c2v_0p030_TuneCP5_13TeV_madgraph-pythia8	RunIISummer20UL16NanoAODv15-150X_mcRun2_asymptotic_v1-v1	NANOAODSIM	-	-	-	-	-
/VBFHHTo2B2Tau_kl_14p4_cv_1p74_c2v_1p37_TuneCP5_13TeV_madgraph-pythia8/RunIISummer20UL16NanoAODv15-150X_mcRun2_asymptotic_v1-v1/NANOAODSIM	VBFHHTo2B2Tau_kl_14p4_cv_1p74_c2v_1p37_TuneCP5_13TeV_madgraph-pythia8	RunIISummer20UL16NanoAODv15-150X_mcRun2_asymptotic_v1-v1	NANOAODSIM	-	-	-	-	-
/VBFHHTo2B2Tau_kl_19p9_cv_0p008_c2v_m0p047_TuneCP5_13TeV_madgraph-pythia8/RunIISummer20UL16NanoAODv15-150X_mcRun2_asymptotic_v1-v1/NANOAODSIM	VBFHHTo2B2Tau_kl_19p9_cv_0p008_c2v_m0p047_TuneCP5_13TeV_madgraph-pythia8	RunIISummer20UL16NanoAODv15-150X_mcRun2_asymptotic_v1-v1	NANOAODSIM	-	-	-	-	-
/VBFHHTo2B2Tau_kl_19p9_cv_m0p650_c2v_m0p382_TuneCP5_13TeV_madgraph-pythia8/RunIISummer20UL16NanoAODv15-150X_mcRun2_asymptotic_v1-v1/NANOAODSIM	VBFHHTo2B2Tau_kl_19p9_cv_m0p650_c2v_m0p382_TuneCP5_13TeV_madgraph-pythia8	RunIISummer20UL16NanoAODv15-150X_mcRun2_asymptotic_v1-v1	NANOAODSIM	-	-	-	-	-
/VBFHHTo2B2Tau_kl_1p00_cv_1p00_c2v_0p00_TuneCP5_13TeV_madgraph-pythia8/RunIISummer20UL16NanoAODv15-150X_mcRun2_asymptotic_v1-v1/NANOAODSIM	VBFHHTo2B2Tau_kl_1p00_cv_1p00_c2v_0p00_TuneCP5_13TeV_madgraph-pythia8	RunIISummer20UL16NanoAODv15-150X_mcRun2_asymptotic_v1-v1	NANOAODSIM	-	-	-	-	-
/VBFHHTo2B2Tau_kl_1p00_cv_1p00_c2v_1p00_TuneCP5_13TeV_madgraph-pythia8/RunIISummer20UL16NanoAODv15-150X_mcRun2_asymptotic_v1-v1/NANOAODSIM	VBFHHTo2B2Tau_kl_1p00_cv_1p00_c2v_1p00_TuneCP5_13TeV_madgraph-pythia8	RunIISummer20UL16NanoAODv15-150X_mcRun2_asymptotic_v1-v1	NANOAODSIM	-	-	-	-	-
/VBFHHTo2B2Tau_kl_1p17_cv_1p27_c2v_1p89_TuneCP5_13TeV_madgraph-pythia8/RunIISummer20UL16NanoAODv15-150X_mcRun2_asymptotic_v1-v1/NANOAODSIM	VBFHHTo2B2Tau_kl_1p17_cv_1p27_c2v_1p89_TuneCP5_13TeV_madgraph-pythia8	RunIISummer20UL16NanoAODv15-150X_mcRun2_asymptotic_v1-v1	NANOAODSIM	-	-	-	-	-
/VBFHHTo2B2Tau_kl_1p4_cv_0p60_c2v_m1p10_TuneCP5_13TeV_madgraph-pythia8/RunIISummer20UL16NanoAODv15-150X_mcRun2_asymptotic_v1-v1/NANOAODSIM	VBFHHTo2B2Tau_kl_1p4_cv_0p60_c2v_m1p10_TuneCP5_13TeV_madgraph-pythia8	RunIISummer20UL16NanoAODv15-150X_mcRun2_asymptotic_v1-v1	NANOAODSIM	-	-	-	-	-
/VBFHHTo2B2Tau_kl_1p55_cv_0p906_c2v_0p878_TuneCP5_13TeV_madgraph-pythia8/RunIISummer20UL16NanoAODv15-150X_mcRun2_asymptotic_v1-v1/NANOAODSIM	VBFHHTo2B2Tau_kl_1p55_cv_0p906_c2v_0p878_TuneCP5_13TeV_madgraph-pythia8	RunIISummer20UL16NanoAODv15-150X_mcRun2_asymptotic_v1-v1	NANOAODSIM	-	-	-	-	-
/VBFHHTo2B2Tau_kl_1p55_cv_0p906_c2v_0p878_TuneCP5_13TeV_madgraph-pythia8/RunIISummer20UL16NanoAODv15-150X_mcRun2_asymptotic_v1-v2/NANOAODSIM	VBFHHTo2B2Tau_kl_1p55_cv_0p906_c2v_0p878_TuneCP5_13TeV_madgraph-pythia8	RunIISummer20UL16NanoAODv15-150X_mcRun2_asymptotic_v1-v2	NANOAODSIM	-	-	-	-	-
/VBFHHTo2B2Tau_kl_7p00_cv_0p30_c2v_m0p70_TuneCP5_13TeV_madgraph-pythia8/RunIISummer20UL16NanoAODv15-150X_mcRun2_asymptotic_v1-v1/NANOAODSIM	VBFHHTo2B2Tau_kl_7p00_cv_0p30_c2v_m0p70_TuneCP5_13TeV_madgraph-pythia8	RunIISummer20UL16NanoAODv15-150X_mcRun2_asymptotic_v1-v1	NANOAODSIM	-	-	-	-	-
/VBFHHTo2B2Tau_kl_m0p94_cv_m1p21_c2v_1p94_TuneCP5_13TeV_madgraph-pythia8/RunIISummer20UL16NanoAODv15-150X_mcRun2_asymptotic_v1-v1/NANOAODSIM	VBFHHTo2B2Tau_kl_m0p94_cv_m1p21_c2v_1p94_TuneCP5_13TeV_madgraph-pythia8	RunIISummer20UL16NanoAODv15-150X_mcRun2_asymptotic_v1-v1	NANOAODSIM	-	-	-	-	-
/VBFHHTo2B2Tau_kl_m19p3_cv_m0p758_c2v_1p44_TuneCP5_13TeV_madgraph-pythia8/RunIISummer20UL16NanoAODv15-150X_mcRun2_asymptotic_v1-v1/NANOAODSIM	VBFHHTo2B2Tau_kl_m19p3_cv_m0p758_c2v_1p44_TuneCP5_13TeV_madgraph-pythia8	RunIISummer20UL16NanoAODv15-150X_mcRun2_asymptotic_v1-v1	NANOAODSIM	-	-	-	-	-
/VBFHHTo2B2Tau_kl_m1p36_cv_m1p60_c2v_2p72_TuneCP5_13TeV_madgraph-pythia8/RunIISummer20UL16NanoAODv15-150X_mcRun2_asymptotic_v1-v1/NANOAODSIM	VBFHHTo2B2Tau_kl_m1p36_cv_m1p60_c2v_2p72_TuneCP5_13TeV_madgraph-pythia8	RunIISummer20UL16NanoAODv15-150X_mcRun2_asymptotic_v1-v1	NANOAODSIM	-	-	-	-	-
/VBFHHTo2B2Tau_kl_m1p43_cv_m0p962_c2v_0p959_TuneCP5_13TeV_madgraph-pythia8/RunIISummer20UL16NanoAODv15-150X_mcRun2_asymptotic_v1-v1/NANOAODSIM	VBFHHTo2B2Tau_kl_m1p43_cv_m0p962_c2v_0p959_TuneCP5_13TeV_madgraph-pythia8	RunIISummer20UL16NanoAODv15-150X_mcRun2_asymptotic_v1-v1	NANOAODSIM	-	-	-	-	-
/VBFHHTo2B2Tau_kl_m3p39_cv_m1p83_c2v_3p57_TuneCP5_13TeV_madgraph-pythia8/RunIISummer20UL16NanoAODv15-150X_mcRun2_asymptotic_v1-v1/NANOAODSIM	VBFHHTo2B2Tau_kl_m3p39_cv_m1p83_c2v_3p57_TuneCP5_13TeV_madgraph-pythia8	RunIISummer20UL16NanoAODv15-150X_mcRun2_asymptotic_v1-v1	NANOAODSIM	-	-	-	-	-
/VBFHHTo2B2Tau_kl_m5p96_cv_2p12_c2v_3p87_TuneCP5_13TeV_madgraph-pythia8/RunIISummer20UL16NanoAODv15-150X_mcRun2_asymptotic_v1-v1/NANOAODSIM	VBFHHTo2B2Tau_kl_m5p96_cv_2p12_c2v_3p87_TuneCP5_13TeV_madgraph-pythia8	RunIISummer20UL16NanoAODv15-150X_mcRun2_asymptotic_v1-v1	NANOAODSIM	-	-	-	-	-
/VBFHHTo2B2Wto2L2Nu_kl_10p2_cv_m0p012_c2v_0p030_TuneCP5_13TeV_madgraph-pythia8/RunIISummer20UL16NanoAODv15-150X_mcRun2_asymptotic_v1-v2/NANOAODSIM	VBFHHTo2B2Wto2L2Nu_kl_10p2_cv_m0p012_c2v_0p030_TuneCP5_13TeV_madgraph-pythia8	RunIISummer20UL16NanoAODv15-150X_mcRun2_asymptotic_v1-v2	NANOAODSIM	-	-	-	-	-
/VBFHHTo2B2Wto2L2Nu_kl_14p4_cv_1p74_c2v_1p37_TuneCP5_13TeV_madgraph-pythia8/RunIISummer20UL16NanoAODv15-150X_mcRun2_asymptotic_v1-v2/NANOAODSIM	VBFHHTo2B2Wto2L2Nu_kl_14p4_cv_1p74_c2v_1p37_TuneCP5_13TeV_madgraph-pythia8	RunIISummer20UL16NanoAODv15-150X_mcRun2_asymptotic_v1-v2	NANOAODSIM	-	-	-	-	-
/VBFHHTo2B2Wto2L2Nu_kl_1p00_cv_1p00_c2v_0p00_TuneCP5_13TeV_madgraph-pythia8/RunIISummer20UL16NanoAODv15-150X_mcRun2_asymptotic_v1-v2/NANOAODSIM	VBFHHTo2B2Wto2L2Nu_kl_1p00_cv_1p00_c2v_0p00_TuneCP5_13TeV_madgraph-pythia8	RunIISummer20UL16NanoAODv15-150X_mcRun2_asymptotic_v1-v2	NANOAODSIM	-	-	-	-	-
/VBFHHTo2B2Wto2L2Nu_kl_1p00_cv_1p00_c2v_1p00_TuneCP5_13TeV_madgraph-pythia8/RunIISummer20UL16NanoAODv15-150X_mcRun2_asymptotic_v1-v2/NANOAODSIM	VBFHHTo2B2Wto2L2Nu_kl_1p00_cv_1p00_c2v_1p00_TuneCP5_13TeV_madgraph-pythia8	RunIISummer20UL16NanoAODv15-150X_mcRun2_asymptotic_v1-v2	NANOAODSIM	-	-	-	-	-
/VBFHHTo2B2Wto2L2Nu_kl_m0p94_cv_m1p21_c2v_1p94_TuneCP5_13TeV_madgraph-pythia8/RunIISummer20UL16NanoAODv15-150X_mcRun2_asymptotic_v1-v2/NANOAODSIM	VBFHHTo2B2Wto2L2Nu_kl_m0p94_cv_m1p21_c2v_1p94_TuneCP5_13TeV_madgraph-pythia8	RunIISummer20UL16NanoAODv15-150X_mcRun2_asymptotic_v1-v2	NANOAODSIM	-	-	-	-	-
/VBFHHTo2B2Wto2L2Nu_kl_m19p3_cv_m0p758_c2v_1p44_TuneCP5_13TeV_madgraph-pythia8/RunIISummer20UL16NanoAODv15-150X_mcRun2_asymptotic_v1-v2/NANOAODSIM	VBFHHTo2B2Wto2L2Nu_kl_m19p3_cv_m0p758_c2v_1p44_TuneCP5_13TeV_madgraph-pythia8	RunIISummer20UL16NanoAODv15-150X_mcRun2_asymptotic_v1-v2	NANOAODSIM	-	-	-	-	-
/VBFHHTo2B2Wto2L2Nu_kl_m1p36_cv_m1p60_c2v_2p72_TuneCP5_13TeV_madgraph-pythia8/RunIISummer20UL16NanoAODv15-150X_mcRun2_asymptotic_v1-v2/NANOAODSIM	VBFHHTo2B2Wto2L2Nu_kl_m1p36_cv_m1p60_c2v_2p72_TuneCP5_13TeV_madgraph-pythia8	RunIISummer20UL16NanoAODv15-150X_mcRun2_asymptotic_v1-v2	NANOAODSIM	-	-	-	-	-
/VBFHHTo2B2Wto2L2Nu_kl_m1p43_cv_m0p962_c2v_0p959_TuneCP5_13TeV_madgraph-pythia8/RunIISummer20UL16NanoAODv15-150X_mcRun2_asymptotic_v1-v2/NANOAODSIM	VBFHHTo2B2Wto2L2Nu_kl_m1p43_cv_m0p962_c2v_0p959_TuneCP5_13TeV_madgraph-pythia8	RunIISummer20UL16NanoAODv15-150X_mcRun2_asymptotic_v1-v2	NANOAODSIM	-	-	-	-	-
/VBFHHTo2B2Wto2L2Nu_kl_m3p39_cv_m1p83_c2v_3p57_TuneCP5_13TeV_madgraph-pythia8/RunIISummer20UL16NanoAODv15-150X_mcRun2_asymptotic_v1-v2/NANOAODSIM	VBFHHTo2B2Wto2L2Nu_kl_m3p39_cv_m1p83_c2v_3p57_TuneCP5_13TeV_madgraph-pythia8	RunIISummer20UL16NanoAODv15-150X_mcRun2_asymptotic_v1-v2	NANOAODSIM	-	-	-	-	-
/VBFHHTo2B2Wto2L2Nu_kl_m5p96_cv_2p12_c2v_3p87_TuneCP5_13TeV_madgraph-pythia8/RunIISummer20UL16NanoAODv15-150X_mcRun2_asymptotic_v1-v2/NANOAODSIM	VBFHHTo2B2Wto2L2Nu_kl_m5p96_cv_2p12_c2v_3p87_TuneCP5_13TeV_madgraph-pythia8	RunIISummer20UL16NanoAODv15-150X_mcRun2_asymptotic_v1-v2	NANOAODSIM	-	-	-	-	-
/VBFHHTo4B_kl_10p2_cv_m0p012_c2v_0p030_TuneCP5_13TeV_madgraph-pythia8/RunIISummer20UL16NanoAODv15-150X_mcRun2_asymptotic_v1-v1/NANOAODSIM	VBFHHTo4B_kl_10p2_cv_m0p012_c2v_0p030_TuneCP5_13TeV_madgraph-pythia8	RunIISummer20UL16NanoAODv15-150X_mcRun2_asymptotic_v1-v1	NANOAODSIM	-	-	-	-	-
/VBFHHTo4B_kl_14p4_cv_1p74_c2v_1p37_TuneCP5_13TeV_madgraph-pythia8/RunIISummer20UL16NanoAODv15-150X_mcRun2_asymptotic_v1-v1/NANOAODSIM	VBFHHTo4B_kl_14p4_cv_1p74_c2v_1p37_TuneCP5_13TeV_madgraph-pythia8	RunIISummer20UL16NanoAODv15-150X_mcRun2_asymptotic_v1-v1	NANOAODSIM	-	-	-	-	-
/VBFHHTo4B_kl_19p9_cv_0p008_c2v_m0p047_TuneCP5_13TeV_madgraph-pythia8/RunIISummer20UL16NanoAODv15-150X_mcRun2_asymptotic_v1-v1/NANOAODSIM	VBFHHTo4B_kl_19p9_cv_0p008_c2v_m0p047_TuneCP5_13TeV_madgraph-pythia8	RunIISummer20UL16NanoAODv15-150X_mcRun2_asymptotic_v1-v1	NANOAODSIM	-	-	-	-	-
/VBFHHTo4B_kl_19p9_cv_m0p650_c2v_m0p382_TuneCP5_13TeV_madgraph-pythia8/RunIISummer20UL16NanoAODv15-150X_mcRun2_asymptotic_v1-v1/NANOAODSIM	VBFHHTo4B_kl_19p9_cv_m0p650_c2v_m0p382_TuneCP5_13TeV_madgraph-pythia8	RunIISummer20UL16NanoAODv15-150X_mcRun2_asymptotic_v1-v1	NANOAODSIM	-	-	-	-	-
/VBFHHTo4B_kl_1p00_cv_1p00_c2v_0p00_TuneCP5_13TeV_madgraph-pythia8/RunIISummer20UL16NanoAODv15-150X_mcRun2_asymptotic_v1-v1/NANOAODSIM	VBFHHTo4B_kl_1p00_cv_1p00_c2v_0p00_TuneCP5_13TeV_madgraph-pythia8	RunIISummer20UL16NanoAODv15-150X_mcRun2_asymptotic_v1-v1	NANOAODSIM	-	-	-	-	-
/VBFHHTo4B_kl_1p00_cv_1p00_c2v_1p00_TuneCP5_13TeV_madgraph-pythia8/RunIISummer20UL16NanoAODv15-150X_mcRun2_asymptotic_v1-v1/NANOAODSIM	VBFHHTo4B_kl_1p00_cv_1p00_c2v_1p00_TuneCP5_13TeV_madgraph-pythia8	RunIISummer20UL16NanoAODv15-150X_mcRun2_asymptotic_v1-v1	NANOAODSIM	-	-	-	-	-
/VBFHHTo4B_kl_1p17_cv_1p27_c2v_1p89_TuneCP5_13TeV_madgraph-pythia8/RunIISummer20UL16NanoAODv15-150X_mcRun2_asymptotic_v1-v1/NANOAODSIM	VBFHHTo4B_kl_1p17_cv_1p27_c2v_1p89_TuneCP5_13TeV_madgraph-pythia8	RunIISummer20UL16NanoAODv15-150X_mcRun2_asymptotic_v1-v1	NANOAODSIM	-	-	-	-	-
/VBFHHTo4B_kl_1p4_cv_0p60_c2v_m1p10_TuneCP5_13TeV_madgraph-pythia8/RunIISummer20UL16NanoAODv15-150X_mcRun2_asymptotic_v1-v1/NANOAODSIM	VBFHHTo4B_kl_1p4_cv_0p60_c2v_m1p10_TuneCP5_13TeV_madgraph-pythia8	RunIISummer20UL16NanoAODv15-150X_mcRun2_asymptotic_v1-v1	NANOAODSIM	-	-	-	-	-
/VBFHHTo4B_kl_1p55_cv_0p906_c2v_0p878_TuneCP5_13TeV_madgraph-pythia8/RunIISummer20UL16NanoAODv15-150X_mcRun2_asymptotic_v1-v1/NANOAODSIM	VBFHHTo4B_kl_1p55_cv_0p906_c2v_0p878_TuneCP5_13TeV_madgraph-pythia8	RunIISummer20UL16NanoAODv15-150X_mcRun2_asymptotic_v1-v1	NANOAODSIM	-	-	-	-	-
/VBFHHTo4B_kl_7p00_cv_0p30_c2v_m0p70_TuneCP5_13TeV_madgraph-pythia8/RunIISummer20UL16NanoAODv15-150X_mcRun2_asymptotic_v1-v1/NANOAODSIM	VBFHHTo4B_kl_7p00_cv_0p30_c2v_m0p70_TuneCP5_13TeV_madgraph-pythia8	RunIISummer20UL16NanoAODv15-150X_mcRun2_asymptotic_v1-v1	NANOAODSIM	-	-	-	-	-
/VBFHHTo4B_kl_m0p94_cv_m1p21_c2v_1p94_TuneCP5_13TeV_madgraph-pythia8/RunIISummer20UL16NanoAODv15-150X_mcRun2_asymptotic_v1-v1/NANOAODSIM	VBFHHTo4B_kl_m0p94_cv_m1p21_c2v_1p94_TuneCP5_13TeV_madgraph-pythia8	RunIISummer20UL16NanoAODv15-150X_mcRun2_asymptotic_v1-v1	NANOAODSIM	-	-	-	-	-
/VBFHHTo4B_kl_m19p3_cv_m0p758_c2v_1p44_TuneCP5_13TeV_madgraph-pythia8/RunIISummer20UL16NanoAODv15-150X_mcRun2_asymptotic_v1-v1/NANOAODSIM	VBFHHTo4B_kl_m19p3_cv_m0p758_c2v_1p44_TuneCP5_13TeV_madgraph-pythia8	RunIISummer20UL16NanoAODv15-150X_mcRun2_asymptotic_v1-v1	NANOAODSIM	-	-	-	-	-
/VBFHHTo4B_kl_m1p36_cv_m1p60_c2v_2p72_TuneCP5_13TeV_madgraph-pythia8/RunIISummer20UL16NanoAODv15-150X_mcRun2_asymptotic_v1-v1/NANOAODSIM	VBFHHTo4B_kl_m1p36_cv_m1p60_c2v_2p72_TuneCP5_13TeV_madgraph-pythia8	RunIISummer20UL16NanoAODv15-150X_mcRun2_asymptotic_v1-v1	NANOAODSIM	-	-	-	-	-
/VBFHHTo4B_kl_m1p43_cv_m0p962_c2v_0p959_TuneCP5_13TeV_madgraph-pythia8/RunIISummer20UL16NanoAODv15-150X_mcRun2_asymptotic_v1-v1/NANOAODSIM	VBFHHTo4B_kl_m1p43_cv_m0p962_c2v_0p959_TuneCP5_13TeV_madgraph-pythia8	RunIISummer20UL16NanoAODv15-150X_mcRun2_asymptotic_v1-v1	NANOAODSIM	-	-	-	-	-
/VBFHHTo4B_kl_m3p39_cv_m1p83_c2v_3p57_TuneCP5_13TeV_madgraph-pythia8/RunIISummer20UL16NanoAODv15-150X_mcRun2_asymptotic_v1-v1/NANOAODSIM	VBFHHTo4B_kl_m3p39_cv_m1p83_c2v_3p57_TuneCP5_13TeV_madgraph-pythia8	RunIISummer20UL16NanoAODv15-150X_mcRun2_asymptotic_v1-v1	NANOAODSIM	-	-	-	-	-
/VBFHHTo4B_kl_m5p96_cv_2p12_c2v_3p87_TuneCP5_13TeV_madgraph-pythia8/RunIISummer20UL16NanoAODv15-150X_mcRun2_asymptotic_v1-v1/NANOAODSIM	VBFHHTo4B_kl_m5p96_cv_2p12_c2v_3p87_TuneCP5_13TeV_madgraph-pythia8	RunIISummer20UL16NanoAODv15-150X_mcRun2_asymptotic_v1-v1	NANOAODSIM	-	-	-	-	-
/VBF_HHTobbVV_CV_0_5_C2V_1_C3_1_TuneCP5_13TeV-madgraph-pythia8/RunIISummer20UL16NanoAODv15-150X_mcRun2_asymptotic_v1-v1/NANOAODSIM	VBF_HHTobbVV_CV_0_5_C2V_1_C3_1_TuneCP5_13TeV-madgraph-pythia8	RunIISummer20UL16NanoAODv15-150X_mcRun2_asymptotic_v1-v1	NANOAODSIM	-	-	-	-	-
/VBF_HHTobbVV_CV_0_5_C2V_1_C3_1_TuneCP5_13TeV-madgraph-pythia8/RunIISummer20UL16NanoAODv15-150X_mcRun2_asymptotic_v1-v2/NANOAODSIM	VBF_HHTobbVV_CV_0_5_C2V_1_C3_1_TuneCP5_13TeV-madgraph-pythia8	RunIISummer20UL16NanoAODv15-150X_mcRun2_asymptotic_v1-v2	NANOAODSIM	-	-	-	-	-
/VBF_HHTobbVV_CV_1_5_C2V_1_C3_1_TuneCP5_13TeV-madgraph-pythia8/RunIISummer20UL16NanoAODv15-150X_mcRun2_asymptotic_v1-v1/NANOAODSIM	VBF_HHTobbVV_CV_1_5_C2V_1_C3_1_TuneCP5_13TeV-madgraph-pythia8	RunIISummer20UL16NanoAODv15-150X_mcRun2_asymptotic_v1-v1	NANOAODSIM	-	-	-	-	-
/VBF_HHTobbVV_CV_1_C2V_0_C3_1_TuneCP5_13TeV-madgraph-pythia8/RunIISummer20UL16NanoAODv15-150X_mcRun2_asymptotic_v1-v1/NANOAODSIM	VBF_HHTobbVV_CV_1_C2V_0_C3_1_TuneCP5_13TeV-madgraph-pythia8	RunIISummer20UL16NanoAODv15-150X_mcRun2_asymptotic_v1-v1	NANOAODSIM	-	-	-	-	-
/VBF_HHTobbVV_CV_1_C2V_0_C3_1_TuneCP5_13TeV-madgraph-pythia8/RunIISummer20UL16NanoAODv15-150X_mcRun2_asymptotic_v1-v2/NANOAODSIM	VBF_HHTobbVV_CV_1_C2V_0_C3_1_TuneCP5_13TeV-madgraph-pythia8	RunIISummer20UL16NanoAODv15-150X_mcRun2_asymptotic_v1-v2	NANOAODSIM	-	-	-	-	-
/VBF_HHTobbVV_CV_1_C2V_1_C3_0_TuneCP5_13TeV-madgraph-pythia8/RunIISummer20UL16NanoAODv15-150X_mcRun2_asymptotic_v1-v2/NANOAODSIM	VBF_HHTobbVV_CV_1_C2V_1_C3_0_TuneCP5_13TeV-madgraph-pythia8	RunIISummer20UL16NanoAODv15-150X_mcRun2_asymptotic_v1-v2	NANOAODSIM	-	-	-	-	-
/VBF_HHTobbVV_CV_1_C2V_1_C3_1_TuneCP5_13TeV-madgraph-pythia8/RunIISummer20UL16NanoAODv15-150X_mcRun2_asymptotic_v1-v2/NANOAODSIM	VBF_HHTobbVV_CV_1_C2V_1_C3_1_TuneCP5_13TeV-madgraph-pythia8	RunIISummer20UL16NanoAODv15-150X_mcRun2_asymptotic_v1-v2	NANOAODSIM	-	-	-	-	-
/VBF_HHTobbVV_CV_1_C2V_1_C3_2_TuneCP5_13TeV-madgraph-pythia8/RunIISummer20UL16NanoAODv15-150X_mcRun2_asymptotic_v1-v1/NANOAODSIM	VBF_HHTobbVV_CV_1_C2V_1_C3_2_TuneCP5_13TeV-madgraph-pythia8	RunIISummer20UL16NanoAODv15-150X_mcRun2_asymptotic_v1-v1	NANOAODSIM	-	-	-	-	-
/VBF_HHTobbVV_CV_1_C2V_2_C3_1_TuneCP5_13TeV-madgraph-pythia8/RunIISummer20UL16NanoAODv15-150X_mcRun2_asymptotic_v1-v1/NANOAODSIM	VBF_HHTobbVV_CV_1_C2V_2_C3_1_TuneCP5_13TeV-madgraph-pythia8	RunIISummer20UL16NanoAODv15-150X_mcRun2_asymptotic_v1-v1	NANOAODSIM	-	-	-	-	-
/VBF_HHTobbVV_CV_1_C2V_2_C3_1_TuneCP5_13TeV-madgraph-pythia8/RunIISummer20UL16NanoAODv15-150X_mcRun2_asymptotic_v1-v2/NANOAODSIM	VBF_HHTobbVV_CV_1_C2V_2_C3_1_TuneCP5_13TeV-madgraph-pythia8	RunIISummer20UL16NanoAODv15-150X_mcRun2_asymptotic_v1-v2	NANOAODSIM	-	-	-	-	-
/VBFHToBB_M-125_dipoleRecoilOn_TuneCP5_13TeV-powheg-pythia8/RunIISummer20UL16NanoAODv15-150X_mcRun2_asymptotic_v1-v1/NANOAODSIM	VBFHToBB_M-125_dipoleRecoilOn_TuneCP5_13TeV-powheg-pythia8	RunIISummer20UL16NanoAODv15-150X_mcRun2_asymptotic_v1-v1	NANOAODSIM	-	-	-	-	-
/VBFHToGG_M120_TuneCP5_13TeV-amcatnlo-pythia8/RunIISummer20UL16NanoAODv15-150X_mcRun2_asymptotic_v1-v1/NANOAODSIM	VBFHToGG_M120_TuneCP5_13TeV-amcatnlo-pythia8	RunIISummer20UL16NanoAODv15-150X_mcRun2_asymptotic_v1-v1	NANOAODSIM	-	-	-	-	-
/VBFHToGG_M125_TuneCP5_13TeV-amcatnlo-pythia8/RunIISummer20UL16NanoAODv15-150X_mcRun2_asymptotic_v1-v1/NANOAODSIM	VBFHToGG_M125_TuneCP5_13TeV-amcatnlo-pythia8	RunIISummer20UL16NanoAODv15-150X_mcRun2_asymptotic_v1-v1	NANOAODSIM	-	-	-	-	-
/VBFHToGG_M130_TuneCP5_13TeV-amcatnlo-pythia8/RunIISummer20UL16NanoAODv15-150X_mcRun2_asymptotic_v1-v1/NANOAODSIM	VBFHToGG_M130_TuneCP5_13TeV-amcatnlo-pythia8	RunIISummer20UL16NanoAODv15-150X_mcRun2_asymptotic_v1-v1	NANOAODSIM	-	-	-	-	-
/VBFHToMuMu_M125_TuneCP5_withDipoleRecoil_13TeV-powheg-pythia8/RunIISummer20UL16NanoAODv15-150X_mcRun2_asymptotic_v1-v1/NANOAODSIM	VBFHToMuMu_M125_TuneCP5_withDipoleRecoil_13TeV-powheg-pythia8	RunIISummer20UL16NanoAODv15-150X_mcRun2_asymptotic_v1-v1	NANOAODSIM	-	-	-	-	-
/VBFHToTauTau_M125_TuneCP5_13TeV-powheg-pythia8/RunIISummer20UL16NanoAODv15-150X_mcRun2_asymptotic_v1-v1/NANOAODSIM	VBFHToTauTau_M125_TuneCP5_13TeV-powheg-pythia8	RunIISummer20UL16NanoAODv15-150X_mcRun2_asymptotic_v1-v1	NANOAODSIM	-	-	-	-	-
/VBFHToWWTo2L2Nu_M-125_TuneCP5_13TeV-powheg-jhugen727-pythia8/RunIISummer20UL16NanoAODv15-150X_mcRun2_asymptotic_v1-v1/NANOAODSIM	VBFHToWWTo2L2Nu_M-125_TuneCP5_13TeV-powheg-jhugen727-pythia8	RunIISummer20UL16NanoAODv15-150X_mcRun2_asymptotic_v1-v1	NANOAODSIM	-	-	-	-	-
/VBF_HToZZTo2L2Nu_M125_TuneCP5_withDipoleRecoil_13TeV_powheg2_JHUGenV735_pythia8/RunIISummer20UL16NanoAODv15-150X_mcRun2_asymptotic_v1-v1/NANOAODSIM	VBF_HToZZTo2L2Nu_M125_TuneCP5_withDipoleRecoil_13TeV_powheg2_JHUGenV735_pythia8	RunIISummer20UL16NanoAODv15-150X_mcRun2_asymptotic_v1-v1	NANOAODSIM	-	-	-	-	-
/VBF_HToZZTo2L2Nu_M270_TuneCP5_13TeV_powheg2_JHUGenV735_pythia8/RunIISummer20UL16NanoAODv15-150X_mcRun2_asymptotic_v1-v1/NANOAODSIM	VBF_HToZZTo2L2Nu_M270_TuneCP5_13TeV_powheg2_JHUGenV735_pythia8	RunIISummer20UL16NanoAODv15-150X_mcRun2_asymptotic_v1-v1	NANOAODSIM	-	-	-	-	-
/VBF_HToZZTo2L2Nu_M400_TuneCP5_13TeV_powheg2_JHUGenV7011_pythia8/RunIISummer20UL16NanoAODv15-150X_mcRun2_asymptotic_v1-v1/NANOAODSIM	VBF_HToZZTo2L2Nu_M400_TuneCP5_13TeV_powheg2_JHUGenV7011_pythia8	RunIISummer20UL16NanoAODv15-150X_mcRun2_asymptotic_v1-v1	NANOAODSIM	-	-	-	-	-
/VBF_HToZZTo2L2Nu_M600_TuneCP5_13TeV_powheg2_JHUGenV7011_pythia8/RunIISummer20UL16NanoAODv15-150X_mcRun2_asymptotic_v1-v1/NANOAODSIM	VBF_HToZZTo2L2Nu_M600_TuneCP5_13TeV_powheg2_JHUGenV7011_pythia8	RunIISummer20UL16NanoAODv15-150X_mcRun2_asymptotic_v1-v1	NANOAODSIM	-	-	-	-	-
/VBF_HToZZTo4L_M125_TuneCP5_13TeV_powheg2_JHUGenV7011_pythia8/RunIISummer20UL16NanoAODv15-150X_mcRun2_asymptotic_v1-v1/NANOAODSIM	VBF_HToZZTo4L_M125_TuneCP5_13TeV_powheg2_JHUGenV7011_pythia8	RunIISummer20UL16NanoAODv15-150X_mcRun2_asymptotic_v1-v1	NANOAODSIM	-	-	-	-	-
/VBF_HToZZTo4L_M125_TuneCP5_withDipoleRecoil_13TeV-powheg2-jhugenv7011-pythia8/RunIISummer20UL16NanoAODv15-150X_mcRun2_asymptotic_v1-v1/NANOAODSIM	VBF_HToZZTo4L_M125_TuneCP5_withDipoleRecoil_13TeV-powheg2-jhugenv7011-pythia8	RunIISummer20UL16NanoAODv15-150X_mcRun2_asymptotic_v1-v1	NANOAODSIM	-	-	-	-	-
/VBFToContinToZZTo2l2nu_TuneCP5_withDipoleRecoil_13TeV-jhugenv730-mcfm701-pythia8/RunIISummer20UL16NanoAODv15-150X_mcRun2_asymptotic_v1-v1/NANOAODSIM	VBFToContinToZZTo2l2nu_TuneCP5_withDipoleRecoil_13TeV-jhugenv730-mcfm701-pythia8	RunIISummer20UL16NanoAODv15-150X_mcRun2_asymptotic_v1-v1	NANOAODSIM	-	-	-	-	-
/VBFToH0MContinToZZTo4L_M-125_TuneCP5_13TeV_jhugen-mcfm-pythia8/RunIISummer20UL16NanoAODv15-150X_mcRun2_asymptotic_v1-v1/NANOAODSIM	VBFToH0MContinToZZTo4L_M-125_TuneCP5_13TeV_jhugen-mcfm-pythia8	RunIISummer20UL16NanoAODv15-150X_mcRun2_asymptotic_v1-v1	NANOAODSIM	-	-	-	-	-
/VBFToH0PHf05ph0ContinToZZTo4L_M-125_TuneCP5_13TeV_jhugen-mcfm-pythia8/RunIISummer20UL16NanoAODv15-150X_mcRun2_asymptotic_v1-v1/NANOAODSIM	VBFToH0PHf05ph0ContinToZZTo4L_M-125_TuneCP5_13TeV_jhugen-mcfm-pythia8	RunIISummer20UL16NanoAODv15-150X_mcRun2_asymptotic_v1-v1	NANOAODSIM	-	-	-	-	-
/VBFWH_HToBB_WToLNu_M-125_dipoleRecoilOn_TuneCP5_13TeV-madgraph-pythia8/RunIISummer20UL16NanoAODv15-150X_mcRun2_asymptotic_v1-v1/NANOAODSIM	VBFWH_HToBB_WToLNu_M-125_dipoleRecoilOn_TuneCP5_13TeV-madgraph-pythia8	RunIISummer20UL16NanoAODv15-150X_mcRun2_asymptotic_v1-v1	NANOAODSIM	-	-	-	-	-
/VBS_OSWW_LL_noTop_TuneCP5_13TeV-madgraph-pythia8/RunIISummer20UL16NanoAODv15-150X_mcRun2_asymptotic_v1-v1/NANOAODSIM	VBS_OSWW_LL_noTop_TuneCP5_13TeV-madgraph-pythia8	RunIISummer20UL16NanoAODv15-150X_mcRun2_asymptotic_v1-v1	NANOAODSIM	-	-	-	-	-
/VBS_OSWW_LL_TuneCP5_13TeV-madgraph-pythia8/RunIISummer20UL16NanoAODv15-150X_mcRun2_asymptotic_v1-v1/NANOAODSIM	VBS_OSWW_LL_TuneCP5_13TeV-madgraph-pythia8	RunIISummer20UL16NanoAODv15-150X_mcRun2_asymptotic_v1-v1	NANOAODSIM	-	-	-	-	-
/VBS_OSWW_LT_noTop_TuneCP5_13TeV-madgraph-pythia8/RunIISummer20UL16NanoAODv15-150X_mcRun2_asymptotic_v1-v1/NANOAODSIM	VBS_OSWW_LT_noTop_TuneCP5_13TeV-madgraph-pythia8	RunIISummer20UL16NanoAODv15-150X_mcRun2_asymptotic_v1-v1	NANOAODSIM	-	-	-	-	-
/VBS_OSWW_LT_TuneCP5_13TeV-madgraph-pythia8/RunIISummer20UL16NanoAODv15-150X_mcRun2_asymptotic_v1-v1/NANOAODSIM	VBS_OSWW_LT_TuneCP5_13TeV-madgraph-pythia8	RunIISummer20UL16NanoAODv15-150X_mcRun2_asymptotic_v1-v1	NANOAODSIM	-	-	-	-	-
/VBS_OSWW_TL_noTop_TuneCP5_13TeV-madgraph-pythia8/RunIISummer20UL16NanoAODv15-150X_mcRun2_asymptotic_v1-v1/NANOAODSIM	VBS_OSWW_TL_noTop_TuneCP5_13TeV-madgraph-pythia8	RunIISummer20UL16NanoAODv15-150X_mcRun2_asymptotic_v1-v1	NANOAODSIM	-	-	-	-	-
/VBS_OSWW_TL_TuneCP5_13TeV-madgraph-pythia8/RunIISummer20UL16NanoAODv15-150X_mcRun2_asymptotic_v1-v1/NANOAODSIM	VBS_OSWW_TL_TuneCP5_13TeV-madgraph-pythia8	RunIISummer20UL16NanoAODv15-150X_mcRun2_asymptotic_v1-v1	NANOAODSIM	-	-	-	-	-
/VBS_OSWW_TT_noTop_TuneCP5_13TeV-madgraph-pythia8/RunIISummer20UL16NanoAODv15-150X_mcRun2_asymptotic_v1-v1/NANOAODSIM	VBS_OSWW_TT_noTop_TuneCP5_13TeV-madgraph-pythia8	RunIISummer20UL16NanoAODv15-150X_mcRun2_asymptotic_v1-v1	NANOAODSIM	-	-	-	-	-
/VBS_OSWW_TT_TuneCP5_13TeV-madgraph-pythia8/RunIISummer20UL16NanoAODv15-150X_mcRun2_asymptotic_v1-v1/NANOAODSIM	VBS_OSWW_TT_TuneCP5_13TeV-madgraph-pythia8	RunIISummer20UL16NanoAODv15-150X_mcRun2_asymptotic_v1-v1	NANOAODSIM	-	-	-	-	-
/VBS_SSWW_LL_polarization_TuneCP5_13TeV-madgraph-pythia8/RunIISummer20UL16NanoAODv15-150X_mcRun2_asymptotic_v1-v1/NANOAODSIM	VBS_SSWW_LL_polarization_TuneCP5_13TeV-madgraph-pythia8	RunIISummer20UL16NanoAODv15-150X_mcRun2_asymptotic_v1-v1	NANOAODSIM	-	-	-	-	-
/VBS_SSWW_TL_polarization_TuneCP5_13TeV-madgraph-pythia8/RunIISummer20UL16NanoAODv15-150X_mcRun2_asymptotic_v1-v1/NANOAODSIM	VBS_SSWW_TL_polarization_TuneCP5_13TeV-madgraph-pythia8	RunIISummer20UL16NanoAODv15-150X_mcRun2_asymptotic_v1-v1	NANOAODSIM	-	-	-	-	-
/VBS_SSWW_TT_polarization_TuneCP5_13TeV-madgraph-pythia8/RunIISummer20UL16NanoAODv15-150X_mcRun2_asymptotic_v1-v1/NANOAODSIM	VBS_SSWW_TT_polarization_TuneCP5_13TeV-madgraph-pythia8	RunIISummer20UL16NanoAODv15-150X_mcRun2_asymptotic_v1-v1	NANOAODSIM	-	-	-	-	-
/VHToGG_M120_TuneCP5_13TeV-amcatnloFXFX-madspin-pythia8/RunIISummer20UL16NanoAODv15-150X_mcRun2_asymptotic_v1-v1/NANOAODSIM	VHToGG_M120_TuneCP5_13TeV-amcatnloFXFX-madspin-pythia8	RunIISummer20UL16NanoAODv15-150X_mcRun2_asymptotic_v1-v1	NANOAODSIM	-	-	-	-	-
/VHToGG_M125_TuneCP5_13TeV-amcatnloFXFX-madspin-pythia8/RunIISummer20UL16NanoAODv15-150X_mcRun2_asymptotic_v1-v1/NANOAODSIM	VHToGG_M125_TuneCP5_13TeV-amcatnloFXFX-madspin-pythia8	RunIISummer20UL16NanoAODv15-150X_mcRun2_asymptotic_v1-v1	NANOAODSIM	-	-	-	-	-
/VHToGG_M130_TuneCP5_13TeV-amcatnloFXFX-madspin-pythia8/RunIISummer20UL16NanoAODv15-150X_mcRun2_asymptotic_v1-v1/NANOAODSIM	VHToGG_M130_TuneCP5_13TeV-amcatnloFXFX-madspin-pythia8	RunIISummer20UL16NanoAODv15-150X_mcRun2_asymptotic_v1-v1	NANOAODSIM	-	-	-	-	-
/VHToNonbb_M125_TuneCP5_13TeV-amcatnloFXFX_madspin_pythia8/RunIISummer20UL16NanoAODv15-150X_mcRun2_asymptotic_v1-v1/NANOAODSIM	VHToNonbb_M125_TuneCP5_13TeV-amcatnloFXFX_madspin_pythia8	RunIISummer20UL16NanoAODv15-150X_mcRun2_asymptotic_v1-v1	NANOAODSIM	-	-	-	-	-
/WGammaToJJGamma_TuneCP5_13TeV-amcatnloFXFX-pythia8/RunIISummer20UL16NanoAODv15-150X_mcRun2_asymptotic_v1-v1/NANOAODSIM	WGammaToJJGamma_TuneCP5_13TeV-amcatnloFXFX-pythia8	RunIISummer20UL16NanoAODv15-150X_mcRun2_asymptotic_v1-v1	NANOAODSIM	-	-	-	-	-
/WGJJToLNu_EWKnotop_QCD_TuneCP5_13TeV-madgraph-pythia8/RunIISummer20UL16NanoAODv15-150X_mcRun2_asymptotic_v1-v1/NANOAODSIM	WGJJToLNu_EWKnotop_QCD_TuneCP5_13TeV-madgraph-pythia8	RunIISummer20UL16NanoAODv15-150X_mcRun2_asymptotic_v1-v1	NANOAODSIM	-	-	-	-	-
/WGToLNuG_01J_5f_PDFWeights_TuneCP5_13TeV-amcatnloFXFX-pythia8/RunIISummer20UL16NanoAODv15-150X_mcRun2_asymptotic_v1-v1/NANOAODSIM	WGToLNuG_01J_5f_PDFWeights_TuneCP5_13TeV-amcatnloFXFX-pythia8	RunIISummer20UL16NanoAODv15-150X_mcRun2_asymptotic_v1-v1	NANOAODSIM	-	-	-	-	-
/WGToLNuG_01J_5f_PtG_130_TuneCP5_13TeV-amcatnloFXFX-pythia8/RunIISummer20UL16NanoAODv15-150X_mcRun2_asymptotic_v1-v1/NANOAODSIM	WGToLNuG_01J_5f_PtG_130_TuneCP5_13TeV-amcatnloFXFX-pythia8	RunIISummer20UL16NanoAODv15-150X_mcRun2_asymptotic_v1-v1	NANOAODSIM	-	-	-	-	-
/WGToLNuG_01J_5f_PtG_300_TuneCP5_13TeV-amcatnloFXFX-pythia8/RunIISummer20UL16NanoAODv15-150X_mcRun2_asymptotic_v1-v1/NANOAODSIM	WGToLNuG_01J_5f_PtG_300_TuneCP5_13TeV-amcatnloFXFX-pythia8	RunIISummer20UL16NanoAODv15-150X_mcRun2_asymptotic_v1-v1	NANOAODSIM	-	-	-	-	-
/WGToLNuG_01J_5f_PtG_500_TuneCP5_13TeV-amcatnloFXFX-pythia8/RunIISummer20UL16NanoAODv15-150X_mcRun2_asymptotic_v1-v1/NANOAODSIM	WGToLNuG_01J_5f_PtG_500_TuneCP5_13TeV-amcatnloFXFX-pythia8	RunIISummer20UL16NanoAODv15-150X_mcRun2_asymptotic_v1-v1	NANOAODSIM	-	-	-	-	-
/WGToLNuG_01J_5f_TuneCP5_13TeV-amcatnloFXFX-pythia8/RunIISummer20UL16NanoAODv15-150X_mcRun2_asymptotic_v1-v1/NANOAODSIM	WGToLNuG_01J_5f_TuneCP5_13TeV-amcatnloFXFX-pythia8	RunIISummer20UL16NanoAODv15-150X_mcRun2_asymptotic_v1-v1	NANOAODSIM	-	-	-	-	-
/WGToLNuG_TuneCP5_13TeV-madgraphMLM-pythia8/RunIISummer20UL16NanoAODv15-150X_mcRun2_asymptotic_v1-v1/NANOAODSIM	WGToLNuG_TuneCP5_13TeV-madgraphMLM-pythia8	RunIISummer20UL16NanoAODv15-150X_mcRun2_asymptotic_v1-v1	NANOAODSIM	-	-	-	-	-
/WJetsToLNu_012JetsNLO_34JetsLO_EWNLOcorr_13TeV-sherpa/RunIISummer20UL16NanoAODv15-150X_mcRun2_asymptotic_v1_ext1-v1/NANOAODSIM	WJetsToLNu_012JetsNLO_34JetsLO_EWNLOcorr_13TeV-sherpa	RunIISummer20UL16NanoAODv15-150X_mcRun2_asymptotic_v1_ext1-v1	NANOAODSIM	-	-	-	-	-
/WJetsToLNu_012JetsNLO_34JetsLO_EWNLOcorr_13TeV-sherpa/RunIISummer20UL16NanoAODv15-150X_mcRun2_asymptotic_v1-v1/NANOAODSIM	WJetsToLNu_012JetsNLO_34JetsLO_EWNLOcorr_13TeV-sherpa	RunIISummer20UL16NanoAODv15-150X_mcRun2_asymptotic_v1-v1	NANOAODSIM	-	-	-	-	-
/WJetsToLNu_0J_TuneCP5_13TeV-amcatnloFXFX-pythia8/RunIISummer20UL16NanoAODv15-150X_mcRun2_asymptotic_v1-v1/NANOAODSIM	WJetsToLNu_0J_TuneCP5_13TeV-amcatnloFXFX-pythia8	RunIISummer20UL16NanoAODv15-150X_mcRun2_asymptotic_v1-v1	NANOAODSIM	-	-	-	-	-
/WJetsToLNu_1J_TuneCP5_13TeV-amcatnloFXFX-pythia8/RunIISummer20UL16NanoAODv15-150X_mcRun2_asymptotic_v1-v1/NANOAODSIM	WJetsToLNu_1J_TuneCP5_13TeV-amcatnloFXFX-pythia8	RunIISummer20UL16NanoAODv15-150X_mcRun2_asymptotic_v1-v1	NANOAODSIM	-	-	-	-	-
/WJetsToLNu_2J_TuneCP5_13TeV-amcatnloFXFX-pythia8/RunIISummer20UL16NanoAODv15-150X_mcRun2_asymptotic_v1-v1/NANOAODSIM	WJetsToLNu_2J_TuneCP5_13TeV-amcatnloFXFX-pythia8	RunIISummer20UL16NanoAODv15-150X_mcRun2_asymptotic_v1-v1	NANOAODSIM	-	-	-	-	-
/WJetsToLNu_LHEFilterPtW-250To400_MatchEWPDG20_TuneCP5_13TeV-amcatnloFXFX-pythia8/RunIISummer20UL16NanoAODv15-150X_mcRun2_asymptotic_v1-v1/NANOAODSIM	WJetsToLNu_LHEFilterPtW-250To400_MatchEWPDG20_TuneCP5_13TeV-amcatnloFXFX-pythia8	RunIISummer20UL16NanoAODv15-150X_mcRun2_asymptotic_v1-v1	NANOAODSIM	-	-	-	-	-
/WJetsToLNu_LHEFilterPtW-400To600_MatchEWPDG20_TuneCP5_13TeV-amcatnloFXFX-pythia8/RunIISummer20UL16NanoAODv15-150X_mcRun2_asymptotic_v1-v1/NANOAODSIM	WJetsToLNu_LHEFilterPtW-400To600_MatchEWPDG20_TuneCP5_13TeV-amcatnloFXFX-pythia8	RunIISummer20UL16NanoAODv15-150X_mcRun2_asymptotic_v1-v1	NANOAODSIM	-	-	-	-	-
/WJetsToLNu_LHEFilterPtW-600ToInf_MatchEWPDG20_TuneCP5_13TeV-amcatnloFXFX-pythia8/RunIISummer20UL16NanoAODv15-150X_mcRun2_asymptotic_v1-v1/NANOAODSIM	WJetsToLNu_LHEFilterPtW-600ToInf_MatchEWPDG20_TuneCP5_13TeV-amcatnloFXFX-pythia8	RunIISummer20UL16NanoAODv15-150X_mcRun2_asymptotic_v1-v1	NANOAODSIM	-	-	-	-	-
/WJetsToLNu_Pt-100To250_MatchEWPDG20_TuneCP5_13TeV-amcatnloFXFX-pythia8/RunIISummer20UL16NanoAODv15-150X_mcRun2_asymptotic_v1-v1/NANOAODSIM	WJetsToLNu_Pt-100To250_MatchEWPDG20_TuneCP5_13TeV-amcatnloFXFX-pythia8	RunIISummer20UL16NanoAODv15-150X_mcRun2_asymptotic_v1-v1	NANOAODSIM	-	-	-	-	-
/WJetsToLNu_Pt-250To400_MatchEWPDG20_TuneCP5_13TeV-amcatnloFXFX-pythia8/RunIISummer20UL16NanoAODv15-150X_mcRun2_asymptotic_v1-v1/NANOAODSIM	WJetsToLNu_Pt-250To400_MatchEWPDG20_TuneCP5_13TeV-amcatnloFXFX-pythia8	RunIISummer20UL16NanoAODv15-150X_mcRun2_asymptotic_v1-v1	NANOAODSIM	-	-	-	-	-
/WJetsToLNu_Pt-400To600_MatchEWPDG20_TuneCP5_13TeV-amcatnloFXFX-pythia8/RunIISummer20UL16NanoAODv15-150X_mcRun2_asymptotic_v1-v1/NANOAODSIM	WJetsToLNu_Pt-400To600_MatchEWPDG20_TuneCP5_13TeV-amcatnloFXFX-pythia8	RunIISummer20UL16NanoAODv15-150X_mcRun2_asymptotic_v1-v1	NANOAODSIM	-	-	-	-	-
/WJetsToLNu_Pt-600ToInf_MatchEWPDG20_TuneCP5_13TeV-amcatnloFXFX-pythia8/RunIISummer20UL16NanoAODv15-150X_mcRun2_asymptotic_v1-v1/NANOAODSIM	WJetsToLNu_Pt-600ToInf_MatchEWPDG20_TuneCP5_13TeV-amcatnloFXFX-pythia8	RunIISummer20UL16NanoAODv15-150X_mcRun2_asymptotic_v1-v1	NANOAODSIM	-	-	-	-	-
/WJetsToQQ_HT-200to400_TuneCP5_13TeV-madgraphMLM-pythia8/RunIISummer20UL16NanoAODv15-150X_mcRun2_asymptotic_v1-v1/NANOAODSIM	WJetsToQQ_HT-200to400_TuneCP5_13TeV-madgraphMLM-pythia8	RunIISummer20UL16NanoAODv15-150X_mcRun2_asymptotic_v1-v1	NANOAODSIM	-	-	-	-	-
/WLLJJ_WToLNu_EWK_TuneCP5_13TeV_madgraph-madspin-pythia8/RunIISummer20UL16NanoAODv15-150X_mcRun2_asymptotic_v1-v1/NANOAODSIM	WLLJJ_WToLNu_EWK_TuneCP5_13TeV_madgraph-madspin-pythia8	RunIISummer20UL16NanoAODv15-150X_mcRun2_asymptotic_v1-v1	NANOAODSIM	-	-	-	-	-
/WminusH_HToBB_WToLNu_M-125_TuneCP5_13TeV-powheg-pythia8/RunIISummer20UL16NanoAODv15-150X_mcRun2_asymptotic_v1-v1/NANOAODSIM	WminusH_HToBB_WToLNu_M-125_TuneCP5_13TeV-powheg-pythia8	RunIISummer20UL16NanoAODv15-150X_mcRun2_asymptotic_v1-v1	NANOAODSIM	-	-	-	-	-
/WminusH_HToBB_WToQQ_M-125_TuneCP5_13TeV-powheg-pythia8/RunIISummer20UL16NanoAODv15-150X_mcRun2_asymptotic_v1-v1/NANOAODSIM	WminusH_HToBB_WToQQ_M-125_TuneCP5_13TeV-powheg-pythia8	RunIISummer20UL16NanoAODv15-150X_mcRun2_asymptotic_v1-v1	NANOAODSIM	-	-	-	-	-
/WminusH_HToCC_WToLNu_M-125_TuneCP5_13TeV-powheg-pythia8/RunIISummer20UL16NanoAODv15-150X_mcRun2_asymptotic_v1-v1/NANOAODSIM	WminusH_HToCC_WToLNu_M-125_TuneCP5_13TeV-powheg-pythia8	RunIISummer20UL16NanoAODv15-150X_mcRun2_asymptotic_v1-v1	NANOAODSIM	-	-	-	-	-
/WminusHToMuMu_M125_TuneCP5_13TeV-powheg-pythia8/RunIISummer20UL16NanoAODv15-150X_mcRun2_asymptotic_v1-v1/NANOAODSIM	WminusHToMuMu_M125_TuneCP5_13TeV-powheg-pythia8	RunIISummer20UL16NanoAODv15-150X_mcRun2_asymptotic_v1-v1	NANOAODSIM	-	-	-	-	-
/WminusHToTauTauUncorrelatedDecay_M125_TuneCP5_13TeV-powheg-pythia8/RunIISummer20UL16NanoAODv15-150X_mcRun2_asymptotic_v1-v1/NANOAODSIM	WminusHToTauTauUncorrelatedDecay_M125_TuneCP5_13TeV-powheg-pythia8	RunIISummer20UL16NanoAODv15-150X_mcRun2_asymptotic_v1-v1	NANOAODSIM	-	-	-	-	-
/WplusH_HToBB_WToLNu_M-125_TuneCP5_13TeV-powheg-pythia8/RunIISummer20UL16NanoAODv15-150X_mcRun2_asymptotic_v1-v1/NANOAODSIM	WplusH_HToBB_WToLNu_M-125_TuneCP5_13TeV-powheg-pythia8	RunIISummer20UL16NanoAODv15-150X_mcRun2_asymptotic_v1-v1	NANOAODSIM	-	-	-	-	-
/WplusH_HToBB_WToQQ_M-125_TuneCP5_13TeV-powheg-pythia8/RunIISummer20UL16NanoAODv15-150X_mcRun2_asymptotic_v1-v1/NANOAODSIM	WplusH_HToBB_WToQQ_M-125_TuneCP5_13TeV-powheg-pythia8	RunIISummer20UL16NanoAODv15-150X_mcRun2_asymptotic_v1-v1	NANOAODSIM	-	-	-	-	-
/WplusH_HToCC_WToLNu_M-125_TuneCP5_13TeV-powheg-pythia8/RunIISummer20UL16NanoAODv15-150X_mcRun2_asymptotic_v1-v1/NANOAODSIM	WplusH_HToCC_WToLNu_M-125_TuneCP5_13TeV-powheg-pythia8	RunIISummer20UL16NanoAODv15-150X_mcRun2_asymptotic_v1-v1	NANOAODSIM	-	-	-	-	-
/WplusHToMuMu_M125_TuneCP5_13TeV-powheg-pythia8/RunIISummer20UL16NanoAODv15-150X_mcRun2_asymptotic_v1-v1/NANOAODSIM	WplusHToMuMu_M125_TuneCP5_13TeV-powheg-pythia8	RunIISummer20UL16NanoAODv15-150X_mcRun2_asymptotic_v1-v1	NANOAODSIM	-	-	-	-	-
/WplusHToTauTauUncorrelatedDecay_M125_TuneCP5_13TeV-powheg-pythia8/RunIISummer20UL16NanoAODv15-150X_mcRun2_asymptotic_v1-v1/NANOAODSIM	WplusHToTauTauUncorrelatedDecay_M125_TuneCP5_13TeV-powheg-pythia8	RunIISummer20UL16NanoAODv15-150X_mcRun2_asymptotic_v1-v1	NANOAODSIM	-	-	-	-	-
/WpWpJJ_EWKnotop_TuneCP5_13TeV-madgraph-pythia8/RunIISummer20UL16NanoAODv15-150X_mcRun2_asymptotic_v1-v1/NANOAODSIM	WpWpJJ_EWKnotop_TuneCP5_13TeV-madgraph-pythia8	RunIISummer20UL16NanoAODv15-150X_mcRun2_asymptotic_v1-v1	NANOAODSIM	-	-	-	-	-
/WpWpJJ_EWK_TuneCP5_13TeV-madgraph-pythia8/RunIISummer20UL16NanoAODv15-150X_mcRun2_asymptotic_v1-v1/NANOAODSIM	WpWpJJ_EWK_TuneCP5_13TeV-madgraph-pythia8	RunIISummer20UL16NanoAODv15-150X_mcRun2_asymptotic_v1-v1	NANOAODSIM	-	-	-	-	-
/WpWpJJ_QCDnotop_TuneCP5_13TeV-madgraph-pythia8/RunIISummer20UL16NanoAODv15-150X_mcRun2_asymptotic_v1-v1/NANOAODSIM	WpWpJJ_QCDnotop_TuneCP5_13TeV-madgraph-pythia8	RunIISummer20UL16NanoAODv15-150X_mcRun2_asymptotic_v1-v1	NANOAODSIM	-	-	-	-	-
/WpWpJJ_QCD_TuneCP5_13TeV-madgraph-pythia8/RunIISummer20UL16NanoAODv15-150X_mcRun2_asymptotic_v1-v1/NANOAODSIM	WpWpJJ_QCD_TuneCP5_13TeV-madgraph-pythia8	RunIISummer20UL16NanoAODv15-150X_mcRun2_asymptotic_v1-v1	NANOAODSIM	-	-	-	-	-
/WTo2JZTo2LG_TuneCP5_13TeV-amcatnloFXFX-pythia8/RunIISummer20UL16NanoAODv15-150X_mcRun2_asymptotic_v1-v1/NANOAODSIM	WTo2JZTo2LG_TuneCP5_13TeV-amcatnloFXFX-pythia8	RunIISummer20UL16NanoAODv15-150X_mcRun2_asymptotic_v1-v1	NANOAODSIM	-	-	-	-	-
/Wto2Q-2Jets_PTQQ-100to200_1J_TuneCP5_13TeV_amcatnloFXFX-pythia8/RunIISummer20UL16NanoAODv15-150X_mcRun2_asymptotic_v1-v1/NANOAODSIM	Wto2Q-2Jets_PTQQ-100to200_1J_TuneCP5_13TeV_amcatnloFXFX-pythia8	RunIISummer20UL16NanoAODv15-150X_mcRun2_asymptotic_v1-v1	NANOAODSIM	-	-	-	-	-
/Wto2Q-2Jets_PTQQ-100to200_2J_TuneCP5_13TeV_amcatnloFXFX-pythia8/RunIISummer20UL16NanoAODv15-150X_mcRun2_asymptotic_v1-v1/NANOAODSIM	Wto2Q-2Jets_PTQQ-100to200_2J_TuneCP5_13TeV_amcatnloFXFX-pythia8	RunIISummer20UL16NanoAODv15-150X_mcRun2_asymptotic_v1-v1	NANOAODSIM	-	-	-	-	-
/Wto2Q-2Jets_PTQQ-200to400_1J_TuneCP5_13TeV_amcatnloFXFX-pythia8/RunIISummer20UL16NanoAODv15-150X_mcRun2_asymptotic_v1-v1/NANOAODSIM	Wto2Q-2Jets_PTQQ-200to400_1J_TuneCP5_13TeV_amcatnloFXFX-pythia8	RunIISummer20UL16NanoAODv15-150X_mcRun2_asymptotic_v1-v1	NANOAODSIM	-	-	-	-	-
/Wto2Q-2Jets_PTQQ-200to400_2J_TuneCP5_13TeV_amcatnloFXFX-pythia8/RunIISummer20UL16NanoAODv15-150X_mcRun2_asymptotic_v1-v1/NANOAODSIM	Wto2Q-2Jets_PTQQ-200to400_2J_TuneCP5_13TeV_amcatnloFXFX-pythia8	RunIISummer20UL16NanoAODv15-150X_mcRun2_asymptotic_v1-v1	NANOAODSIM	-	-	-	-	-
/Wto2Q-2Jets_PTQQ-400to600_1J_TuneCP5_13TeV_amcatnloFXFX-pythia8/RunIISummer20UL16NanoAODv15-150X_mcRun2_asymptotic_v1-v1/NANOAODSIM	Wto2Q-2Jets_PTQQ-400to600_1J_TuneCP5_13TeV_amcatnloFXFX-pythia8	RunIISummer20UL16NanoAODv15-150X_mcRun2_asymptotic_v1-v1	NANOAODSIM	-	-	-	-	-
/Wto2Q-2Jets_PTQQ-400to600_2J_TuneCP5_13TeV_amcatnloFXFX-pythia8/RunIISummer20UL16NanoAODv15-150X_mcRun2_asymptotic_v1-v1/NANOAODSIM	Wto2Q-2Jets_PTQQ-400to600_2J_TuneCP5_13TeV_amcatnloFXFX-pythia8	RunIISummer20UL16NanoAODv15-150X_mcRun2_asymptotic_v1-v1	NANOAODSIM	-	-	-	-	-
/Wto2Q-2Jets_PTQQ-600_1J_TuneCP5_13TeV_amcatnloFXFX-pythia8/RunIISummer20UL16NanoAODv15-150X_mcRun2_asymptotic_v1-v1/NANOAODSIM	Wto2Q-2Jets_PTQQ-600_1J_TuneCP5_13TeV_amcatnloFXFX-pythia8	RunIISummer20UL16NanoAODv15-150X_mcRun2_asymptotic_v1-v1	NANOAODSIM	-	-	-	-	-
/Wto2Q-2Jets_PTQQ-600_2J_TuneCP5_13TeV_amcatnloFXFX-pythia8/RunIISummer20UL16NanoAODv15-150X_mcRun2_asymptotic_v1-v1/NANOAODSIM	Wto2Q-2Jets_PTQQ-600_2J_TuneCP5_13TeV_amcatnloFXFX-pythia8	RunIISummer20UL16NanoAODv15-150X_mcRun2_asymptotic_v1-v1	NANOAODSIM	-	-	-	-	-
/WToMuNu_M-100_TuneCP5_13TeV-pythia8/RunIISummer20UL16NanoAODv15-150X_mcRun2_asymptotic_v1-v1/NANOAODSIM	WToMuNu_M-100_TuneCP5_13TeV-pythia8	RunIISummer20UL16NanoAODv15-150X_mcRun2_asymptotic_v1-v1	NANOAODSIM	-	-	-	-	-
/WToMuNu_M-200_TuneCP5_13TeV-pythia8/RunIISummer20UL16NanoAODv15-150X_mcRun2_asymptotic_v1-v1/NANOAODSIM	WToMuNu_M-200_TuneCP5_13TeV-pythia8	RunIISummer20UL16NanoAODv15-150X_mcRun2_asymptotic_v1-v1	NANOAODSIM	-	-	-	-	-
/WToTauNu_M-100_TuneCP5_13TeV-pythia8-tauola/RunIISummer20UL16NanoAODv15-150X_mcRun2_asymptotic_v1-v1/NANOAODSIM	WToTauNu_M-100_TuneCP5_13TeV-pythia8-tauola	RunIISummer20UL16NanoAODv15-150X_mcRun2_asymptotic_v1-v1	NANOAODSIM	-	-	-	-	-
/WToTauNu_M-200_TuneCP5_13TeV-pythia8-tauola/RunIISummer20UL16NanoAODv15-150X_mcRun2_asymptotic_v1-v1/NANOAODSIM	WToTauNu_M-200_TuneCP5_13TeV-pythia8-tauola	RunIISummer20UL16NanoAODv15-150X_mcRun2_asymptotic_v1-v1	NANOAODSIM	-	-	-	-	-
/WWG_TuneCP5_13TeV-amcatnlo-pythia8/RunIISummer20UL16NanoAODv15-150X_mcRun2_asymptotic_v1-v1/NANOAODSIM	WWG_TuneCP5_13TeV-amcatnlo-pythia8	RunIISummer20UL16NanoAODv15-150X_mcRun2_asymptotic_v1-v1	NANOAODSIM	-	-	-	-	-
/WWJJToLNuLNu_EWK_noTop_TuneCP5_13TeV-madgraph-pythia8/RunIISummer20UL16NanoAODv15-150X_mcRun2_asymptotic_v1-v1/NANOAODSIM	WWJJToLNuLNu_EWK_noTop_TuneCP5_13TeV-madgraph-pythia8	RunIISummer20UL16NanoAODv15-150X_mcRun2_asymptotic_v1-v1	NANOAODSIM	-	-	-	-	-
/WWJJToLNuLNu_OS_EWK_QCD_noTop_TuneCP5_13TeV_madgraph-pythia8/RunIISummer20UL16NanoAODv15-150X_mcRun2_asymptotic_v1-v1/NANOAODSIM	WWJJToLNuLNu_OS_EWK_QCD_noTop_TuneCP5_13TeV_madgraph-pythia8	RunIISummer20UL16NanoAODv15-150X_mcRun2_asymptotic_v1-v1	NANOAODSIM	-	-	-	-	-
/WWJJToLNuLNu_QCD_noTop_TuneCP5_13TeV-madgraph-pythia8/RunIISummer20UL16NanoAODv15-150X_mcRun2_asymptotic_v1-v1/NANOAODSIM	WWJJToLNuLNu_QCD_noTop_TuneCP5_13TeV-madgraph-pythia8	RunIISummer20UL16NanoAODv15-150X_mcRun2_asymptotic_v1-v1	NANOAODSIM	-	-	-	-	-
/WWTo1L1Nu2Q_4f_TuneCP5_13TeV-amcatnloFXFX-pythia8/RunIISummer20UL16NanoAODv15-150X_mcRun2_asymptotic_v1-v1/NANOAODSIM	WWTo1L1Nu2Q_4f_TuneCP5_13TeV-amcatnloFXFX-pythia8	RunIISummer20UL16NanoAODv15-150X_mcRun2_asymptotic_v1-v1	NANOAODSIM	-	-	-	-	-
/WWTo2L2Nu_TuneCP5_13TeV-powheg-pythia8/RunIISummer20UL16NanoAODv15-150X_mcRun2_asymptotic_v1-v1/NANOAODSIM	WWTo2L2Nu_TuneCP5_13TeV-powheg-pythia8	RunIISummer20UL16NanoAODv15-150X_mcRun2_asymptotic_v1-v1	NANOAODSIM	-	-	-	-	-
/WWTo2L2Nu_TuneCP5_DoubleScattering_13TeV-pythia8/RunIISummer20UL16NanoAODv15-150X_mcRun2_asymptotic_v1-v1/NANOAODSIM	WWTo2L2Nu_TuneCP5_DoubleScattering_13TeV-pythia8	RunIISummer20UL16NanoAODv15-150X_mcRun2_asymptotic_v1-v1	NANOAODSIM	-	-	-	-	-
/WWTo4Q_4f_TuneCP5_13TeV-amcatnloFXFX-pythia8/RunIISummer20UL16NanoAODv15-150X_mcRun2_asymptotic_v1-v1/NANOAODSIM	WWTo4Q_4f_TuneCP5_13TeV-amcatnloFXFX-pythia8	RunIISummer20UL16NanoAODv15-150X_mcRun2_asymptotic_v1-v1	NANOAODSIM	-	-	-	-	-
/WWW_4F_TuneCP5_13TeV-amcatnlo-pythia8/RunIISummer20UL16NanoAODv15-150X_mcRun2_asymptotic_v1_ext1-v1/NANOAODSIM	WWW_4F_TuneCP5_13TeV-amcatnlo-pythia8	RunIISummer20UL16NanoAODv15-150X_mcRun2_asymptotic_v1_ext1-v1	NANOAODSIM	-	-	-	-	-
/WWW_4F_TuneCP5_13TeV-amcatnlo-pythia8/RunIISummer20UL16NanoAODv15-150X_mcRun2_asymptotic_v1-v1/NANOAODSIM	WWW_4F_TuneCP5_13TeV-amcatnlo-pythia8	RunIISummer20UL16NanoAODv15-150X_mcRun2_asymptotic_v1-v1	NANOAODSIM	-	-	-	-	-
/WWZ_4F_TuneCP5_13TeV-amcatnlo-pythia8/RunIISummer20UL16NanoAODv15-150X_mcRun2_asymptotic_v1_ext1-v1/NANOAODSIM	WWZ_4F_TuneCP5_13TeV-amcatnlo-pythia8	RunIISummer20UL16NanoAODv15-150X_mcRun2_asymptotic_v1_ext1-v1	NANOAODSIM	-	-	-	-	-
/WWZ_4F_TuneCP5_13TeV-amcatnlo-pythia8/RunIISummer20UL16NanoAODv15-150X_mcRun2_asymptotic_v1-v1/NANOAODSIM	WWZ_4F_TuneCP5_13TeV-amcatnlo-pythia8	RunIISummer20UL16NanoAODv15-150X_mcRun2_asymptotic_v1-v1	NANOAODSIM	-	-	-	-	-
/WWZJetsTo4L2Nu_4F_TuneCP5_13TeV-amcatnlo-pythia8/RunIISummer20UL16NanoAODv15-150X_mcRun2_asymptotic_v1-v1/NANOAODSIM	WWZJetsTo4L2Nu_4F_TuneCP5_13TeV-amcatnlo-pythia8	RunIISummer20UL16NanoAODv15-150X_mcRun2_asymptotic_v1-v1	NANOAODSIM	-	-	-	-	-
/WZ2JetsTo3LNu_MJJ-100toInf_TuneCP5_EWKnotop_13TeV_madgraph-pythia8/RunIISummer20UL16NanoAODv15-150X_mcRun2_asymptotic_v1-v1/NANOAODSIM	WZ2JetsTo3LNu_MJJ-100toInf_TuneCP5_EWKnotop_13TeV_madgraph-pythia8	RunIISummer20UL16NanoAODv15-150X_mcRun2_asymptotic_v1-v1	NANOAODSIM	-	-	-	-	-
/WZG_TuneCP5_13TeV-amcatnlo-pythia8/RunIISummer20UL16NanoAODv15-150X_mcRun2_asymptotic_v1-v1/NANOAODSIM	WZG_TuneCP5_13TeV-amcatnlo-pythia8	RunIISummer20UL16NanoAODv15-150X_mcRun2_asymptotic_v1-v1	NANOAODSIM	-	-	-	-	-
/WZJJ_EWK_InclusivePolarization_TuneCP5_13TeV_madgraph-madspin-pythia8/RunIISummer20UL16NanoAODv15-150X_mcRun2_asymptotic_v1-v1/NANOAODSIM	WZJJ_EWK_InclusivePolarization_TuneCP5_13TeV_madgraph-madspin-pythia8	RunIISummer20UL16NanoAODv15-150X_mcRun2_asymptotic_v1-v1	NANOAODSIM	-	-	-	-	-
/WZTo1L1Nu2Q_4f_TuneCP5_13TeV-amcatnloFXFX-pythia8/RunIISummer20UL16NanoAODv15-150X_mcRun2_asymptotic_v1-v1/NANOAODSIM	WZTo1L1Nu2Q_4f_TuneCP5_13TeV-amcatnloFXFX-pythia8	RunIISummer20UL16NanoAODv15-150X_mcRun2_asymptotic_v1-v1	NANOAODSIM	-	-	-	-	-
/WZTo1L3Nu_4f_TuneCP5_13TeV-amcatnloFXFX-pythia8/RunIISummer20UL16NanoAODv15-150X_mcRun2_asymptotic_v1-v1/NANOAODSIM	WZTo1L3Nu_4f_TuneCP5_13TeV-amcatnloFXFX-pythia8	RunIISummer20UL16NanoAODv15-150X_mcRun2_asymptotic_v1-v1	NANOAODSIM	-	-	-	-	-
/WZTo2Q2L_mllmin4p0_TuneCP5_13TeV-amcatnloFXFX-pythia8/RunIISummer20UL16NanoAODv15-150X_mcRun2_asymptotic_v1-v1/NANOAODSIM	WZTo2Q2L_mllmin4p0_TuneCP5_13TeV-amcatnloFXFX-pythia8	RunIISummer20UL16NanoAODv15-150X_mcRun2_asymptotic_v1-v1	NANOAODSIM	-	-	-	-	-
/WZTo2Q2Nu_4f_TuneCP5_13TeV-amcatnloFXFX-madspin-pythia8/RunIISummer20UL16NanoAODv15-150X_mcRun2_asymptotic_v1-v1/NANOAODSIM	WZTo2Q2Nu_4f_TuneCP5_13TeV-amcatnloFXFX-madspin-pythia8	RunIISummer20UL16NanoAODv15-150X_mcRun2_asymptotic_v1-v1	NANOAODSIM	-	-	-	-	-
/WZTo3LNu_mllmin0p1_TuneCP5_13TeV-powheg-pythia8/RunIISummer20UL16NanoAODv15-150X_mcRun2_asymptotic_v1-v1/NANOAODSIM	WZTo3LNu_mllmin0p1_TuneCP5_13TeV-powheg-pythia8	RunIISummer20UL16NanoAODv15-150X_mcRun2_asymptotic_v1-v1	NANOAODSIM	-	-	-	-	-
/WZTo3LNu_mllmin4p0_TuneCP5_13TeV-powheg-pythia8/RunIISummer20UL16NanoAODv15-150X_mcRun2_asymptotic_v1-v1/NANOAODSIM	WZTo3LNu_mllmin4p0_TuneCP5_13TeV-powheg-pythia8	RunIISummer20UL16NanoAODv15-150X_mcRun2_asymptotic_v1-v1	NANOAODSIM	-	-	-	-	-
/WZTo3LNu_TuneCP5_13TeV-amcatnloFXFX-pythia8/RunIISummer20UL16NanoAODv15-150X_mcRun2_asymptotic_v1-v1/NANOAODSIM	WZTo3LNu_TuneCP5_13TeV-amcatnloFXFX-pythia8	RunIISummer20UL16NanoAODv15-150X_mcRun2_asymptotic_v1-v1	NANOAODSIM	-	-	-	-	-
/WZTo4Q_4f_TuneCP5_13TeV-amcatnloFXFX-madspin-pythia8/RunIISummer20UL16NanoAODv15-150X_mcRun2_asymptotic_v1-v1/NANOAODSIM	WZTo4Q_4f_TuneCP5_13TeV-amcatnloFXFX-madspin-pythia8	RunIISummer20UL16NanoAODv15-150X_mcRun2_asymptotic_v1-v1	NANOAODSIM	-	-	-	-	-
/WZTo4Q_4f_TuneCP5_13TeV-amcatnloFXFX-madspin-pythia8/RunIISummer20UL16NanoAODv15-150X_mcRun2_asymptotic_v1-v2/NANOAODSIM	WZTo4Q_4f_TuneCP5_13TeV-amcatnloFXFX-madspin-pythia8	RunIISummer20UL16NanoAODv15-150X_mcRun2_asymptotic_v1-v2	NANOAODSIM	-	-	-	-	-
/WZTo4Q_4f_TuneCP5_13TeV-amcatnloFXFX-madspin-pythia8/RunIISummer20UL16NanoAODv15-150X_mcRun2_asymptotic_v1-v3/NANOAODSIM	WZTo4Q_4f_TuneCP5_13TeV-amcatnloFXFX-madspin-pythia8	RunIISummer20UL16NanoAODv15-150X_mcRun2_asymptotic_v1-v3	NANOAODSIM	-	-	-	-	-
/WZZ_TuneCP5_13TeV-amcatnlo-pythia8/RunIISummer20UL16NanoAODv15-150X_mcRun2_asymptotic_v1_ext1-v1/NANOAODSIM	WZZ_TuneCP5_13TeV-amcatnlo-pythia8	RunIISummer20UL16NanoAODv15-150X_mcRun2_asymptotic_v1_ext1-v1	NANOAODSIM	-	-	-	-	-
/WZZ_TuneCP5_13TeV-amcatnlo-pythia8/RunIISummer20UL16NanoAODv15-150X_mcRun2_asymptotic_v1-v1/NANOAODSIM	WZZ_TuneCP5_13TeV-amcatnlo-pythia8	RunIISummer20UL16NanoAODv15-150X_mcRun2_asymptotic_v1-v1	NANOAODSIM	-	-	-	-	-
/Z1JetsToNuNu_M-50_LHEFilterPtZ-150To250_MatchEWPDG20_TuneCP5_13TeV-amcatnloFXFX-pythia8/RunIISummer20UL16NanoAODv15-150X_mcRun2_asymptotic_v1-v1/NANOAODSIM	Z1JetsToNuNu_M-50_LHEFilterPtZ-150To250_MatchEWPDG20_TuneCP5_13TeV-amcatnloFXFX-pythia8	RunIISummer20UL16NanoAODv15-150X_mcRun2_asymptotic_v1-v1	NANOAODSIM	-	-	-	-	-
/Z1JetsToNuNu_M-50_LHEFilterPtZ-250To400_MatchEWPDG20_TuneCP5_13TeV-amcatnloFXFX-pythia8/RunIISummer20UL16NanoAODv15-150X_mcRun2_asymptotic_v1-v1/NANOAODSIM	Z1JetsToNuNu_M-50_LHEFilterPtZ-250To400_MatchEWPDG20_TuneCP5_13TeV-amcatnloFXFX-pythia8	RunIISummer20UL16NanoAODv15-150X_mcRun2_asymptotic_v1-v1	NANOAODSIM	-	-	-	-	-
/Z1JetsToNuNu_M-50_LHEFilterPtZ-400ToInf_MatchEWPDG20_TuneCP5_13TeV-amcatnloFXFX-pythia8/RunIISummer20UL16NanoAODv15-150X_mcRun2_asymptotic_v1-v1/NANOAODSIM	Z1JetsToNuNu_M-50_LHEFilterPtZ-400ToInf_MatchEWPDG20_TuneCP5_13TeV-amcatnloFXFX-pythia8	RunIISummer20UL16NanoAODv15-150X_mcRun2_asymptotic_v1-v1	NANOAODSIM	-	-	-	-	-
/Z1JetsToNuNu_M-50_LHEFilterPtZ-50To150_MatchEWPDG20_TuneCP5_13TeV-amcatnloFXFX-pythia8/RunIISummer20UL16NanoAODv15-150X_mcRun2_asymptotic_v1-v1/NANOAODSIM	Z1JetsToNuNu_M-50_LHEFilterPtZ-50To150_MatchEWPDG20_TuneCP5_13TeV-amcatnloFXFX-pythia8	RunIISummer20UL16NanoAODv15-150X_mcRun2_asymptotic_v1-v1	NANOAODSIM	-	-	-	-	-
/Z2JetsToNuNu_M-50_LHEFilterPtZ-150To250_MatchEWPDG20_TuneCP5_13TeV-amcatnloFXFX-pythia8/RunIISummer20UL16NanoAODv15-150X_mcRun2_asymptotic_v1-v1/NANOAODSIM	Z2JetsToNuNu_M-50_LHEFilterPtZ-150To250_MatchEWPDG20_TuneCP5_13TeV-amcatnloFXFX-pythia8	RunIISummer20UL16NanoAODv15-150X_mcRun2_asymptotic_v1-v1	NANOAODSIM	-	-	-	-	-
/Z2JetsToNuNu_M-50_LHEFilterPtZ-250To400_MatchEWPDG20_TuneCP5_13TeV-amcatnloFXFX-pythia8/RunIISummer20UL16NanoAODv15-150X_mcRun2_asymptotic_v1-v1/NANOAODSIM	Z2JetsToNuNu_M-50_LHEFilterPtZ-250To400_MatchEWPDG20_TuneCP5_13TeV-amcatnloFXFX-pythia8	RunIISummer20UL16NanoAODv15-150X_mcRun2_asymptotic_v1-v1	NANOAODSIM	-	-	-	-	-
/Z2JetsToNuNu_M-50_LHEFilterPtZ-400ToInf_MatchEWPDG20_TuneCP5_13TeV-amcatnloFXFX-pythia8/RunIISummer20UL16NanoAODv15-150X_mcRun2_asymptotic_v1-v1/NANOAODSIM	Z2JetsToNuNu_M-50_LHEFilterPtZ-400ToInf_MatchEWPDG20_TuneCP5_13TeV-amcatnloFXFX-pythia8	RunIISummer20UL16NanoAODv15-150X_mcRun2_asymptotic_v1-v1	NANOAODSIM	-	-	-	-	-
/Z2JetsToNuNu_M-50_LHEFilterPtZ-50To150_MatchEWPDG20_TuneCP5_13TeV-amcatnloFXFX-pythia8/RunIISummer20UL16NanoAODv15-150X_mcRun2_asymptotic_v1-v1/NANOAODSIM	Z2JetsToNuNu_M-50_LHEFilterPtZ-50To150_MatchEWPDG20_TuneCP5_13TeV-amcatnloFXFX-pythia8	RunIISummer20UL16NanoAODv15-150X_mcRun2_asymptotic_v1-v1	NANOAODSIM	-	-	-	-	-
/ZGamma2JToGamma2L2J_EWK_MLL-50_MJJ-120_TuneCP5_13TeV-madgraph-pythia8/RunIISummer20UL16NanoAODv15-150X_mcRun2_asymptotic_v1-v1/NANOAODSIM	ZGamma2JToGamma2L2J_EWK_MLL-50_MJJ-120_TuneCP5_13TeV-madgraph-pythia8	RunIISummer20UL16NanoAODv15-150X_mcRun2_asymptotic_v1-v1	NANOAODSIM	-	-	-	-	-
/ZGammaToJJGamma_TuneCP5_13TeV-amcatnloFXFX-pythia8/RunIISummer20UL16NanoAODv15-150X_mcRun2_asymptotic_v1-v1/NANOAODSIM	ZGammaToJJGamma_TuneCP5_13TeV-amcatnloFXFX-pythia8	RunIISummer20UL16NanoAODv15-150X_mcRun2_asymptotic_v1-v1	NANOAODSIM	-	-	-	-	-
/ZGTo2NuG_TuneCP5_13TeV-amcatnloFXFX-pythia8/RunIISummer20UL16NanoAODv15-150X_mcRun2_asymptotic_v1-v1/NANOAODSIM	ZGTo2NuG_TuneCP5_13TeV-amcatnloFXFX-pythia8	RunIISummer20UL16NanoAODv15-150X_mcRun2_asymptotic_v1-v1	NANOAODSIM	-	-	-	-	-
/ZGToLLG_01J_5f_lowMLL_lowGPt_TuneCP5_13TeV-amcatnloFXFX-pythia8/RunIISummer20UL16NanoAODv15-150X_mcRun2_asymptotic_v1_ext1-v1/NANOAODSIM	ZGToLLG_01J_5f_lowMLL_lowGPt_TuneCP5_13TeV-amcatnloFXFX-pythia8	RunIISummer20UL16NanoAODv15-150X_mcRun2_asymptotic_v1_ext1-v1	NANOAODSIM	-	-	-	-	-
/ZGToLLG_01J_5f_lowMLL_lowGPt_TuneCP5_13TeV-amcatnloFXFX-pythia8/RunIISummer20UL16NanoAODv15-150X_mcRun2_asymptotic_v1-v1/NANOAODSIM	ZGToLLG_01J_5f_lowMLL_lowGPt_TuneCP5_13TeV-amcatnloFXFX-pythia8	RunIISummer20UL16NanoAODv15-150X_mcRun2_asymptotic_v1-v1	NANOAODSIM	-	-	-	-	-
/ZGToLLG_01J_5f_PtG-130_TuneCP5_13TeV_amcatnloFXFX-pythia8/RunIISummer20UL16NanoAODv15-150X_mcRun2_asymptotic_v1-v1/NANOAODSIM	ZGToLLG_01J_5f_PtG-130_TuneCP5_13TeV_amcatnloFXFX-pythia8	RunIISummer20UL16NanoAODv15-150X_mcRun2_asymptotic_v1-v1	NANOAODSIM	-	-	-	-	-
/ZGToLLG_01J_5f_TuneCP5_13TeV-amcatnloFXFX-pythia8/RunIISummer20UL16NanoAODv15-150X_mcRun2_asymptotic_v1-v1/NANOAODSIM	ZGToLLG_01J_5f_TuneCP5_13TeV-amcatnloFXFX-pythia8	RunIISummer20UL16NanoAODv15-150X_mcRun2_asymptotic_v1-v1	NANOAODSIM	-	-	-	-	-
/ZH_HToBB_ZToBB_M-125_TuneCP5_13TeV-powheg-pythia8/RunIISummer20UL16NanoAODv15-150X_mcRun2_asymptotic_v1-v1/NANOAODSIM	ZH_HToBB_ZToBB_M-125_TuneCP5_13TeV-powheg-pythia8	RunIISummer20UL16NanoAODv15-150X_mcRun2_asymptotic_v1-v1	NANOAODSIM	-	-	-	-	-
/ZH_HToBB_ZToLL_M-125_TuneCP5_13TeV-powheg-pythia8/RunIISummer20UL16NanoAODv15-150X_mcRun2_asymptotic_v1-v1/NANOAODSIM	ZH_HToBB_ZToLL_M-125_TuneCP5_13TeV-powheg-pythia8	RunIISummer20UL16NanoAODv15-150X_mcRun2_asymptotic_v1-v1	NANOAODSIM	-	-	-	-	-
/ZH_HToBB_ZToNuNu_M-125_TuneCP5_13TeV-powheg-pythia8/RunIISummer20UL16NanoAODv15-150X_mcRun2_asymptotic_v1-v1/NANOAODSIM	ZH_HToBB_ZToNuNu_M-125_TuneCP5_13TeV-powheg-pythia8	RunIISummer20UL16NanoAODv15-150X_mcRun2_asymptotic_v1-v1	NANOAODSIM	-	-	-	-	-
/ZH_HToBB_ZToQQ_M-125_TuneCP5_13TeV-powheg-pythia8/RunIISummer20UL16NanoAODv15-150X_mcRun2_asymptotic_v1-v1/NANOAODSIM	ZH_HToBB_ZToQQ_M-125_TuneCP5_13TeV-powheg-pythia8	RunIISummer20UL16NanoAODv15-150X_mcRun2_asymptotic_v1-v1	NANOAODSIM	-	-	-	-	-
/ZH_HToBB_ZToQQ_M125_TuneCP5_13TeV-powheg-pythia8/RunIISummer20UL16NanoAODv15-150X_mcRun2_asymptotic_v1-v1/NANOAODSIM	ZH_HToBB_ZToQQ_M125_TuneCP5_13TeV-powheg-pythia8	RunIISummer20UL16NanoAODv15-150X_mcRun2_asymptotic_v1-v1	NANOAODSIM	-	-	-	-	-
/ZH_HToCC_ZToLL_M-125_TuneCP5_13TeV-powheg-pythia8/RunIISummer20UL16NanoAODv15-150X_mcRun2_asymptotic_v1-v1/NANOAODSIM	ZH_HToCC_ZToLL_M-125_TuneCP5_13TeV-powheg-pythia8	RunIISummer20UL16NanoAODv15-150X_mcRun2_asymptotic_v1-v1	NANOAODSIM	-	-	-	-	-
/ZH_HToCC_ZToNuNu_M-125_TuneCP5_13TeV-powheg-pythia8/RunIISummer20UL16NanoAODv15-150X_mcRun2_asymptotic_v1-v1/NANOAODSIM	ZH_HToCC_ZToNuNu_M-125_TuneCP5_13TeV-powheg-pythia8	RunIISummer20UL16NanoAODv15-150X_mcRun2_asymptotic_v1-v1	NANOAODSIM	-	-	-	-	-
/ZHToMuMu_M125_CP5_13TeV-powheg-pythia8/RunIISummer20UL16NanoAODv15-150X_mcRun2_asymptotic_v1-v1/NANOAODSIM	ZHToMuMu_M125_CP5_13TeV-powheg-pythia8	RunIISummer20UL16NanoAODv15-150X_mcRun2_asymptotic_v1-v1	NANOAODSIM	-	-	-	-	-
/ZJetsToNuNu_HT-100To200_TuneCP5_13TeV-madgraphMLM-pythia8/RunIISummer20UL16NanoAODv15-150X_mcRun2_asymptotic_v1-v1/NANOAODSIM	ZJetsToNuNu_HT-100To200_TuneCP5_13TeV-madgraphMLM-pythia8	RunIISummer20UL16NanoAODv15-150X_mcRun2_asymptotic_v1-v1	NANOAODSIM	-	-	-	-	-
/ZJetsToNuNu_HT-1200To2500_TuneCP5_13TeV-madgraphMLM-pythia8/RunIISummer20UL16NanoAODv15-150X_mcRun2_asymptotic_v1-v1/NANOAODSIM	ZJetsToNuNu_HT-1200To2500_TuneCP5_13TeV-madgraphMLM-pythia8	RunIISummer20UL16NanoAODv15-150X_mcRun2_asymptotic_v1-v1	NANOAODSIM	-	-	-	-	-
/ZJetsToNuNu_HT-200To400_TuneCP5_13TeV-madgraphMLM-pythia8/RunIISummer20UL16NanoAODv15-150X_mcRun2_asymptotic_v1-v1/NANOAODSIM	ZJetsToNuNu_HT-200To400_TuneCP5_13TeV-madgraphMLM-pythia8	RunIISummer20UL16NanoAODv15-150X_mcRun2_asymptotic_v1-v1	NANOAODSIM	-	-	-	-	-
/ZJetsToNuNu_HT-2500ToInf_TuneCP5_13TeV-madgraphMLM-pythia8/RunIISummer20UL16NanoAODv15-150X_mcRun2_asymptotic_v1-v1/NANOAODSIM	ZJetsToNuNu_HT-2500ToInf_TuneCP5_13TeV-madgraphMLM-pythia8	RunIISummer20UL16NanoAODv15-150X_mcRun2_asymptotic_v1-v1	NANOAODSIM	-	-	-	-	-
/ZJetsToNuNu_HT-400To600_TuneCP5_13TeV-madgraphMLM-pythia8/RunIISummer20UL16NanoAODv15-150X_mcRun2_asymptotic_v1-v1/NANOAODSIM	ZJetsToNuNu_HT-400To600_TuneCP5_13TeV-madgraphMLM-pythia8	RunIISummer20UL16NanoAODv15-150X_mcRun2_asymptotic_v1-v1	NANOAODSIM	-	-	-	-	-
/ZJetsToNuNu_HT-400To600_TuneCP5_13TeV-madgraphMLM-pythia8/RunIISummer20UL16NanoAODv15-150X_mcRun2_asymptotic_v1-v2/NANOAODSIM	ZJetsToNuNu_HT-400To600_TuneCP5_13TeV-madgraphMLM-pythia8	RunIISummer20UL16NanoAODv15-150X_mcRun2_asymptotic_v1-v2	NANOAODSIM	-	-	-	-	-
/ZJetsToNuNu_HT-600To800_TuneCP5_13TeV-madgraphMLM-pythia8/RunIISummer20UL16NanoAODv15-150X_mcRun2_asymptotic_v1-v1/NANOAODSIM	ZJetsToNuNu_HT-600To800_TuneCP5_13TeV-madgraphMLM-pythia8	RunIISummer20UL16NanoAODv15-150X_mcRun2_asymptotic_v1-v1	NANOAODSIM	-	-	-	-	-
/ZJetsToNuNu_HT-600To800_TuneCP5_13TeV-madgraphMLM-pythia8/RunIISummer20UL16NanoAODv15-150X_mcRun2_asymptotic_v1-v2/NANOAODSIM	ZJetsToNuNu_HT-600To800_TuneCP5_13TeV-madgraphMLM-pythia8	RunIISummer20UL16NanoAODv15-150X_mcRun2_asymptotic_v1-v2	NANOAODSIM	-	-	-	-	-
/ZJetsToNuNu_HT-800To1200_TuneCP5_13TeV-madgraphMLM-pythia8/RunIISummer20UL16NanoAODv15-150X_mcRun2_asymptotic_v1-v1/NANOAODSIM	ZJetsToNuNu_HT-800To1200_TuneCP5_13TeV-madgraphMLM-pythia8	RunIISummer20UL16NanoAODv15-150X_mcRun2_asymptotic_v1-v1	NANOAODSIM	-	-	-	-	-
/ZJetsToQQ_HT-200to400_TuneCP5_13TeV-madgraphMLM-pythia8/RunIISummer20UL16NanoAODv15-150X_mcRun2_asymptotic_v1-v1/NANOAODSIM	ZJetsToQQ_HT-200to400_TuneCP5_13TeV-madgraphMLM-pythia8	RunIISummer20UL16NanoAODv15-150X_mcRun2_asymptotic_v1-v1	NANOAODSIM	-	-	-	-	-
/ZLLGJets_MonoPhoton_PtG-130_TuneCP5_13TeV-amcatnloFXFX-pythia8/RunIISummer20UL16NanoAODv15-150X_mcRun2_asymptotic_v1-v1/NANOAODSIM	ZLLGJets_MonoPhoton_PtG-130_TuneCP5_13TeV-amcatnloFXFX-pythia8	RunIISummer20UL16NanoAODv15-150X_mcRun2_asymptotic_v1-v1	NANOAODSIM	-	-	-	-	-
/ZLLGJets_MonoPhoton_PtG-15to130_TuneCP5_13TeV-amcatnloFXFX-pythia8/RunIISummer20UL16NanoAODv15-150X_mcRun2_asymptotic_v1-v1/NANOAODSIM	ZLLGJets_MonoPhoton_PtG-15to130_TuneCP5_13TeV-amcatnloFXFX-pythia8	RunIISummer20UL16NanoAODv15-150X_mcRun2_asymptotic_v1-v1	NANOAODSIM	-	-	-	-	-
/ZNuNuGJets_MonoPhoton_PtG-130_TuneCP5_13TeV-amcatnloFXFX-pythia8/RunIISummer20UL16NanoAODv15-150X_mcRun2_asymptotic_v1-v1/NANOAODSIM	ZNuNuGJets_MonoPhoton_PtG-130_TuneCP5_13TeV-amcatnloFXFX-pythia8	RunIISummer20UL16NanoAODv15-150X_mcRun2_asymptotic_v1-v1	NANOAODSIM	-	-	-	-	-
/ZNuNuGJets_MonoPhoton_PtG-40to130_TuneCP5_13TeV-amcatnloFXFX-pythia8/RunIISummer20UL16NanoAODv15-150X_mcRun2_asymptotic_v1-v1/NANOAODSIM	ZNuNuGJets_MonoPhoton_PtG-40to130_TuneCP5_13TeV-amcatnloFXFX-pythia8	RunIISummer20UL16NanoAODv15-150X_mcRun2_asymptotic_v1-v1	NANOAODSIM	-	-	-	-	-
/ZTo2LZTo2JGToG_TuneCP5_13TeV_amcatnloFXFX-pythia8/RunIISummer20UL16NanoAODv15-150X_mcRun2_asymptotic_v1-v1/NANOAODSIM	ZTo2LZTo2JGToG_TuneCP5_13TeV_amcatnloFXFX-pythia8	RunIISummer20UL16NanoAODv15-150X_mcRun2_asymptotic_v1-v1	NANOAODSIM	-	-	-	-	-
/Zto2Q-2Jets_PTQQ-100to200_1J_TuneCP5_13TeV_amcatnloFXFX-pythia8/RunIISummer20UL16NanoAODv15-150X_mcRun2_asymptotic_v1-v1/NANOAODSIM	Zto2Q-2Jets_PTQQ-100to200_1J_TuneCP5_13TeV_amcatnloFXFX-pythia8	RunIISummer20UL16NanoAODv15-150X_mcRun2_asymptotic_v1-v1	NANOAODSIM	-	-	-	-	-
/Zto2Q-2Jets_PTQQ-100to200_2J_TuneCP5_13TeV_amcatnloFXFX-pythia8/RunIISummer20UL16NanoAODv15-150X_mcRun2_asymptotic_v1-v1/NANOAODSIM	Zto2Q-2Jets_PTQQ-100to200_2J_TuneCP5_13TeV_amcatnloFXFX-pythia8	RunIISummer20UL16NanoAODv15-150X_mcRun2_asymptotic_v1-v1	NANOAODSIM	-	-	-	-	-
/Zto2Q-2Jets_PTQQ-200to400_1J_TuneCP5_13TeV_amcatnloFXFX-pythia8/RunIISummer20UL16NanoAODv15-150X_mcRun2_asymptotic_v1-v1/NANOAODSIM	Zto2Q-2Jets_PTQQ-200to400_1J_TuneCP5_13TeV_amcatnloFXFX-pythia8	RunIISummer20UL16NanoAODv15-150X_mcRun2_asymptotic_v1-v1	NANOAODSIM	-	-	-	-	-
/Zto2Q-2Jets_PTQQ-200to400_2J_TuneCP5_13TeV_amcatnloFXFX-pythia8/RunIISummer20UL16NanoAODv15-150X_mcRun2_asymptotic_v1-v1/NANOAODSIM	Zto2Q-2Jets_PTQQ-200to400_2J_TuneCP5_13TeV_amcatnloFXFX-pythia8	RunIISummer20UL16NanoAODv15-150X_mcRun2_asymptotic_v1-v1	NANOAODSIM	-	-	-	-	-
/Zto2Q-2Jets_PTQQ-400to600_1J_TuneCP5_13TeV_amcatnloFXFX-pythia8/RunIISummer20UL16NanoAODv15-150X_mcRun2_asymptotic_v1-v1/NANOAODSIM	Zto2Q-2Jets_PTQQ-400to600_1J_TuneCP5_13TeV_amcatnloFXFX-pythia8	RunIISummer20UL16NanoAODv15-150X_mcRun2_asymptotic_v1-v1	NANOAODSIM	-	-	-	-	-
/Zto2Q-2Jets_PTQQ-400to600_2J_TuneCP5_13TeV_amcatnloFXFX-pythia8/RunIISummer20UL16NanoAODv15-150X_mcRun2_asymptotic_v1-v1/NANOAODSIM	Zto2Q-2Jets_PTQQ-400to600_2J_TuneCP5_13TeV_amcatnloFXFX-pythia8	RunIISummer20UL16NanoAODv15-150X_mcRun2_asymptotic_v1-v1	NANOAODSIM	-	-	-	-	-
/Zto2Q-2Jets_PTQQ-600_1J_TuneCP5_13TeV_amcatnloFXFX-pythia8/RunIISummer20UL16NanoAODv15-150X_mcRun2_asymptotic_v1-v1/NANOAODSIM	Zto2Q-2Jets_PTQQ-600_1J_TuneCP5_13TeV_amcatnloFXFX-pythia8	RunIISummer20UL16NanoAODv15-150X_mcRun2_asymptotic_v1-v1	NANOAODSIM	-	-	-	-	-
/Zto2Q-2Jets_PTQQ-600_2J_TuneCP5_13TeV_amcatnloFXFX-pythia8/RunIISummer20UL16NanoAODv15-150X_mcRun2_asymptotic_v1-v1/NANOAODSIM	Zto2Q-2Jets_PTQQ-600_2J_TuneCP5_13TeV_amcatnloFXFX-pythia8	RunIISummer20UL16NanoAODv15-150X_mcRun2_asymptotic_v1-v1	NANOAODSIM	-	-	-	-	-
/ZZ2JetsTo2L2Nu_MJJ-100toInf_TuneCP5_EWKnotop_13TeV_madgraph-pythia8/RunIISummer20UL16NanoAODv15-150X_mcRun2_asymptotic_v1-v1/NANOAODSIM	ZZ2JetsTo2L2Nu_MJJ-100toInf_TuneCP5_EWKnotop_13TeV_madgraph-pythia8	RunIISummer20UL16NanoAODv15-150X_mcRun2_asymptotic_v1-v1	NANOAODSIM	-	-	-	-	-
/ZZGTo4L_TuneCP5_4f_NLO_13TeV-amcatnlo-pythia8/RunIISummer20UL16NanoAODv15-150X_mcRun2_asymptotic_v1-v1/NANOAODSIM	ZZGTo4L_TuneCP5_4f_NLO_13TeV-amcatnlo-pythia8	RunIISummer20UL16NanoAODv15-150X_mcRun2_asymptotic_v1-v1	NANOAODSIM	-	-	-	-	-
/ZZJJTo4L_EWKnotop_TuneCP5_13TeV-madgraph-pythia8/RunIISummer20UL16NanoAODv15-150X_mcRun2_asymptotic_v1-v1/NANOAODSIM	ZZJJTo4L_EWKnotop_TuneCP5_13TeV-madgraph-pythia8	RunIISummer20UL16NanoAODv15-150X_mcRun2_asymptotic_v1-v1	NANOAODSIM	-	-	-	-	-
/ZZTo2L2Nu_TuneCP5_13TeV_powheg_pythia8/RunIISummer20UL16NanoAODv15-150X_mcRun2_asymptotic_v1-v1/NANOAODSIM	ZZTo2L2Nu_TuneCP5_13TeV_powheg_pythia8	RunIISummer20UL16NanoAODv15-150X_mcRun2_asymptotic_v1-v1	NANOAODSIM	-	-	-	-	-
/ZZTo2Nu2Q_5f_TuneCP5_13TeV-amcatnloFXFX-pythia8/RunIISummer20UL16NanoAODv15-150X_mcRun2_asymptotic_v1-v1/NANOAODSIM	ZZTo2Nu2Q_5f_TuneCP5_13TeV-amcatnloFXFX-pythia8	RunIISummer20UL16NanoAODv15-150X_mcRun2_asymptotic_v1-v1	NANOAODSIM	-	-	-	-	-
/ZZTo2Q2L_mllmin4p0_TuneCP5_13TeV-amcatnloFXFX-pythia8/RunIISummer20UL16NanoAODv15-150X_mcRun2_asymptotic_v1-v1/NANOAODSIM	ZZTo2Q2L_mllmin4p0_TuneCP5_13TeV-amcatnloFXFX-pythia8	RunIISummer20UL16NanoAODv15-150X_mcRun2_asymptotic_v1-v1	NANOAODSIM	-	-	-	-	-
/ZZTo4L_M-1toInf_TuneCP5_13TeV_powheg_pythia8/RunIISummer20UL16NanoAODv15-150X_mcRun2_asymptotic_v1-v1/NANOAODSIM	ZZTo4L_M-1toInf_TuneCP5_13TeV_powheg_pythia8	RunIISummer20UL16NanoAODv15-150X_mcRun2_asymptotic_v1-v1	NANOAODSIM	-	-	-	-	-
/ZZTo4L_TuneCP5_13TeV_powheg_pythia8/RunIISummer20UL16NanoAODv15-150X_mcRun2_asymptotic_v1-v1/NANOAODSIM	ZZTo4L_TuneCP5_13TeV_powheg_pythia8	RunIISummer20UL16NanoAODv15-150X_mcRun2_asymptotic_v1-v1	NANOAODSIM	-	-	-	-	-
/ZZTo4L_TuneCP5_13TeV_powheg_pythia8/RunIISummer20UL16NanoAODv15-150X_mcRun2_asymptotic_v1-v2/NANOAODSIM	ZZTo4L_TuneCP5_13TeV_powheg_pythia8	RunIISummer20UL16NanoAODv15-150X_mcRun2_asymptotic_v1-v2	NANOAODSIM	-	-	-	-	-
/ZZTo4Q_5f_TuneCP5_13TeV-amcatnloFXFX-pythia8/RunIISummer20UL16NanoAODv15-150X_mcRun2_asymptotic_v1-v1/NANOAODSIM	ZZTo4Q_5f_TuneCP5_13TeV-amcatnloFXFX-pythia8	RunIISummer20UL16NanoAODv15-150X_mcRun2_asymptotic_v1-v1	NANOAODSIM	-	-	-	-	-
/ZZZ_TuneCP5_13TeV-amcatnlo-pythia8/RunIISummer20UL16NanoAODv15-150X_mcRun2_asymptotic_v1_ext1-v1/NANOAODSIM	ZZZ_TuneCP5_13TeV-amcatnlo-pythia8	RunIISummer20UL16NanoAODv15-150X_mcRun2_asymptotic_v1_ext1-v1	NANOAODSIM	-	-	-	-	-
/ZZZ_TuneCP5_13TeV-amcatnlo-pythia8/RunIISummer20UL16NanoAODv15-150X_mcRun2_asymptotic_v1-v1/NANOAODSIM	ZZZ_TuneCP5_13TeV-amcatnlo-pythia8	RunIISummer20UL16NanoAODv15-150X_mcRun2_asymptotic_v1-v1	NANOAODSIM	-	-	-	-	-
