### das_discover_run3.sh era=2024 nano=v15  2026-09-07T13:47:55Z
META|era=2024|nano=v15|mc_campaign=RunIII2024Summer24NanoAODv15|data_runera=Run2024|data_proc=MINIv6NANOv15|utc=2026-09-07T13:47:55Z

### MC  campaign=/RunIII2024Summer24NanoAODv15*/NANOAODSIM  -- flavour re-productions (JMENano/BTVNano/...) included; filter later
HIT|MC|signal_ttHH|had|/TTHH-HHto4B_TuneCP5_13p6TeV_madgraph-pythia8/RunIII2024Summer24NanoAODv15-150X_mcRun3_2024_realistic_v2-v3/NANOAODSIM
HIT|MC|signal_ttHH|had|/TTHH-TTto2L2Nu-HHto2B2Tau_TuneCP5_13p6TeV_madgraph-pythia8/RunIII2024Summer24NanoAODv15-150X_mcRun3_2024_realistic_v2-v2/NANOAODSIM
HIT|MC|signal_ttHH|had|/TTHH-TTto2L2Nu-HHto2B2W_TuneCP5_13p6TeV_madgraph-pythia8/RunIII2024Summer24NanoAODv15-150X_mcRun3_2024_realistic_v2-v2/NANOAODSIM
HIT|MC|signal_ttHH|had|/TTHH-TTto2L2Nu-HHto2B2Z_TuneCP5_13p6TeV_madgraph-pythia8/RunIII2024Summer24NanoAODv15-150X_mcRun3_2024_realistic_v2-v2/NANOAODSIM
HIT|MC|signal_ttHH|had|/TTHH-TTtoLNu2Q-HHto2B2Tau_TuneCP5_13p6TeV_madgraph-pythia8/RunIII2024Summer24NanoAODv15-150X_mcRun3_2024_realistic_v2-v2/NANOAODSIM
HIT|MC|signal_ttHH|had|/TTHH-TTtoLNu2Q-HHto2B2W_TuneCP5_13p6TeV_madgraph-pythia8/RunIII2024Summer24NanoAODv15-150X_mcRun3_2024_realistic_v2-v2/NANOAODSIM
HIT|MC|signal_ttHH|had|/TTHH-TTtoLNu2Q-HHto2B2Z_TuneCP5_13p6TeV_madgraph-pythia8/RunIII2024Summer24NanoAODv15-150X_mcRun3_2024_realistic_v2-v2/NANOAODSIM
HIT|MC|ttbar|had|/TTto4Q-2Jets_TuneCP5_13p6TeV_amcatnloFXFX-pythia8/RunIII2024Summer24NanoAODv15-150X_mcRun3_2024_realistic_v2_ext1-v2/NANOAODSIM
HIT|MC|ttbar|had|/TTto4Q-2Jets_TuneCP5_13p6TeV_amcatnloFXFX-pythia8/RunIII2024Summer24NanoAODv15-150X_mcRun3_2024_realistic_v2-v2/NANOAODSIM
HIT|MC|ttbar|had|/TTto4Q-3Jets_TuneCP5_13p6TeV_madgraphMLM-pythia8/RunIII2024Summer24NanoAODv15-150X_mcRun3_2024_realistic_v2-v2/NANOAODSIM
HIT|MC|ttbar|had|/TTto4Q-BBDPS_TuneCP5_13p6TeV_powheg-pythia8/RunIII2024Summer24NanoAODv15-150X_mcRun3_2024_realistic_v2-v2/NANOAODSIM
HIT|MC|ttbar|had|/TTto4Q_Par-ERD-On_TuneCP5_13p6TeV_powheg-pythia8/RunIII2024Summer24NanoAODv15-150X_mcRun3_2024_realistic_v2-v2/NANOAODSIM
HIT|MC|ttbar|had|/TTto4Q_Par-Hdamp-158_TuneCP5_13p6TeV_powheg-pythia8/RunIII2024Summer24NanoAODv15-150X_mcRun3_2024_realistic_v2-v2/NANOAODSIM
HIT|MC|ttbar|had|/TTto4Q_Par-Hdamp-418_TuneCP5_13p6TeV_powheg-pythia8/RunIII2024Summer24NanoAODv15-150X_mcRun3_2024_realistic_v2-v2/NANOAODSIM
HIT|MC|ttbar|had|/TTto4Q_Par-MT-166p5_TuneCP5_13p6TeV_powheg-pythia8/RunIII2024Summer24NanoAODv15-150X_mcRun3_2024_realistic_v2-v2/NANOAODSIM
HIT|MC|ttbar|had|/TTto4Q_Par-MT-169p5_TuneCP5_13p6TeV_powheg-pythia8/RunIII2024Summer24NanoAODv15-150X_mcRun3_2024_realistic_v2-v2/NANOAODSIM
HIT|MC|ttbar|had|/TTto4Q_Par-MT-171p5_TuneCP5_13p6TeV_powheg-pythia8/RunIII2024Summer24NanoAODv15-150X_mcRun3_2024_realistic_v2-v2/NANOAODSIM
HIT|MC|ttbar|had|/TTto4Q_Par-MT-173p5_TuneCP5_13p6TeV_powheg-pythia8/RunIII2024Summer24NanoAODv15-150X_mcRun3_2024_realistic_v2-v2/NANOAODSIM
HIT|MC|ttbar|had|/TTto4Q_Par-MT-175p5_TuneCP5_13p6TeV_powheg-pythia8/RunIII2024Summer24NanoAODv15-150X_mcRun3_2024_realistic_v2-v2/NANOAODSIM
HIT|MC|ttbar|had|/TTto4Q_Par-MT-178p5_TuneCP5_13p6TeV_powheg-pythia8/RunIII2024Summer24NanoAODv15-150X_mcRun3_2024_realistic_v2-v2/NANOAODSIM
HIT|MC|ttbar|had|/TTto4Q_TuneCP5_13p6TeV_powheg-pythia8/RunIII2024Summer24NanoAODv15-150X_mcRun3_2024_realistic_v2-v2/NANOAODSIM
HIT|MC|ttbar|had|/TTto4Q_TuneCP5_13p6TeV_powheg-pythia8/RunIII2024Summer24NanoAODv15-BTVNanoV15_150X_mcRun3_2024_realistic_v2-v1/NANOAODSIM
HIT|MC|ttbar|had|/TTto4Q_TuneCP5_13p6TeV_powheg-pythia8/RunIII2024Summer24NanoAODv15-FS_150X_mcRun3_2024_realistic_v2-v2/NANOAODSIM
HIT|MC|ttbar|had|/TTto4Q_TuneCP5_13p6TeV_powheg-pythia8/RunIII2024Summer24NanoAODv15-JMENanoV15_150X_mcRun3_2024_realistic_v2-v1/NANOAODSIM
HIT|MC|ttbar|had|/TTto4Q_TuneCP5CR1_13p6TeV_powheg-pythia8/RunIII2024Summer24NanoAODv15-150X_mcRun3_2024_realistic_v2-v2/NANOAODSIM
HIT|MC|ttbar|had|/TTto4Q_TuneCP5CR2_13p6TeV_powheg-pythia8/RunIII2024Summer24NanoAODv15-150X_mcRun3_2024_realistic_v2-v2/NANOAODSIM
HIT|MC|ttbar|had|/TTto4Q_TuneCP5Down_13p6TeV_powheg-pythia8/RunIII2024Summer24NanoAODv15-150X_mcRun3_2024_realistic_v2-v2/NANOAODSIM
HIT|MC|ttbar|had|/TTto4Q_TuneCP5Up_13p6TeV_powheg-pythia8/RunIII2024Summer24NanoAODv15-150X_mcRun3_2024_realistic_v2-v2/NANOAODSIM
HIT|MC|ttbar|had|/TTtoLNu2Q-BBDPS_TuneCP5_13p6TeV_powheg-pythia8/RunIII2024Summer24NanoAODv15-150X_mcRun3_2024_realistic_v2-v2/NANOAODSIM
HIT|MC|ttbar|had|/TTtoLNu2Q_Bin-Mtt-700to1000_TuneCP5_13p6TeV-powheg-pythia8/RunIII2024Summer24NanoAODv15-150X_mcRun3_2024_realistic_v2-v2/NANOAODSIM
HIT|MC|ttbar|had|/TTtoLNu2Q_Fil-HT-500-NJet-9_Par-Hdamp-158_TuneCP5_13p6TeV_powheg-pythia8/RunIII2024Summer24NanoAODv15-150X_mcRun3_2024_realistic_v2-v2/NANOAODSIM
HIT|MC|ttbar|had|/TTtoLNu2Q_Fil-HT-500-NJet-9_Par-Hdamp-418_TuneCP5_13p6TeV_powheg-pythia8/RunIII2024Summer24NanoAODv15-150X_mcRun3_2024_realistic_v2-v2/NANOAODSIM
HIT|MC|ttbar|had|/TTtoLNu2Q_Fil-HT-500-NJet-9_TuneCP5_13p6TeV_powheg-pythia8/RunIII2024Summer24NanoAODv15-150X_mcRun3_2024_realistic_v2-v2/NANOAODSIM
HIT|MC|ttbar|had|/TTtoLNu2Q_Fil-HT-500-NJet-9_TuneCP5Down_13p6TeV_powheg-pythia8/RunIII2024Summer24NanoAODv15-150X_mcRun3_2024_realistic_v2-v2/NANOAODSIM
HIT|MC|ttbar|had|/TTtoLNu2Q_Fil-HT-500-NJet-9_TuneCP5Up_13p6TeV_powheg-pythia8/RunIII2024Summer24NanoAODv15-150X_mcRun3_2024_realistic_v2-v2/NANOAODSIM
HIT|MC|ttbar|had|/TTtoLNu2Q-noSpinCorr_Bin-MTT-800_TuneCP5_13p6TeV_powheg-pythia8/RunIII2024Summer24NanoAODv15-150X_mcRun3_2024_realistic_v2-v2/NANOAODSIM
HIT|MC|ttbar|had|/TTtoLNu2Q_Par-ERD-On_TuneCP5_13p6TeV_powheg-pythia8/RunIII2024Summer24NanoAODv15-150X_mcRun3_2024_realistic_v2-v2/NANOAODSIM
HIT|MC|ttbar|had|/TTtoLNu2Q_Par-Hdamp-158_TuneCP5_13p6TeV_powheg-pythia8/RunIII2024Summer24NanoAODv15-150X_mcRun3_2024_realistic_v2-v2/NANOAODSIM
HIT|MC|ttbar|had|/TTtoLNu2Q_Par-Hdamp-158_TuneCP5_13p6TeV_powheg-pythia8/RunIII2024Summer24NanoAODv15-FSMiniv6_FSNanov15_150X_mcRun3_2024_realistic_v2-v2/NANOAODSIM
HIT|MC|ttbar|had|/TTtoLNu2Q_Par-Hdamp-418_TuneCP5_13p6TeV_powheg-pythia8/RunIII2024Summer24NanoAODv15-150X_mcRun3_2024_realistic_v2-v2/NANOAODSIM
HIT|MC|ttbar|had|/TTtoLNu2Q_Par-Hdamp-418_TuneCP5_13p6TeV_powheg-pythia8/RunIII2024Summer24NanoAODv15-FSMiniv6_FSNanov15_150X_mcRun3_2024_realistic_v2-v2/NANOAODSIM
HIT|MC|ttbar|had|/TTtoLNu2Q_Par-MT-166p5_TuneCP5_13p6TeV_powheg-pythia8/RunIII2024Summer24NanoAODv15-150X_mcRun3_2024_realistic_v2-v3/NANOAODSIM
HIT|MC|ttbar|had|/TTtoLNu2Q_Par-MT-169p5_TuneCP5_13p6TeV_powheg-pythia8/RunIII2024Summer24NanoAODv15-150X_mcRun3_2024_realistic_v2-v2/NANOAODSIM
HIT|MC|ttbar|had|/TTtoLNu2Q_Par-MT-171p5_TuneCP5_13p6TeV_powheg-pythia8/RunIII2024Summer24NanoAODv15-150X_mcRun3_2024_realistic_v2-v2/NANOAODSIM
HIT|MC|ttbar|had|/TTtoLNu2Q_Par-MT-173p5_TuneCP5_13p6TeV_powheg-pythia8/RunIII2024Summer24NanoAODv15-150X_mcRun3_2024_realistic_v2-v2/NANOAODSIM
HIT|MC|ttbar|had|/TTtoLNu2Q_Par-MT-175p5_TuneCP5_13p6TeV_powheg-pythia8/RunIII2024Summer24NanoAODv15-150X_mcRun3_2024_realistic_v2-v2/NANOAODSIM
HIT|MC|ttbar|had|/TTtoLNu2Q_Par-MT-178p5_TuneCP5_13p6TeV_powheg-pythia8/RunIII2024Summer24NanoAODv15-150X_mcRun3_2024_realistic_v2-v2/NANOAODSIM
HIT|MC|ttbar|had|/TTtoLNu2Q_TuneCP5_13p6TeV_powheg-pythia8/RunIII2024Summer24NanoAODv15-150X_mcRun3_2024_realistic_v2-v2/NANOAODSIM
HIT|MC|ttbar|had|/TTtoLNu2Q_TuneCP5_13p6TeV_powheg-pythia8/RunIII2024Summer24NanoAODv15-BTVNanoV15_150X_mcRun3_2024_realistic_v2-v1/NANOAODSIM
HIT|MC|ttbar|had|/TTtoLNu2Q_TuneCP5_13p6TeV_powheg-pythia8/RunIII2024Summer24NanoAODv15-FS_150X_mcRun3_2024_realistic_v2-v2/NANOAODSIM
HIT|MC|ttbar|had|/TTtoLNu2Q_TuneCP5_13p6TeV_powheg-pythia8/RunIII2024Summer24NanoAODv15-JMENanoV15_150X_mcRun3_2024_realistic_v2-v1/NANOAODSIM
HIT|MC|ttbar|had|/TTtoLNu2Q_TuneCP5CR1_13p6TeV_powheg-pythia8/RunIII2024Summer24NanoAODv15-150X_mcRun3_2024_realistic_v2-v2/NANOAODSIM
HIT|MC|ttbar|had|/TTtoLNu2Q_TuneCP5CR2_13p6TeV_powheg-pythia8/RunIII2024Summer24NanoAODv15-150X_mcRun3_2024_realistic_v2-v2/NANOAODSIM
HIT|MC|ttbar|had|/TTtoLNu2Q_TuneCP5Down_13p6TeV_powheg-pythia8/RunIII2024Summer24NanoAODv15-150X_mcRun3_2024_realistic_v2-v2/NANOAODSIM
HIT|MC|ttbar|had|/TTtoLNu2Q_TuneCP5Up_13p6TeV_powheg-pythia8/RunIII2024Summer24NanoAODv15-150X_mcRun3_2024_realistic_v2-v2/NANOAODSIM
HIT|MC|ttbar|had|/TTto2L2Nu-2Jets_TuneCP5_13p6TeV_amcatnloFXFX-pythia8/RunIII2024Summer24NanoAODv15-150X_mcRun3_2024_realistic_v2_ext1-v4/NANOAODSIM
HIT|MC|ttbar|had|/TTto2L2Nu-2Jets_TuneCP5_13p6TeV_amcatnloFXFX-pythia8/RunIII2024Summer24NanoAODv15-150X_mcRun3_2024_realistic_v2-v2/NANOAODSIM
HIT|MC|ttbar|had|/TTto2L2Nu-3Jets_Bin-genMET-150_TuneCP5_13p6TeV_madgraphMLM-pythia8/RunIII2024Summer24NanoAODv15-150X_mcRun3_2024_realistic_v2-v2/NANOAODSIM
HIT|MC|ttbar|had|/TTto2L2Nu-3Jets_TuneCP5_13p6TeV_madgraphMLM-pythia8/RunIII2024Summer24NanoAODv15-150X_mcRun3_2024_realistic_v2-v2/NANOAODSIM
HIT|MC|ttbar|had|/TTto2L2Nu-4Jets-1NLO3LO_TuneAHADIC_13p6TeV_sherpaMEPS/RunIII2024Summer24NanoAODv15-150X_mcRun3_2024_realistic_v2-v2/NANOAODSIM
HIT|MC|ttbar|had|/TTto2L2Nu-4Jets-1NLO3LO_TuneAHADIC_13p6TeV_sherpaMEPS/RunIII2024Summer24NanoAODv15-JMENanoV15_150X_mcRun3_2024_realistic_v2-v1/NANOAODSIM
HIT|MC|ttbar|had|/TTto2L2Nu-4Jets-1NLO3LO_TuneSherpaDef_13p6TeV_sherpaMEPS/RunIII2024Summer24NanoAODv15-150X_mcRun3_2024_realistic_v2-v2/NANOAODSIM
HIT|MC|ttbar|had|/TTto2L2Nu-4Jets-1NLO3LO_TuneSherpaDef_13p6TeV_sherpaMEPS/RunIII2024Summer24NanoAODv15-JMENanoV15_150X_mcRun3_2024_realistic_v2-v1/NANOAODSIM
HIT|MC|ttbar|had|/TTto2L2Nu-BBDPS_TuneCP5_13p6TeV_powheg-pythia8/RunIII2024Summer24NanoAODv15-150X_mcRun3_2024_realistic_v2-v2/NANOAODSIM
HIT|MC|ttbar|had|/TTto2L2Nu-noSpinCorr_Bin-MTT-800_TuneCP5_13p6TeV_powheg-pythia8/RunIII2024Summer24NanoAODv15-150X_mcRun3_2024_realistic_v2-v2/NANOAODSIM
HIT|MC|ttbar|had|/TTto2L2Nu_Par-ERD-On_TuneCP5_13p6TeV_powheg-pythia8/RunIII2024Summer24NanoAODv15-150X_mcRun3_2024_realistic_v2-v2/NANOAODSIM
HIT|MC|ttbar|had|/TTto2L2Nu_Par-Hdamp-158_TuneCP5_13p6TeV_powheg-pythia8/RunIII2024Summer24NanoAODv15-150X_mcRun3_2024_realistic_v2-v2/NANOAODSIM
HIT|MC|ttbar|had|/TTto2L2Nu_Par-Hdamp-158_TuneCP5_13p6TeV_powheg-pythia8/RunIII2024Summer24NanoAODv15-FSMiniv6_FSNanov15_150X_mcRun3_2024_realistic_v2-v2/NANOAODSIM
HIT|MC|ttbar|had|/TTto2L2Nu_Par-Hdamp-418_TuneCP5_13p6TeV_powheg-pythia8/RunIII2024Summer24NanoAODv15-150X_mcRun3_2024_realistic_v2-v2/NANOAODSIM
HIT|MC|ttbar|had|/TTto2L2Nu_Par-Hdamp-418_TuneCP5_13p6TeV_powheg-pythia8/RunIII2024Summer24NanoAODv15-FSMiniv6_FSNanov15_150X_mcRun3_2024_realistic_v2-v2/NANOAODSIM
HIT|MC|ttbar|had|/TTto2L2Nu_Par-MT-166p5_TuneCP5_13p6TeV_powheg-pythia8/RunIII2024Summer24NanoAODv15-150X_mcRun3_2024_realistic_v2-v2/NANOAODSIM
HIT|MC|ttbar|had|/TTto2L2Nu_Par-MT-169p5_TuneCP5_13p6TeV_powheg-pythia8/RunIII2024Summer24NanoAODv15-150X_mcRun3_2024_realistic_v2-v2/NANOAODSIM
HIT|MC|ttbar|had|/TTto2L2Nu_Par-MT-171p5_TuneCP5_13p6TeV_powheg-pythia8/RunIII2024Summer24NanoAODv15-150X_mcRun3_2024_realistic_v2-v2/NANOAODSIM
HIT|MC|ttbar|had|/TTto2L2Nu_Par-MT-173p5_TuneCP5_13p6TeV_powheg-pythia8/RunIII2024Summer24NanoAODv15-150X_mcRun3_2024_realistic_v2-v2/NANOAODSIM
HIT|MC|ttbar|had|/TTto2L2Nu_Par-MT-175p5_TuneCP5_13p6TeV_powheg-pythia8/RunIII2024Summer24NanoAODv15-150X_mcRun3_2024_realistic_v2-v2/NANOAODSIM
HIT|MC|ttbar|had|/TTto2L2Nu_Par-MT-178p5_TuneCP5_13p6TeV_powheg-pythia8/RunIII2024Summer24NanoAODv15-150X_mcRun3_2024_realistic_v2-v2/NANOAODSIM
HIT|MC|ttbar|had|/TTto2L2Nu_TuneCP5_13p6TeV_powheg-pythia8/RunIII2024Summer24NanoAODv15-150X_mcRun3_2024_realistic_v2-v3/NANOAODSIM
HIT|MC|ttbar|had|/TTto2L2Nu_TuneCP5_13p6TeV_powheg-pythia8/RunIII2024Summer24NanoAODv15-BTVNanoV15_150X_mcRun3_2024_realistic_v2-v1/NANOAODSIM
HIT|MC|ttbar|had|/TTto2L2Nu_TuneCP5_13p6TeV_powheg-pythia8/RunIII2024Summer24NanoAODv15-FS_150X_mcRun3_2024_realistic_v2-v2/NANOAODSIM
HIT|MC|ttbar|had|/TTto2L2Nu_TuneCP5_13p6TeV_powheg-pythia8/RunIII2024Summer24NanoAODv15-JMENanoV15_150X_mcRun3_2024_realistic_v2-v1/NANOAODSIM
HIT|MC|ttbar|had|/TTto2L2Nu_TuneCP5CR1_13p6TeV_powheg-pythia8/RunIII2024Summer24NanoAODv15-150X_mcRun3_2024_realistic_v2-v2/NANOAODSIM
HIT|MC|ttbar|had|/TTto2L2Nu_TuneCP5CR2_13p6TeV_powheg-pythia8/RunIII2024Summer24NanoAODv15-150X_mcRun3_2024_realistic_v2-v2/NANOAODSIM
HIT|MC|ttbar|had|/TTto2L2Nu_TuneCP5Down_13p6TeV_powheg-pythia8/RunIII2024Summer24NanoAODv15-150X_mcRun3_2024_realistic_v2-v2/NANOAODSIM
HIT|MC|ttbar|had|/TTto2L2Nu_TuneCP5Up_13p6TeV_powheg-pythia8/RunIII2024Summer24NanoAODv15-150X_mcRun3_2024_realistic_v2-v2/NANOAODSIM
NONE|MC|ttbb|/TTbb*/RunIII2024Summer24NanoAODv15*/NANOAODSIM
HIT|MC|ttbb|had|/TTBBto2L2Nu_TuneCP5_13p6TeV_powheg-pythia8/RunIII2024Summer24NanoAODv15-150X_mcRun3_2024_realistic_v2-v2/NANOAODSIM
HIT|MC|ttbb|had|/TTBBto4Q_TuneCP5_13p6TeV_powheg-pythia8/RunIII2024Summer24NanoAODv15-150X_mcRun3_2024_realistic_v2-v2/NANOAODSIM
HIT|MC|ttbb|had|/TTBBtoLNu2Q_TuneCP5_13p6TeV_powheg-pythia8/RunIII2024Summer24NanoAODv15-150X_mcRun3_2024_realistic_v2-v2/NANOAODSIM
HIT|MC|qcd_ht|had|/QCD-4Jets_Bin-HT-1000to1200_TuneCP5_13p6TeV_madgraphMLM-pythia8/RunIII2024Summer24NanoAODv15-150X_mcRun3_2024_realistic_v2-v2/NANOAODSIM
HIT|MC|qcd_ht|had|/QCD-4Jets_Bin-HT-1000to1200_TuneCP5_13p6TeV_madgraphMLM-pythia8/RunIII2024Summer24NanoAODv15-JMENanoV15_150X_mcRun3_2024_realistic_v2-v1/NANOAODSIM
HIT|MC|qcd_ht|had|/QCD-4Jets_Bin-HT-100to200_TuneCP5_13p6TeV_madgraphMLM-pythia8/RunIII2024Summer24NanoAODv15-150X_mcRun3_2024_realistic_v2-v2/NANOAODSIM
HIT|MC|qcd_ht|had|/QCD-4Jets_Bin-HT-100to200_TuneCP5_13p6TeV_madgraphMLM-pythia8/RunIII2024Summer24NanoAODv15-JMENanoV15_150X_mcRun3_2024_realistic_v2-v1/NANOAODSIM
HIT|MC|qcd_ht|had|/QCD-4Jets_Bin-HT-1200to1500_TuneCP5_13p6TeV_madgraphMLM-pythia8/RunIII2024Summer24NanoAODv15-150X_mcRun3_2024_realistic_v2-v2/NANOAODSIM
HIT|MC|qcd_ht|had|/QCD-4Jets_Bin-HT-1200to1500_TuneCP5_13p6TeV_madgraphMLM-pythia8/RunIII2024Summer24NanoAODv15-JMENanoV15_150X_mcRun3_2024_realistic_v2-v1/NANOAODSIM
HIT|MC|qcd_ht|had|/QCD-4Jets_Bin-HT-1500to2000_TuneCP5_13p6TeV_madgraphMLM-pythia8/RunIII2024Summer24NanoAODv15-150X_mcRun3_2024_realistic_v2-v2/NANOAODSIM
HIT|MC|qcd_ht|had|/QCD-4Jets_Bin-HT-1500to2000_TuneCP5_13p6TeV_madgraphMLM-pythia8/RunIII2024Summer24NanoAODv15-JMENanoV15_150X_mcRun3_2024_realistic_v2-v1/NANOAODSIM
HIT|MC|qcd_ht|had|/QCD-4Jets_Bin-HT-1500to2000_TuneCP5_13p6TeV_madgraphMLM-pythia8/RunIII2024Summer24NanoAODv15-NoPU_150X_mcRun3_2024_realistic_v2_ext1-v2/NANOAODSIM
HIT|MC|qcd_ht|had|/QCD-4Jets_Bin-HT-2000_TuneCP5_13p6TeV_madgraphMLM-pythia8/RunIII2024Summer24NanoAODv15-150X_mcRun3_2024_realistic_v2-v2/NANOAODSIM
HIT|MC|qcd_ht|had|/QCD-4Jets_Bin-HT-2000_TuneCP5_13p6TeV_madgraphMLM-pythia8/RunIII2024Summer24NanoAODv15-JMENanoV15_150X_mcRun3_2024_realistic_v2-v1/NANOAODSIM
HIT|MC|qcd_ht|had|/QCD-4Jets_Bin-HT-2000_TuneCP5_13p6TeV_madgraphMLM-pythia8/RunIII2024Summer24NanoAODv15-NoPU_150X_mcRun3_2024_realistic_v2_ext1-v2/NANOAODSIM
HIT|MC|qcd_ht|had|/QCD-4Jets_Bin-HT-200to400_TuneCP5_13p6TeV_madgraphMLM-pythia8/RunIII2024Summer24NanoAODv15-150X_mcRun3_2024_realistic_v2-v2/NANOAODSIM
HIT|MC|qcd_ht|had|/QCD-4Jets_Bin-HT-200to400_TuneCP5_13p6TeV_madgraphMLM-pythia8/RunIII2024Summer24NanoAODv15-JMENanoV15_150X_mcRun3_2024_realistic_v2-v1/NANOAODSIM
HIT|MC|qcd_ht|had|/QCD-4Jets_Bin-HT-400to600_TuneCP5_13p6TeV_madgraphMLM-pythia8/RunIII2024Summer24NanoAODv15-150X_mcRun3_2024_realistic_v2-v2/NANOAODSIM
HIT|MC|qcd_ht|had|/QCD-4Jets_Bin-HT-400to600_TuneCP5_13p6TeV_madgraphMLM-pythia8/RunIII2024Summer24NanoAODv15-JMENanoV15_150X_mcRun3_2024_realistic_v2-v1/NANOAODSIM
HIT|MC|qcd_ht|had|/QCD-4Jets_Bin-HT-40to70_TuneCP5_13p6TeV_madgraphMLM-pythia8/RunIII2024Summer24NanoAODv15-150X_mcRun3_2024_realistic_v2-v2/NANOAODSIM
HIT|MC|qcd_ht|had|/QCD-4Jets_Bin-HT-40to70_TuneCP5_13p6TeV_madgraphMLM-pythia8/RunIII2024Summer24NanoAODv15-JMENanoV15_150X_mcRun3_2024_realistic_v2-v1/NANOAODSIM
HIT|MC|qcd_ht|had|/QCD-4Jets_Bin-HT-600to800_TuneCP5_13p6TeV_madgraphMLM-pythia8/RunIII2024Summer24NanoAODv15-150X_mcRun3_2024_realistic_v2-v2/NANOAODSIM
HIT|MC|qcd_ht|had|/QCD-4Jets_Bin-HT-600to800_TuneCP5_13p6TeV_madgraphMLM-pythia8/RunIII2024Summer24NanoAODv15-JMENanoV15_150X_mcRun3_2024_realistic_v2-v1/NANOAODSIM
HIT|MC|qcd_ht|had|/QCD-4Jets_Bin-HT-70to100_TuneCP5_13p6TeV_madgraphMLM-pythia8/RunIII2024Summer24NanoAODv15-150X_mcRun3_2024_realistic_v2-v2/NANOAODSIM
HIT|MC|qcd_ht|had|/QCD-4Jets_Bin-HT-70to100_TuneCP5_13p6TeV_madgraphMLM-pythia8/RunIII2024Summer24NanoAODv15-JMENanoV15_150X_mcRun3_2024_realistic_v2-v1/NANOAODSIM
HIT|MC|qcd_ht|had|/QCD-4Jets_Bin-HT-800to1000_TuneCP5_13p6TeV_madgraphMLM-pythia8/RunIII2024Summer24NanoAODv15-150X_mcRun3_2024_realistic_v2-v2/NANOAODSIM
HIT|MC|qcd_ht|had|/QCD-4Jets_Bin-HT-800to1000_TuneCP5_13p6TeV_madgraphMLM-pythia8/RunIII2024Summer24NanoAODv15-JMENanoV15_150X_mcRun3_2024_realistic_v2-v1/NANOAODSIM
NONE|MC|qcd_ht|/QCD_HT*/RunIII2024Summer24NanoAODv15*/NANOAODSIM
NONE|MC|qcd_ht|/QCD_Bin-HT*/RunIII2024Summer24NanoAODv15*/NANOAODSIM
HIT|MC|qcd_pt|had|/QCD_PT-15to7000_TuneCP5_Flat2022_13p6TeV_pythia8/RunIII2024Summer24NanoAODv15-FastSim_150X_mcRun3_2024_realistic_v2-v2/NANOAODSIM
HIT|MC|qcd_pt|had|/QCD_PT-15to7000_TuneCP5_Flat2022_13p6TeV_pythia8/RunIII2024Summer24NanoAODv15-NoPU_pilot_FastSim_150X_mcRun3_2024_realistic_v2-v2/NANOAODSIM
HIT|MC|qcd_pt|had|/QCD_Bin-PT-1000_Fil-bcToE_TuneCP5_13p6TeV_pythia8/RunIII2024Summer24NanoAODv15-150X_mcRun3_2024_realistic_v2-v2/NANOAODSIM
HIT|MC|qcd_pt|had|/QCD_Bin-PT-1000_Fil-EMEnriched_TuneCP5_13p6TeV_pythia8/RunIII2024Summer24NanoAODv15-150X_mcRun3_2024_realistic_v2-v2/NANOAODSIM
HIT|MC|qcd_pt|had|/QCD_Bin-PT-1000_Fil-EMEnriched_TuneCP5_13p6TeV_pythia8/RunIII2024Summer24NanoAODv15-JMENanoV15_150X_mcRun3_2024_realistic_v2-v1/NANOAODSIM
HIT|MC|qcd_pt|had|/QCD_Bin-PT-1000_Fil-MuEnriched_TuneCP5_13p6TeV_pythia8/RunIII2024Summer24NanoAODv15-150X_mcRun3_2024_realistic_v2-v2/NANOAODSIM
HIT|MC|qcd_pt|had|/QCD_Bin-PT-1000_Fil-MuEnriched_TuneCP5_13p6TeV_pythia8/RunIII2024Summer24NanoAODv15-BTVNanoV15_150X_mcRun3_2024_realistic_v2-v1/NANOAODSIM
HIT|MC|qcd_pt|had|/QCD_Bin-PT-1000_Fil-MuEnriched_TuneCP5_13p6TeV_pythia8/RunIII2024Summer24NanoAODv15-JMENanoV15_150X_mcRun3_2024_realistic_v2-v1/NANOAODSIM
HIT|MC|qcd_pt|had|/QCD_Bin-PT-1000to1500_TuneCP5_13p6TeV_pythia8/RunIII2024Summer24NanoAODv15-150X_mcRun3_2024_realistic_v2-v2/NANOAODSIM
HIT|MC|qcd_pt|had|/QCD_Bin-PT-1000to1500_TuneCP5_13p6TeV_pythia8/RunIII2024Summer24NanoAODv15-BTVNanoV15_150X_mcRun3_2024_realistic_v2-v1/NANOAODSIM
HIT|MC|qcd_pt|had|/QCD_Bin-PT-1000to1500_TuneCP5_13p6TeV_pythia8/RunIII2024Summer24NanoAODv15-JMENanoV15_150X_mcRun3_2024_realistic_v2-v1/NANOAODSIM
HIT|MC|qcd_pt|had|/QCD_Bin-PT-10toInf_Par-PT-Flat_TuneSherpaLEP_13p6TeV_sherpa/RunIII2024Summer24NanoAODv15-150X_mcRun3_2024_realistic_v2-v2/NANOAODSIM
HIT|MC|qcd_pt|had|/QCD_Bin-PT-10toInf_Par-PT-Flat_TuneSherpaLEP_13p6TeV_sherpa/RunIII2024Summer24NanoAODv15-JMENanoV15_150X_mcRun3_2024_realistic_v2-v1/NANOAODSIM
HIT|MC|qcd_pt|had|/QCD_Bin-PT-120to170_Fil-bcToE_TuneCP5_13p6TeV_pythia8/RunIII2024Summer24NanoAODv15-150X_mcRun3_2024_realistic_v2-v2/NANOAODSIM
HIT|MC|qcd_pt|had|/QCD_Bin-PT-120to170_Fil-EMEnriched_TuneCP5_13p6TeV_pythia8/RunIII2024Summer24NanoAODv15-150X_mcRun3_2024_realistic_v2-v2/NANOAODSIM
HIT|MC|qcd_pt|had|/QCD_Bin-PT-120to170_Fil-EMEnriched_TuneCP5_13p6TeV_pythia8/RunIII2024Summer24NanoAODv15-JMENanoV15_150X_mcRun3_2024_realistic_v2-v1/NANOAODSIM
HIT|MC|qcd_pt|had|/QCD_Bin-PT-120to170_Fil-MuEnriched_TuneCP5_13p6TeV_pythia8/RunIII2024Summer24NanoAODv15-150X_mcRun3_2024_realistic_v2-v2/NANOAODSIM
HIT|MC|qcd_pt|had|/QCD_Bin-PT-120to170_Fil-MuEnriched_TuneCP5_13p6TeV_pythia8/RunIII2024Summer24NanoAODv15-BTVNanoV15_150X_mcRun3_2024_realistic_v2-v1/NANOAODSIM
HIT|MC|qcd_pt|had|/QCD_Bin-PT-120to170_Fil-MuEnriched_TuneCP5_13p6TeV_pythia8/RunIII2024Summer24NanoAODv15-JMENanoV15_150X_mcRun3_2024_realistic_v2-v1/NANOAODSIM
HIT|MC|qcd_pt|had|/QCD_Bin-PT-120to170_TuneCP5_13p6TeV_pythia8/RunIII2024Summer24NanoAODv15-150X_mcRun3_2024_realistic_v2-v2/NANOAODSIM
HIT|MC|qcd_pt|had|/QCD_Bin-PT-120to170_TuneCP5_13p6TeV_pythia8/RunIII2024Summer24NanoAODv15-BTVNanoV15_150X_mcRun3_2024_realistic_v2-v1/NANOAODSIM
HIT|MC|qcd_pt|had|/QCD_Bin-PT-120to170_TuneCP5_13p6TeV_pythia8/RunIII2024Summer24NanoAODv15-JMENanoV15_150X_mcRun3_2024_realistic_v2-v1/NANOAODSIM
HIT|MC|qcd_pt|had|/QCD_Bin-PT-1500to2000_TuneCP5_13p6TeV_pythia8/RunIII2024Summer24NanoAODv15-150X_mcRun3_2024_realistic_v2-v2/NANOAODSIM
HIT|MC|qcd_pt|had|/QCD_Bin-PT-1500to2000_TuneCP5_13p6TeV_pythia8/RunIII2024Summer24NanoAODv15-BTVNanoV15_150X_mcRun3_2024_realistic_v2-v1/NANOAODSIM
HIT|MC|qcd_pt|had|/QCD_Bin-PT-1500to2000_TuneCP5_13p6TeV_pythia8/RunIII2024Summer24NanoAODv15-JMENanoV15_150X_mcRun3_2024_realistic_v2-v1/NANOAODSIM
HIT|MC|qcd_pt|had|/QCD_Bin-PT-15to20_Fil-bcToE_TuneCP5_13p6TeV_pythia8/RunIII2024Summer24NanoAODv15-150X_mcRun3_2024_realistic_v2-v2/NANOAODSIM
HIT|MC|qcd_pt|had|/QCD_Bin-PT-15to20_Fil-EMEnriched_TuneCP5_13p6TeV_pythia8/RunIII2024Summer24NanoAODv15-150X_mcRun3_2024_realistic_v2-v2/NANOAODSIM
HIT|MC|qcd_pt|had|/QCD_Bin-PT-15to20_Fil-EMEnriched_TuneCP5_13p6TeV_pythia8/RunIII2024Summer24NanoAODv15-JMENanoV15_150X_mcRun3_2024_realistic_v2-v1/NANOAODSIM
HIT|MC|qcd_pt|had|/QCD_Bin-PT-15to20_Fil-MuEnriched_TuneCP5_13p6TeV_pythia8/RunIII2024Summer24NanoAODv15-150X_mcRun3_2024_realistic_v2-v2/NANOAODSIM
HIT|MC|qcd_pt|had|/QCD_Bin-PT-15to20_Fil-MuEnriched_TuneCP5_13p6TeV_pythia8/RunIII2024Summer24NanoAODv15-BTVNanoV15_150X_mcRun3_2024_realistic_v2-v1/NANOAODSIM
HIT|MC|qcd_pt|had|/QCD_Bin-PT-15to20_Fil-MuEnriched_TuneCP5_13p6TeV_pythia8/RunIII2024Summer24NanoAODv15-JMENanoV15_150X_mcRun3_2024_realistic_v2-v1/NANOAODSIM
HIT|MC|qcd_pt|had|/QCD_Bin-PT-15to20_TuneCP5_13p6TeV_pythia8/RunIII2024Summer24NanoAODv15-150X_mcRun3_2024_realistic_v2-v2/NANOAODSIM
HIT|MC|qcd_pt|had|/QCD_Bin-PT-15to20_TuneCP5_13p6TeV_pythia8/RunIII2024Summer24NanoAODv15-BTVNanoV15_150X_mcRun3_2024_realistic_v2-v1/NANOAODSIM
HIT|MC|qcd_pt|had|/QCD_Bin-PT-15to20_TuneCP5_13p6TeV_pythia8/RunIII2024Summer24NanoAODv15-JMENanoV15_150X_mcRun3_2024_realistic_v2-v1/NANOAODSIM
HIT|MC|qcd_pt|had|/QCD_Bin-PT-15to7000_Par-PT-flat2022_TuneCP5_13p6TeV_pythia8/RunIII2024Summer24NanoAODv15-150X_mcRun3_2024_realistic_v2-v3/NANOAODSIM
HIT|MC|qcd_pt|had|/QCD_Bin-PT-15to7000_Par-PT-flat2022_TuneCP5_13p6TeV_pythia8/RunIII2024Summer24NanoAODv15-BTVNanoV15_150X_mcRun3_2024_realistic_v2-v1/NANOAODSIM
HIT|MC|qcd_pt|had|/QCD_Bin-PT-15to7000_Par-PT-flat2022_TuneCP5_13p6TeV_pythia8/RunIII2024Summer24NanoAODv15-EpsilonPU_150X_mcRun3_2024_realistic_v2-v1/NANOAODSIM
HIT|MC|qcd_pt|had|/QCD_Bin-PT-15to7000_Par-PT-flat2022_TuneCP5_13p6TeV_pythia8/RunIII2024Summer24NanoAODv15-EpsilonPU_JMENanoV15_150X_mcRun3_2024_realistic_v2-v1/NANOAODSIM
HIT|MC|qcd_pt|had|/QCD_Bin-PT-15to7000_Par-PT-flat2022_TuneCP5_13p6TeV_pythia8/RunIII2024Summer24NanoAODv15-FlatPU0to120_150X_mcRun3_2024_realistic_v2-v2/NANOAODSIM
HIT|MC|qcd_pt|had|/QCD_Bin-PT-15to7000_Par-PT-flat2022_TuneCP5_13p6TeV_pythia8/RunIII2024Summer24NanoAODv15-FlatPU0to120_JMENanoV15_150X_mcRun3_2024_realistic_v2-v1/NANOAODSIM
HIT|MC|qcd_pt|had|/QCD_Bin-PT-15to7000_Par-PT-flat2022_TuneCP5_13p6TeV_pythia8/RunIII2024Summer24NanoAODv15-JMENanoV15_150X_mcRun3_2024_realistic_v2-v1/NANOAODSIM
HIT|MC|qcd_pt|had|/QCD_Bin-PT-15to7000_Par-PT-flat2022_TuneCP5_13p6TeV_pythia8/RunIII2024Summer24NanoAODv15-NoPU_150X_mcRun3_2024_realistic_v2_ext1-v2/NANOAODSIM
HIT|MC|qcd_pt|had|/QCD_Bin-PT-15to7000_Par-PT-flat2022_TuneCP5_13p6TeV_pythia8/RunIII2024Summer24NanoAODv15-NoPU_150X_mcRun3_2024_realistic_v2-v2/NANOAODSIM
HIT|MC|qcd_pt|had|/QCD_Bin-PT-15to7000_Par-PT-flat2022_TuneCP5_13p6TeV_pythia8/RunIII2024Summer24NanoAODv15-NoPU_JMENanoV15_150X_mcRun3_2024_realistic_v2-v1/NANOAODSIM
HIT|MC|qcd_pt|had|/QCD_Bin-PT-15to7000_Par-PT-Flat_TuneCH3_13p6TeV_herwig7/RunIII2024Summer24NanoAODv15-150X_mcRun3_2024_realistic_v2_ext2-v2/NANOAODSIM
HIT|MC|qcd_pt|had|/QCD_Bin-PT-15to7000_Par-PT-Flat_TuneCH3_13p6TeV_herwig7/RunIII2024Summer24NanoAODv15-150X_mcRun3_2024_realistic_v2-v2/NANOAODSIM
HIT|MC|qcd_pt|had|/QCD_Bin-PT-15to7000_Par-PT-Flat_TuneCH3_13p6TeV_herwig7/RunIII2024Summer24NanoAODv15-EpsilonPU_150X_mcRun3_2024_realistic_v2_ext2-v2/NANOAODSIM
HIT|MC|qcd_pt|had|/QCD_Bin-PT-15to7000_Par-PT-Flat_TuneCH3_13p6TeV_herwig7/RunIII2024Summer24NanoAODv15-JMENanoV15_150X_mcRun3_2024_realistic_v2-v1/NANOAODSIM
HIT|MC|qcd_pt|had|/QCD_Bin-PT-15to7000_Par-PT-Flat_TuneCH3_13p6TeV_herwig7/RunIII2024Summer24NanoAODv15-NoPU_150X_mcRun3_2024_realistic_v2_ext2-v2/NANOAODSIM
HIT|MC|qcd_pt|had|/QCD_Bin-PT-15to7000_Par-Spin-OFF_TuneCH3-Flat_13p6TeV_herwig7/RunIII2024Summer24NanoAODv15-150X_mcRun3_2024_realistic_v2-v2/NANOAODSIM
HIT|MC|qcd_pt|had|/QCD_Bin-PT-170to300_Fil-bcToE_TuneCP5_13p6TeV_pythia8/RunIII2024Summer24NanoAODv15-150X_mcRun3_2024_realistic_v2-v2/NANOAODSIM
HIT|MC|qcd_pt|had|/QCD_Bin-PT-170to300_Fil-EMEnriched_TuneCP5_13p6TeV_pythia8/RunIII2024Summer24NanoAODv15-150X_mcRun3_2024_realistic_v2-v2/NANOAODSIM
HIT|MC|qcd_pt|had|/QCD_Bin-PT-170to300_Fil-EMEnriched_TuneCP5_13p6TeV_pythia8/RunIII2024Summer24NanoAODv15-JMENanoV15_150X_mcRun3_2024_realistic_v2-v1/NANOAODSIM
HIT|MC|qcd_pt|had|/QCD_Bin-PT-170to300_Fil-MuEnriched_TuneCP5_13p6TeV_pythia8/RunIII2024Summer24NanoAODv15-150X_mcRun3_2024_realistic_v2-v2/NANOAODSIM
HIT|MC|qcd_pt|had|/QCD_Bin-PT-170to300_Fil-MuEnriched_TuneCP5_13p6TeV_pythia8/RunIII2024Summer24NanoAODv15-BTVNanoV15_150X_mcRun3_2024_realistic_v2-v1/NANOAODSIM
HIT|MC|qcd_pt|had|/QCD_Bin-PT-170to300_Fil-MuEnriched_TuneCP5_13p6TeV_pythia8/RunIII2024Summer24NanoAODv15-JMENanoV15_150X_mcRun3_2024_realistic_v2-v1/NANOAODSIM
HIT|MC|qcd_pt|had|/QCD_Bin-PT-170to300_TuneCP5_13p6TeV_pythia8/RunIII2024Summer24NanoAODv15-150X_mcRun3_2024_realistic_v2-v2/NANOAODSIM
HIT|MC|qcd_pt|had|/QCD_Bin-PT-170to300_TuneCP5_13p6TeV_pythia8/RunIII2024Summer24NanoAODv15-BTVNanoV15_150X_mcRun3_2024_realistic_v2-v1/NANOAODSIM
HIT|MC|qcd_pt|had|/QCD_Bin-PT-170to300_TuneCP5_13p6TeV_pythia8/RunIII2024Summer24NanoAODv15-JMENanoV15_150X_mcRun3_2024_realistic_v2-v1/NANOAODSIM
HIT|MC|qcd_pt|had|/QCD_Bin-PT-2000to2500_TuneCP5_13p6TeV_pythia8/RunIII2024Summer24NanoAODv15-150X_mcRun3_2024_realistic_v2-v2/NANOAODSIM
HIT|MC|qcd_pt|had|/QCD_Bin-PT-2000to2500_TuneCP5_13p6TeV_pythia8/RunIII2024Summer24NanoAODv15-BTVNanoV15_150X_mcRun3_2024_realistic_v2-v1/NANOAODSIM
HIT|MC|qcd_pt|had|/QCD_Bin-PT-2000to2500_TuneCP5_13p6TeV_pythia8/RunIII2024Summer24NanoAODv15-JMENanoV15_150X_mcRun3_2024_realistic_v2-v1/NANOAODSIM
HIT|MC|qcd_pt|had|/QCD_Bin-PT-20to30_Fil-bcToE_TuneCP5_13p6TeV_pythia8/RunIII2024Summer24NanoAODv15-150X_mcRun3_2024_realistic_v2-v2/NANOAODSIM
HIT|MC|qcd_pt|had|/QCD_Bin-PT-20to30_Fil-EMEnriched_TuneCP5_13p6TeV_pythia8/RunIII2024Summer24NanoAODv15-150X_mcRun3_2024_realistic_v2-v2/NANOAODSIM
HIT|MC|qcd_pt|had|/QCD_Bin-PT-20to30_Fil-EMEnriched_TuneCP5_13p6TeV_pythia8/RunIII2024Summer24NanoAODv15-JMENanoV15_150X_mcRun3_2024_realistic_v2-v1/NANOAODSIM
HIT|MC|qcd_pt|had|/QCD_Bin-PT-20to30_Fil-MuEnriched_TuneCP5_13p6TeV_pythia8/RunIII2024Summer24NanoAODv15-150X_mcRun3_2024_realistic_v2-v2/NANOAODSIM
HIT|MC|qcd_pt|had|/QCD_Bin-PT-20to30_Fil-MuEnriched_TuneCP5_13p6TeV_pythia8/RunIII2024Summer24NanoAODv15-BTVNanoV15_150X_mcRun3_2024_realistic_v2-v1/NANOAODSIM
HIT|MC|qcd_pt|had|/QCD_Bin-PT-20to30_Fil-MuEnriched_TuneCP5_13p6TeV_pythia8/RunIII2024Summer24NanoAODv15-JMENanoV15_150X_mcRun3_2024_realistic_v2-v1/NANOAODSIM
HIT|MC|qcd_pt|had|/QCD_Bin-PT-20to30_TuneCP5_13p6TeV_pythia8/RunIII2024Summer24NanoAODv15-150X_mcRun3_2024_realistic_v2-v2/NANOAODSIM
HIT|MC|qcd_pt|had|/QCD_Bin-PT-20to30_TuneCP5_13p6TeV_pythia8/RunIII2024Summer24NanoAODv15-BTVNanoV15_150X_mcRun3_2024_realistic_v2-v1/NANOAODSIM
HIT|MC|qcd_pt|had|/QCD_Bin-PT-20to30_TuneCP5_13p6TeV_pythia8/RunIII2024Summer24NanoAODv15-JMENanoV15_150X_mcRun3_2024_realistic_v2-v1/NANOAODSIM
HIT|MC|qcd_pt|had|/QCD_Bin-PT-2500to3000_TuneCP5_13p6TeV_pythia8/RunIII2024Summer24NanoAODv15-150X_mcRun3_2024_realistic_v2-v2/NANOAODSIM
HIT|MC|qcd_pt|had|/QCD_Bin-PT-2500to3000_TuneCP5_13p6TeV_pythia8/RunIII2024Summer24NanoAODv15-BTVNanoV15_150X_mcRun3_2024_realistic_v2-v1/NANOAODSIM
HIT|MC|qcd_pt|had|/QCD_Bin-PT-2500to3000_TuneCP5_13p6TeV_pythia8/RunIII2024Summer24NanoAODv15-JMENanoV15_150X_mcRun3_2024_realistic_v2-v1/NANOAODSIM
HIT|MC|qcd_pt|had|/QCD_Bin-PT-3000_TuneCP5_13p6TeV_pythia8/RunIII2024Summer24NanoAODv15-150X_mcRun3_2024_realistic_v2-v2/NANOAODSIM
HIT|MC|qcd_pt|had|/QCD_Bin-PT-3000_TuneCP5_13p6TeV_pythia8/RunIII2024Summer24NanoAODv15-BTVNanoV15_150X_mcRun3_2024_realistic_v2-v1/NANOAODSIM
HIT|MC|qcd_pt|had|/QCD_Bin-PT-3000_TuneCP5_13p6TeV_pythia8/RunIII2024Summer24NanoAODv15-JMENanoV15_150X_mcRun3_2024_realistic_v2-v1/NANOAODSIM
HIT|MC|qcd_pt|had|/QCD_Bin-PT-300to470_Fil-bcToE_TuneCP5_13p6TeV_pythia8/RunIII2024Summer24NanoAODv15-150X_mcRun3_2024_realistic_v2-v2/NANOAODSIM
HIT|MC|qcd_pt|had|/QCD_Bin-PT-300to470_Fil-EMEnriched_TuneCP5_13p6TeV_pythia8/RunIII2024Summer24NanoAODv15-150X_mcRun3_2024_realistic_v2-v2/NANOAODSIM
HIT|MC|qcd_pt|had|/QCD_Bin-PT-300to470_Fil-EMEnriched_TuneCP5_13p6TeV_pythia8/RunIII2024Summer24NanoAODv15-JMENanoV15_150X_mcRun3_2024_realistic_v2-v1/NANOAODSIM
HIT|MC|qcd_pt|had|/QCD_Bin-PT-300to470_Fil-MuEnriched_TuneCP5_13p6TeV_pythia8/RunIII2024Summer24NanoAODv15-150X_mcRun3_2024_realistic_v2-v2/NANOAODSIM
HIT|MC|qcd_pt|had|/QCD_Bin-PT-300to470_Fil-MuEnriched_TuneCP5_13p6TeV_pythia8/RunIII2024Summer24NanoAODv15-BTVNanoV15_150X_mcRun3_2024_realistic_v2-v1/NANOAODSIM
HIT|MC|qcd_pt|had|/QCD_Bin-PT-300to470_Fil-MuEnriched_TuneCP5_13p6TeV_pythia8/RunIII2024Summer24NanoAODv15-JMENanoV15_150X_mcRun3_2024_realistic_v2-v1/NANOAODSIM
HIT|MC|qcd_pt|had|/QCD_Bin-PT-300to470_TuneCP5_13p6TeV_pythia8/RunIII2024Summer24NanoAODv15-150X_mcRun3_2024_realistic_v2-v2/NANOAODSIM
HIT|MC|qcd_pt|had|/QCD_Bin-PT-300to470_TuneCP5_13p6TeV_pythia8/RunIII2024Summer24NanoAODv15-BTVNanoV15_150X_mcRun3_2024_realistic_v2-v1/NANOAODSIM
HIT|MC|qcd_pt|had|/QCD_Bin-PT-300to470_TuneCP5_13p6TeV_pythia8/RunIII2024Summer24NanoAODv15-JMENanoV15_150X_mcRun3_2024_realistic_v2-v1/NANOAODSIM
HIT|MC|qcd_pt|had|/QCD_Bin-PT-30to50_Fil-bcToE_TuneCP5_13p6TeV_pythia8/RunIII2024Summer24NanoAODv15-150X_mcRun3_2024_realistic_v2-v2/NANOAODSIM
HIT|MC|qcd_pt|had|/QCD_Bin-PT-30to50_Fil-EMEnriched_TuneCP5_13p6TeV_pythia8/RunIII2024Summer24NanoAODv15-150X_mcRun3_2024_realistic_v2-v2/NANOAODSIM
HIT|MC|qcd_pt|had|/QCD_Bin-PT-30to50_Fil-EMEnriched_TuneCP5_13p6TeV_pythia8/RunIII2024Summer24NanoAODv15-JMENanoV15_150X_mcRun3_2024_realistic_v2-v1/NANOAODSIM
HIT|MC|qcd_pt|had|/QCD_Bin-PT-30to50_Fil-MuEnriched_TuneCP5_13p6TeV_pythia8/RunIII2024Summer24NanoAODv15-150X_mcRun3_2024_realistic_v2-v2/NANOAODSIM
HIT|MC|qcd_pt|had|/QCD_Bin-PT-30to50_Fil-MuEnriched_TuneCP5_13p6TeV_pythia8/RunIII2024Summer24NanoAODv15-BTVNanoV15_150X_mcRun3_2024_realistic_v2-v1/NANOAODSIM
HIT|MC|qcd_pt|had|/QCD_Bin-PT-30to50_Fil-MuEnriched_TuneCP5_13p6TeV_pythia8/RunIII2024Summer24NanoAODv15-JMENanoV15_150X_mcRun3_2024_realistic_v2-v1/NANOAODSIM
HIT|MC|qcd_pt|had|/QCD_Bin-PT-30to50_TuneCP5_13p6TeV_pythia8/RunIII2024Summer24NanoAODv15-150X_mcRun3_2024_realistic_v2-v2/NANOAODSIM
HIT|MC|qcd_pt|had|/QCD_Bin-PT-30to50_TuneCP5_13p6TeV_pythia8/RunIII2024Summer24NanoAODv15-BTVNanoV15_150X_mcRun3_2024_realistic_v2-v1/NANOAODSIM
HIT|MC|qcd_pt|had|/QCD_Bin-PT-30to50_TuneCP5_13p6TeV_pythia8/RunIII2024Summer24NanoAODv15-JMENanoV15_150X_mcRun3_2024_realistic_v2-v1/NANOAODSIM
HIT|MC|qcd_pt|had|/QCD_Bin-PT-470to600_Fil-bcToE_TuneCP5_13p6TeV_pythia8/RunIII2024Summer24NanoAODv15-150X_mcRun3_2024_realistic_v2-v2/NANOAODSIM
HIT|MC|qcd_pt|had|/QCD_Bin-PT-470to600_Fil-EMEnriched_TuneCP5_13p6TeV_pythia8/RunIII2024Summer24NanoAODv15-150X_mcRun3_2024_realistic_v2-v2/NANOAODSIM
HIT|MC|qcd_pt|had|/QCD_Bin-PT-470to600_Fil-EMEnriched_TuneCP5_13p6TeV_pythia8/RunIII2024Summer24NanoAODv15-JMENanoV15_150X_mcRun3_2024_realistic_v2-v1/NANOAODSIM
HIT|MC|qcd_pt|had|/QCD_Bin-PT-470to600_Fil-MuEnriched_TuneCP5_13p6TeV_pythia8/RunIII2024Summer24NanoAODv15-150X_mcRun3_2024_realistic_v2-v2/NANOAODSIM
HIT|MC|qcd_pt|had|/QCD_Bin-PT-470to600_Fil-MuEnriched_TuneCP5_13p6TeV_pythia8/RunIII2024Summer24NanoAODv15-BTVNanoV15_150X_mcRun3_2024_realistic_v2-v1/NANOAODSIM
HIT|MC|qcd_pt|had|/QCD_Bin-PT-470to600_Fil-MuEnriched_TuneCP5_13p6TeV_pythia8/RunIII2024Summer24NanoAODv15-JMENanoV15_150X_mcRun3_2024_realistic_v2-v1/NANOAODSIM
HIT|MC|qcd_pt|had|/QCD_Bin-PT-470to600_TuneCP5_13p6TeV_pythia8/RunIII2024Summer24NanoAODv15-150X_mcRun3_2024_realistic_v2-v2/NANOAODSIM
HIT|MC|qcd_pt|had|/QCD_Bin-PT-470to600_TuneCP5_13p6TeV_pythia8/RunIII2024Summer24NanoAODv15-BTVNanoV15_150X_mcRun3_2024_realistic_v2-v1/NANOAODSIM
HIT|MC|qcd_pt|had|/QCD_Bin-PT-470to600_TuneCP5_13p6TeV_pythia8/RunIII2024Summer24NanoAODv15-JMENanoV15_150X_mcRun3_2024_realistic_v2-v1/NANOAODSIM
HIT|MC|qcd_pt|had|/QCD_Bin-PT-50to80_Fil-bcToE_TuneCP5_13p6TeV_pythia8/RunIII2024Summer24NanoAODv15-150X_mcRun3_2024_realistic_v2-v2/NANOAODSIM
HIT|MC|qcd_pt|had|/QCD_Bin-PT-50to80_Fil-EMEnriched_TuneCP5_13p6TeV_pythia8/RunIII2024Summer24NanoAODv15-150X_mcRun3_2024_realistic_v2-v2/NANOAODSIM
HIT|MC|qcd_pt|had|/QCD_Bin-PT-50to80_Fil-EMEnriched_TuneCP5_13p6TeV_pythia8/RunIII2024Summer24NanoAODv15-JMENanoV15_150X_mcRun3_2024_realistic_v2-v1/NANOAODSIM
HIT|MC|qcd_pt|had|/QCD_Bin-PT-50to80_Fil-MuEnriched_TuneCP5_13p6TeV_pythia8/RunIII2024Summer24NanoAODv15-150X_mcRun3_2024_realistic_v2-v2/NANOAODSIM
HIT|MC|qcd_pt|had|/QCD_Bin-PT-50to80_Fil-MuEnriched_TuneCP5_13p6TeV_pythia8/RunIII2024Summer24NanoAODv15-BTVNanoV15_150X_mcRun3_2024_realistic_v2-v1/NANOAODSIM
HIT|MC|qcd_pt|had|/QCD_Bin-PT-50to80_TuneCP5_13p6TeV_pythia8/RunIII2024Summer24NanoAODv15-150X_mcRun3_2024_realistic_v2-v2/NANOAODSIM
HIT|MC|qcd_pt|had|/QCD_Bin-PT-50to80_TuneCP5_13p6TeV_pythia8/RunIII2024Summer24NanoAODv15-BTVNanoV15_150X_mcRun3_2024_realistic_v2-v1/NANOAODSIM
HIT|MC|qcd_pt|had|/QCD_Bin-PT-50to80_TuneCP5_13p6TeV_pythia8/RunIII2024Summer24NanoAODv15-JMENanoV15_150X_mcRun3_2024_realistic_v2-v1/NANOAODSIM
HIT|MC|qcd_pt|had|/QCD_Bin-PT-600to800_Fil-bcToE_TuneCP5_13p6TeV_pythia8/RunIII2024Summer24NanoAODv15-150X_mcRun3_2024_realistic_v2-v2/NANOAODSIM
HIT|MC|qcd_pt|had|/QCD_Bin-PT-600to800_Fil-EMEnriched_TuneCP5_13p6TeV_pythia8/RunIII2024Summer24NanoAODv15-150X_mcRun3_2024_realistic_v2-v2/NANOAODSIM
HIT|MC|qcd_pt|had|/QCD_Bin-PT-600to800_Fil-EMEnriched_TuneCP5_13p6TeV_pythia8/RunIII2024Summer24NanoAODv15-JMENanoV15_150X_mcRun3_2024_realistic_v2-v1/NANOAODSIM
HIT|MC|qcd_pt|had|/QCD_Bin-PT-600to800_Fil-MuEnriched_TuneCP5_13p6TeV_pythia8/RunIII2024Summer24NanoAODv15-150X_mcRun3_2024_realistic_v2-v2/NANOAODSIM
HIT|MC|qcd_pt|had|/QCD_Bin-PT-600to800_Fil-MuEnriched_TuneCP5_13p6TeV_pythia8/RunIII2024Summer24NanoAODv15-BTVNanoV15_150X_mcRun3_2024_realistic_v2-v1/NANOAODSIM
HIT|MC|qcd_pt|had|/QCD_Bin-PT-600to800_Fil-MuEnriched_TuneCP5_13p6TeV_pythia8/RunIII2024Summer24NanoAODv15-JMENanoV15_150X_mcRun3_2024_realistic_v2-v1/NANOAODSIM
HIT|MC|qcd_pt|had|/QCD_Bin-PT-600to800_TuneCP5_13p6TeV_pythia8/RunIII2024Summer24NanoAODv15-150X_mcRun3_2024_realistic_v2-v2/NANOAODSIM
HIT|MC|qcd_pt|had|/QCD_Bin-PT-600to800_TuneCP5_13p6TeV_pythia8/RunIII2024Summer24NanoAODv15-BTVNanoV15_150X_mcRun3_2024_realistic_v2-v1/NANOAODSIM
HIT|MC|qcd_pt|had|/QCD_Bin-PT-600to800_TuneCP5_13p6TeV_pythia8/RunIII2024Summer24NanoAODv15-JMENanoV15_150X_mcRun3_2024_realistic_v2-v1/NANOAODSIM
HIT|MC|qcd_pt|had|/QCD_Bin-PT-800to1000_Fil-bcToE_TuneCP5_13p6TeV_pythia8/RunIII2024Summer24NanoAODv15-150X_mcRun3_2024_realistic_v2-v2/NANOAODSIM
HIT|MC|qcd_pt|had|/QCD_Bin-PT-800to1000_Fil-EMEnriched_TuneCP5_13p6TeV_pythia8/RunIII2024Summer24NanoAODv15-150X_mcRun3_2024_realistic_v2-v2/NANOAODSIM
HIT|MC|qcd_pt|had|/QCD_Bin-PT-800to1000_Fil-EMEnriched_TuneCP5_13p6TeV_pythia8/RunIII2024Summer24NanoAODv15-JMENanoV15_150X_mcRun3_2024_realistic_v2-v1/NANOAODSIM
HIT|MC|qcd_pt|had|/QCD_Bin-PT-800to1000_Fil-MuEnriched_TuneCP5_13p6TeV_pythia8/RunIII2024Summer24NanoAODv15-150X_mcRun3_2024_realistic_v2-v2/NANOAODSIM
HIT|MC|qcd_pt|had|/QCD_Bin-PT-800to1000_Fil-MuEnriched_TuneCP5_13p6TeV_pythia8/RunIII2024Summer24NanoAODv15-BTVNanoV15_150X_mcRun3_2024_realistic_v2-v1/NANOAODSIM
HIT|MC|qcd_pt|had|/QCD_Bin-PT-800to1000_Fil-MuEnriched_TuneCP5_13p6TeV_pythia8/RunIII2024Summer24NanoAODv15-JMENanoV15_150X_mcRun3_2024_realistic_v2-v1/NANOAODSIM
HIT|MC|qcd_pt|had|/QCD_Bin-PT-800to1000_TuneCP5_13p6TeV_pythia8/RunIII2024Summer24NanoAODv15-150X_mcRun3_2024_realistic_v2-v2/NANOAODSIM
HIT|MC|qcd_pt|had|/QCD_Bin-PT-800to1000_TuneCP5_13p6TeV_pythia8/RunIII2024Summer24NanoAODv15-BTVNanoV15_150X_mcRun3_2024_realistic_v2-v1/NANOAODSIM
HIT|MC|qcd_pt|had|/QCD_Bin-PT-800to1000_TuneCP5_13p6TeV_pythia8/RunIII2024Summer24NanoAODv15-JMENanoV15_150X_mcRun3_2024_realistic_v2-v1/NANOAODSIM
HIT|MC|qcd_pt|had|/QCD_Bin-PT-80to120_Fil-bcToE_TuneCP5_13p6TeV_pythia8/RunIII2024Summer24NanoAODv15-150X_mcRun3_2024_realistic_v2-v2/NANOAODSIM
HIT|MC|qcd_pt|had|/QCD_Bin-PT-80to120_Fil-EMEnriched_TuneCP5_13p6TeV_pythia8/RunIII2024Summer24NanoAODv15-150X_mcRun3_2024_realistic_v2-v2/NANOAODSIM
HIT|MC|qcd_pt|had|/QCD_Bin-PT-80to120_Fil-EMEnriched_TuneCP5_13p6TeV_pythia8/RunIII2024Summer24NanoAODv15-JMENanoV15_150X_mcRun3_2024_realistic_v2-v1/NANOAODSIM
HIT|MC|qcd_pt|had|/QCD_Bin-PT-80to120_Fil-MuEnriched_TuneCP5_13p6TeV_pythia8/RunIII2024Summer24NanoAODv15-150X_mcRun3_2024_realistic_v2-v2/NANOAODSIM
HIT|MC|qcd_pt|had|/QCD_Bin-PT-80to120_Fil-MuEnriched_TuneCP5_13p6TeV_pythia8/RunIII2024Summer24NanoAODv15-BTVNanoV15_150X_mcRun3_2024_realistic_v2-v1/NANOAODSIM
HIT|MC|qcd_pt|had|/QCD_Bin-PT-80to120_Fil-MuEnriched_TuneCP5_13p6TeV_pythia8/RunIII2024Summer24NanoAODv15-JMENanoV15_150X_mcRun3_2024_realistic_v2-v1/NANOAODSIM
HIT|MC|qcd_pt|had|/QCD_Bin-PT-80to120_TuneCP5_13p6TeV_pythia8/RunIII2024Summer24NanoAODv15-150X_mcRun3_2024_realistic_v2-v2/NANOAODSIM
HIT|MC|qcd_pt|had|/QCD_Bin-PT-80to120_TuneCP5_13p6TeV_pythia8/RunIII2024Summer24NanoAODv15-BTVNanoV15_150X_mcRun3_2024_realistic_v2-v1/NANOAODSIM
HIT|MC|qcd_pt|had|/QCD_Bin-PT-80to120_TuneCP5_13p6TeV_pythia8/RunIII2024Summer24NanoAODv15-JMENanoV15_150X_mcRun3_2024_realistic_v2-v1/NANOAODSIM
HIT|MC|ttH|had|/TTH-1J_TuneCP5_13p6TeV_madgraphMLM-pythia8/RunIII2024Summer24NanoAODv15-150X_mcRun3_2024_realistic_v2-v2/NANOAODSIM
HIT|MC|ttH|had|/TTH2to2Mu_Par-MH2-100_TuneCP5_13p6TeV_madgraph-pythia8/RunIII2024Summer24NanoAODv15-150X_mcRun3_2024_realistic_v2-v2/NANOAODSIM
HIT|MC|ttH|had|/TTH2to2Mu_Par-MH2-10_TuneCP5_13p6TeV_madgraph-pythia8/RunIII2024Summer24NanoAODv15-150X_mcRun3_2024_realistic_v2-v2/NANOAODSIM
HIT|MC|ttH|had|/TTH2to2Mu_Par-MH2-15_TuneCP5_13p6TeV_madgraph-pythia8/RunIII2024Summer24NanoAODv15-150X_mcRun3_2024_realistic_v2-v2/NANOAODSIM
HIT|MC|ttH|had|/TTH2to2Mu_Par-MH2-20_TuneCP5_13p6TeV_madgraph-pythia8/RunIII2024Summer24NanoAODv15-150X_mcRun3_2024_realistic_v2-v2/NANOAODSIM
HIT|MC|ttH|had|/TTH2to2Mu_Par-MH2-25_TuneCP5_13p6TeV_madgraph-pythia8/RunIII2024Summer24NanoAODv15-150X_mcRun3_2024_realistic_v2-v2/NANOAODSIM
HIT|MC|ttH|had|/TTH2to2Mu_Par-MH2-30_TuneCP5_13p6TeV_madgraph-pythia8/RunIII2024Summer24NanoAODv15-150X_mcRun3_2024_realistic_v2-v2/NANOAODSIM
HIT|MC|ttH|had|/TTH2to2Mu_Par-MH2-35_TuneCP5_13p6TeV_madgraph-pythia8/RunIII2024Summer24NanoAODv15-150X_mcRun3_2024_realistic_v2-v2/NANOAODSIM
HIT|MC|ttH|had|/TTH2to2Mu_Par-MH2-40_TuneCP5_13p6TeV_madgraph-pythia8/RunIII2024Summer24NanoAODv15-150X_mcRun3_2024_realistic_v2-v2/NANOAODSIM
HIT|MC|ttH|had|/TTH2to2Mu_Par-MH2-45_TuneCP5_13p6TeV_madgraph-pythia8/RunIII2024Summer24NanoAODv15-150X_mcRun3_2024_realistic_v2-v2/NANOAODSIM
HIT|MC|ttH|had|/TTH2to2Mu_Par-MH2-50_TuneCP5_13p6TeV_madgraph-pythia8/RunIII2024Summer24NanoAODv15-150X_mcRun3_2024_realistic_v2-v2/NANOAODSIM
HIT|MC|ttH|had|/TTH2to2Mu_Par-MH2-55_TuneCP5_13p6TeV_madgraph-pythia8/RunIII2024Summer24NanoAODv15-150X_mcRun3_2024_realistic_v2-v2/NANOAODSIM
HIT|MC|ttH|had|/TTH2to2Mu_Par-MH2-60_TuneCP5_13p6TeV_madgraph-pythia8/RunIII2024Summer24NanoAODv15-150X_mcRun3_2024_realistic_v2-v2/NANOAODSIM
HIT|MC|ttH|had|/TTH2to2Mu_Par-MH2-65_TuneCP5_13p6TeV_madgraph-pythia8/RunIII2024Summer24NanoAODv15-150X_mcRun3_2024_realistic_v2-v2/NANOAODSIM
HIT|MC|ttH|had|/TTH2to2Mu_Par-MH2-70_TuneCP5_13p6TeV_madgraph-pythia8/RunIII2024Summer24NanoAODv15-150X_mcRun3_2024_realistic_v2-v2/NANOAODSIM
HIT|MC|ttH|had|/TTH2to2Mu_Par-MH2-75_TuneCP5_13p6TeV_madgraph-pythia8/RunIII2024Summer24NanoAODv15-150X_mcRun3_2024_realistic_v2-v2/NANOAODSIM
HIT|MC|ttH|had|/TTH2to2Mu_Par-MH2-80_TuneCP5_13p6TeV_madgraph-pythia8/RunIII2024Summer24NanoAODv15-150X_mcRun3_2024_realistic_v2-v2/NANOAODSIM
HIT|MC|ttH|had|/TTH2to2Mu_Par-MH2-85_TuneCP5_13p6TeV_madgraph-pythia8/RunIII2024Summer24NanoAODv15-150X_mcRun3_2024_realistic_v2-v2/NANOAODSIM
HIT|MC|ttH|had|/TTH2to2Mu_Par-MH2-90_TuneCP5_13p6TeV_madgraph-pythia8/RunIII2024Summer24NanoAODv15-150X_mcRun3_2024_realistic_v2-v2/NANOAODSIM
HIT|MC|ttH|had|/TTH2to2Mu_Par-MH2-95_TuneCP5_13p6TeV_madgraph-pythia8/RunIII2024Summer24NanoAODv15-150X_mcRun3_2024_realistic_v2-v2/NANOAODSIM
HIT|MC|ttH|had|/TTH-4FS-ctcvcp_Par-M-125_TuneCP5_13p6TeV_madgraph-pythia8/RunIII2024Summer24NanoAODv15-150X_mcRun3_2024_realistic_v2-v4/NANOAODSIM
HIT|MC|ttH|had|/TTHH-HHto4B_TuneCP5_13p6TeV_madgraph-pythia8/RunIII2024Summer24NanoAODv15-150X_mcRun3_2024_realistic_v2-v3/NANOAODSIM
HIT|MC|ttH|had|/TTH-Hto2B_Par-M-125_TuneCP5_13p6TeV_powheg-pythia8/RunIII2024Summer24NanoAODv15-150X_mcRun3_2024_realistic_v2-v2/NANOAODSIM
HIT|MC|ttH|had|/TTH-Hto2B-TTto2L2Nu_Par-M-125_TuneCP5_13p6TeV_powheg-pythia8/RunIII2024Summer24NanoAODv15-150X_mcRun3_2024_realistic_v2-v2/NANOAODSIM
HIT|MC|ttH|had|/TTH-Hto2B-TTto4Q_Par-M-125_TuneCP5_13p6TeV_powheg-pythia8/RunIII2024Summer24NanoAODv15-150X_mcRun3_2024_realistic_v2-v2/NANOAODSIM
HIT|MC|ttH|had|/TTH-Hto2B-TTtoLNu2Q_Par-M-125_TuneCP5_13p6TeV_powheg-pythia8/RunIII2024Summer24NanoAODv15-150X_mcRun3_2024_realistic_v2-v2/NANOAODSIM
HIT|MC|ttH|had|/TTH-Hto2C_Par-M-125_TuneCP5_13p6TeV_powheg-pythia8/RunIII2024Summer24NanoAODv15-150X_mcRun3_2024_realistic_v2-v2/NANOAODSIM
HIT|MC|ttH|had|/TTH-Hto2G-CP-odd_Par-M-125_TuneCP5_13p6TeV_amcatnloFXFX-pythia8/RunIII2024Summer24NanoAODv15-150X_mcRun3_2024_realistic_v2-v2/NANOAODSIM
HIT|MC|ttH|had|/TTH-Hto2G_Par-M-100_TuneCP5_13p6TeV_amcatnloFXFX-madspin-pythia8/RunIII2024Summer24NanoAODv15-150X_mcRun3_2024_realistic_v2-v2/NANOAODSIM
HIT|MC|ttH|had|/TTH-Hto2G_Par-M-105_TuneCP5_13p6TeV_amcatnloFXFX-madspin-pythia8/RunIII2024Summer24NanoAODv15-150X_mcRun3_2024_realistic_v2-v3/NANOAODSIM
HIT|MC|ttH|had|/TTH-Hto2G_Par-M-110_TuneCP5_13p6TeV_amcatnloFXFX-madspin-pythia8/RunIII2024Summer24NanoAODv15-150X_mcRun3_2024_realistic_v2-v2/NANOAODSIM
HIT|MC|ttH|had|/TTH-Hto2G_Par-M-115_TuneCP5_13p6TeV_amcatnloFXFX-madspin-pythia8/RunIII2024Summer24NanoAODv15-150X_mcRun3_2024_realistic_v2-v2/NANOAODSIM
HIT|MC|ttH|had|/TTH-Hto2G_Par-M-120_TuneCP5_13p6TeV_amcatnloFXFX-pythia8/RunIII2024Summer24NanoAODv15-150X_mcRun3_2024_realistic_v2-v2/NANOAODSIM
HIT|MC|ttH|had|/TTH-Hto2G_Par-M-120_TuneCP5_13p6TeV_powheg-pythia8/RunIII2024Summer24NanoAODv15-150X_mcRun3_2024_realistic_v2-v2/NANOAODSIM
HIT|MC|ttH|had|/TTH-Hto2G_Par-M-125_TuneCP5_13p6TeV_amcatnloFXFX-madspin-pythia8/RunIII2024Summer24NanoAODv15-150X_mcRun3_2024_realistic_v2-v2/NANOAODSIM
HIT|MC|ttH|had|/TTH-Hto2G_Par-M-125_TuneCP5_13p6TeV_amcatnloFXFX-pythia8/RunIII2024Summer24NanoAODv15-150X_mcRun3_2024_realistic_v2-v2/NANOAODSIM
HIT|MC|ttH|had|/TTH-Hto2G_Par-M-125_TuneCP5_13p6TeV_powheg-pythia8/RunIII2024Summer24NanoAODv15-150X_mcRun3_2024_realistic_v2-v2/NANOAODSIM
HIT|MC|ttH|had|/TTH-Hto2G_Par-M-130_TuneCP5_13p6TeV_amcatnloFXFX-pythia8/RunIII2024Summer24NanoAODv15-150X_mcRun3_2024_realistic_v2-v2/NANOAODSIM
HIT|MC|ttH|had|/TTH-Hto2G_Par-M-130_TuneCP5_13p6TeV_powheg-pythia8/RunIII2024Summer24NanoAODv15-150X_mcRun3_2024_realistic_v2-v2/NANOAODSIM
HIT|MC|ttH|had|/TTH-Hto2G_Par-M-60_TuneCP5_13p6TeV_amcatnloFXFX-madspin-pythia8/RunIII2024Summer24NanoAODv15-150X_mcRun3_2024_realistic_v2-v2/NANOAODSIM
HIT|MC|ttH|had|/TTH-Hto2G_Par-M-65_TuneCP5_13p6TeV_amcatnloFXFX-madspin-pythia8/RunIII2024Summer24NanoAODv15-150X_mcRun3_2024_realistic_v2-v2/NANOAODSIM
HIT|MC|ttH|had|/TTH-Hto2G_Par-M-70_TuneCP5_13p6TeV_amcatnloFXFX-madspin-pythia8/RunIII2024Summer24NanoAODv15-150X_mcRun3_2024_realistic_v2-v2/NANOAODSIM
HIT|MC|ttH|had|/TTH-Hto2G_Par-M-75_TuneCP5_13p6TeV_amcatnloFXFX-madspin-pythia8/RunIII2024Summer24NanoAODv15-150X_mcRun3_2024_realistic_v2-v2/NANOAODSIM
HIT|MC|ttH|had|/TTH-Hto2G_Par-M-80_TuneCP5_13p6TeV_amcatnloFXFX-madspin-pythia8/RunIII2024Summer24NanoAODv15-150X_mcRun3_2024_realistic_v2-v2/NANOAODSIM
HIT|MC|ttH|had|/TTH-Hto2G_Par-M-85_TuneCP5_13p6TeV_amcatnloFXFX-madspin-pythia8/RunIII2024Summer24NanoAODv15-150X_mcRun3_2024_realistic_v2-v2/NANOAODSIM
HIT|MC|ttH|had|/TTH-Hto2G_Par-M-90_TuneCP5_13p6TeV_amcatnloFXFX-madspin-pythia8/RunIII2024Summer24NanoAODv15-150X_mcRun3_2024_realistic_v2-v2/NANOAODSIM
HIT|MC|ttH|had|/TTH-Hto2G_Par-M-95_TuneCP5_13p6TeV_amcatnloFXFX-madspin-pythia8/RunIII2024Summer24NanoAODv15-150X_mcRun3_2024_realistic_v2-v2/NANOAODSIM
HIT|MC|ttH|had|/TTH-Hto2Mu_Par-M-120_TuneCP5_13p6TeV_powheg-pythia8/RunIII2024Summer24NanoAODv15-150X_mcRun3_2024_realistic_v2_ext1-v2/NANOAODSIM
HIT|MC|ttH|had|/TTH-Hto2Mu_Par-M-120_TuneCP5_13p6TeV_powheg-pythia8/RunIII2024Summer24NanoAODv15-150X_mcRun3_2024_realistic_v2-v2/NANOAODSIM
HIT|MC|ttH|had|/TTH-Hto2Mu_Par-M-125_TuneCP5_13p6TeV_powheg-pythia8/RunIII2024Summer24NanoAODv15-150X_mcRun3_2024_realistic_v2_ext1-v2/NANOAODSIM
HIT|MC|ttH|had|/TTH-Hto2Mu_Par-M-125_TuneCP5_13p6TeV_powheg-pythia8/RunIII2024Summer24NanoAODv15-150X_mcRun3_2024_realistic_v2-v2/NANOAODSIM
HIT|MC|ttH|had|/TTH-Hto2Mu_Par-M-125_TuneCP5Down_13p6TeV_powheg-pythia8/RunIII2024Summer24NanoAODv15-150X_mcRun3_2024_realistic_v2_ext1-v2/NANOAODSIM
HIT|MC|ttH|had|/TTH-Hto2Mu_Par-M-125_TuneCP5Down_13p6TeV_powheg-pythia8/RunIII2024Summer24NanoAODv15-150X_mcRun3_2024_realistic_v2-v2/NANOAODSIM
HIT|MC|ttH|had|/TTH-Hto2Mu_Par-M-125_TuneCP5Up_13p6TeV_powheg-pythia8/RunIII2024Summer24NanoAODv15-150X_mcRun3_2024_realistic_v2_ext1-v2/NANOAODSIM
HIT|MC|ttH|had|/TTH-Hto2Mu_Par-M-125_TuneCP5Up_13p6TeV_powheg-pythia8/RunIII2024Summer24NanoAODv15-150X_mcRun3_2024_realistic_v2-v2/NANOAODSIM
HIT|MC|ttH|had|/TTH-Hto2Mu_Par-M-130_TuneCP5_13p6TeV_powheg-pythia8/RunIII2024Summer24NanoAODv15-150X_mcRun3_2024_realistic_v2_ext1-v2/NANOAODSIM
HIT|MC|ttH|had|/TTH-Hto2Mu_Par-M-130_TuneCP5_13p6TeV_powheg-pythia8/RunIII2024Summer24NanoAODv15-150X_mcRun3_2024_realistic_v2-v2/NANOAODSIM
HIT|MC|ttH|had|/TTH-Hto2Zto4L_Par-M-124p5_TuneCP5_13p6TeV_powheg-jhugen-pythia8/RunIII2024Summer24NanoAODv15-150X_mcRun3_2024_realistic_v2-v2/NANOAODSIM
HIT|MC|ttH|had|/TTH-Hto2Zto4L_Par-M-124_TuneCP5_13p6TeV_powheg-jhugen-pythia8/RunIII2024Summer24NanoAODv15-150X_mcRun3_2024_realistic_v2-v1/NANOAODSIM
HIT|MC|ttH|had|/TTH-Hto2Zto4L_Par-M-125p5_TuneCP5_13p6TeV_powheg-jhugen-pythia8/RunIII2024Summer24NanoAODv15-150X_mcRun3_2024_realistic_v2-v1/NANOAODSIM
HIT|MC|ttH|had|/TTH-Hto2Zto4L_Par-M-125_TuneCP5_13p6TeV_powheg-jhugen-pythia8/RunIII2024Summer24NanoAODv15-150X_mcRun3_2024_realistic_v2-v2/NANOAODSIM
HIT|MC|ttH|had|/TTH-Hto2Zto4L_Par-M-126_TuneCP5_13p6TeV_powheg-jhugen-pythia8/RunIII2024Summer24NanoAODv15-150X_mcRun3_2024_realistic_v2-v1/NANOAODSIM
HIT|MC|ttH|had|/TTH-Hto2Zto4Nu_Bin-PT-150_Par-M-125_TuneCP5_13p6TeV_powheg-pythia8/RunIII2024Summer24NanoAODv15-150X_mcRun3_2024_realistic_v2-v2/NANOAODSIM
HIT|MC|ttH|had|/TTH-HtoNon2B-1Jets_Par-M-125_TuneCP5_13p6TeV_amcatnloFXFX-madspin-pythia8/RunIII2024Summer24NanoAODv15-150X_mcRun3_2024_realistic_v2-v3/NANOAODSIM
HIT|MC|ttH|had|/TTH-HtoNon2B_Par-M-125_TuneCP5_13p6TeV_powheg-pythia8/RunIII2024Summer24NanoAODv15-150X_mcRun3_2024_realistic_v2-v2/NANOAODSIM
HIT|MC|ttH|had|/TTH-HtoZG_Par-M-125_TuneCP5_13p6TeV_powheg-pythia8/RunIII2024Summer24NanoAODv15-150X_mcRun3_2024_realistic_v2-v2/NANOAODSIM
HIT|MC|ttH|had|/TTH-HtoZGto2LG_Par-M-120_TuneCP5_13p6TeV_powheg-pythia8/RunIII2024Summer24NanoAODv15-150X_mcRun3_2024_realistic_v2_ext1-v2/NANOAODSIM
HIT|MC|ttH|had|/TTH-HtoZGto2LG_Par-M-120_TuneCP5_13p6TeV_powheg-pythia8/RunIII2024Summer24NanoAODv15-150X_mcRun3_2024_realistic_v2-v2/NANOAODSIM
HIT|MC|ttH|had|/TTH-HtoZGto2LG_Par-M-125_CP5TuneDown_13p6TeV_powheg-pythia8/RunIII2024Summer24NanoAODv15-150X_mcRun3_2024_realistic_v2-v2/NANOAODSIM
HIT|MC|ttH|had|/TTH-HtoZGto2LG_Par-M-125_CP5TuneUp_13p6TeV_powheg-pythia8/RunIII2024Summer24NanoAODv15-150X_mcRun3_2024_realistic_v2-v2/NANOAODSIM
HIT|MC|ttH|had|/TTH-HtoZGto2LG_Par-M-125_TuneCP5_13p6TeV_powheg-pythia8/RunIII2024Summer24NanoAODv15-150X_mcRun3_2024_realistic_v2_ext1-v2/NANOAODSIM
HIT|MC|ttH|had|/TTH-HtoZGto2LG_Par-M-125_TuneCP5_13p6TeV_powheg-pythia8/RunIII2024Summer24NanoAODv15-150X_mcRun3_2024_realistic_v2-v2/NANOAODSIM
HIT|MC|ttH|had|/TTH-HtoZGto2LG_Par-M-130_TuneCP5_13p6TeV_powheg-pythia8/RunIII2024Summer24NanoAODv15-150X_mcRun3_2024_realistic_v2_ext1-v2/NANOAODSIM
HIT|MC|ttH|had|/TTH-HtoZGto2LG_Par-M-130_TuneCP5_13p6TeV_powheg-pythia8/RunIII2024Summer24NanoAODv15-150X_mcRun3_2024_realistic_v2-v2/NANOAODSIM
HIT|MC|ttH|had|/TTHH-TTto2L2Nu-HHto2B2Tau_TuneCP5_13p6TeV_madgraph-pythia8/RunIII2024Summer24NanoAODv15-150X_mcRun3_2024_realistic_v2-v2/NANOAODSIM
HIT|MC|ttH|had|/TTHH-TTto2L2Nu-HHto2B2W_TuneCP5_13p6TeV_madgraph-pythia8/RunIII2024Summer24NanoAODv15-150X_mcRun3_2024_realistic_v2-v2/NANOAODSIM
HIT|MC|ttH|had|/TTHH-TTto2L2Nu-HHto2B2Z_TuneCP5_13p6TeV_madgraph-pythia8/RunIII2024Summer24NanoAODv15-150X_mcRun3_2024_realistic_v2-v2/NANOAODSIM
HIT|MC|ttH|had|/TTHH-TTtoLNu2Q-HHto2B2Tau_TuneCP5_13p6TeV_madgraph-pythia8/RunIII2024Summer24NanoAODv15-150X_mcRun3_2024_realistic_v2-v2/NANOAODSIM
HIT|MC|ttH|had|/TTHH-TTtoLNu2Q-HHto2B2W_TuneCP5_13p6TeV_madgraph-pythia8/RunIII2024Summer24NanoAODv15-150X_mcRun3_2024_realistic_v2-v2/NANOAODSIM
HIT|MC|ttH|had|/TTHH-TTtoLNu2Q-HHto2B2Z_TuneCP5_13p6TeV_madgraph-pythia8/RunIII2024Summer24NanoAODv15-150X_mcRun3_2024_realistic_v2-v2/NANOAODSIM
HIT|MC|ttH|had|/TTH-TTToAll-HToAATo4B_Par-M-12_TuneCP5_13p6TeV_madgraph-pythia8/RunIII2024Summer24NanoAODv15-150X_mcRun3_2024_realistic_v2-v2/NANOAODSIM
HIT|MC|ttH|had|/TTH-TTToAll-HToAATo4B_Par-M-15_TuneCP5_13p6TeV_madgraph-pythia8/RunIII2024Summer24NanoAODv15-150X_mcRun3_2024_realistic_v2-v2/NANOAODSIM
HIT|MC|ttH|had|/TTH-TTToAll-HToAATo4B_Par-M-20_TuneCP5_13p6TeV_madgraph-pythia8/RunIII2024Summer24NanoAODv15-150X_mcRun3_2024_realistic_v2-v2/NANOAODSIM
HIT|MC|ttH|had|/TTH-TTToAll-HToAATo4B_Par-M-25_TuneCP5_13p6TeV_madgraph-pythia8/RunIII2024Summer24NanoAODv15-150X_mcRun3_2024_realistic_v2-v2/NANOAODSIM
HIT|MC|ttH|had|/TTH-TTToAll-HToAATo4B_Par-M-30_TuneCP5_13p6TeV_madgraph-pythia8/RunIII2024Summer24NanoAODv15-150X_mcRun3_2024_realistic_v2-v2/NANOAODSIM
HIT|MC|ttH|had|/TTH-TTToAll-HToAATo4B_Par-M-35_TuneCP5_13p6TeV_madgraph-pythia8/RunIII2024Summer24NanoAODv15-150X_mcRun3_2024_realistic_v2-v2/NANOAODSIM
HIT|MC|ttH|had|/TTH-TTToAll-HToAATo4B_Par-M-40_TuneCP5_13p6TeV_madgraph-pythia8/RunIII2024Summer24NanoAODv15-150X_mcRun3_2024_realistic_v2-v2/NANOAODSIM
HIT|MC|ttH|had|/TTH-TTToAll-HToAATo4B_Par-M-45_TuneCP5_13p6TeV_madgraph-pythia8/RunIII2024Summer24NanoAODv15-150X_mcRun3_2024_realistic_v2-v2/NANOAODSIM
HIT|MC|ttH|had|/TTH-TTToAll-HToAATo4B_Par-M-50_TuneCP5_13p6TeV_madgraph-pythia8/RunIII2024Summer24NanoAODv15-150X_mcRun3_2024_realistic_v2-v2/NANOAODSIM
HIT|MC|ttH|had|/TTH-TTToAll-HToAATo4B_Par-M-55_TuneCP5_13p6TeV_madgraph-pythia8/RunIII2024Summer24NanoAODv15-150X_mcRun3_2024_realistic_v2-v2/NANOAODSIM
HIT|MC|ttH|had|/TTH-TTToAll-HToAATo4B_Par-M-60_TuneCP5_13p6TeV_madgraph-pythia8/RunIII2024Summer24NanoAODv15-150X_mcRun3_2024_realistic_v2-v2/NANOAODSIM
HIT|MC|ttH|had|/ttH-Hto2Sto4B_Par-ctauS-0p1-MH-125-MS-15_TuneCP5_13p6TeV_powheg-pythia8/RunIII2024Summer24NanoAODv15-150X_mcRun3_2024_realistic_v2-v2/NANOAODSIM
HIT|MC|ttH|had|/ttH-Hto2Sto4B_Par-ctauS-0p1-MH-125-MS-23_TuneCP5_13p6TeV_powheg-pythia8/RunIII2024Summer24NanoAODv15-150X_mcRun3_2024_realistic_v2-v2/NANOAODSIM
HIT|MC|ttH|had|/ttH-Hto2Sto4B_Par-ctauS-0p1-MH-125-MS-30_TuneCP5_13p6TeV_powheg-pythia8/RunIII2024Summer24NanoAODv15-150X_mcRun3_2024_realistic_v2-v2/NANOAODSIM
HIT|MC|ttH|had|/ttH-Hto2Sto4B_Par-ctauS-0p1-MH-125-MS-40_TuneCP5_13p6TeV_powheg-pythia8/RunIII2024Summer24NanoAODv15-150X_mcRun3_2024_realistic_v2-v2/NANOAODSIM
HIT|MC|ttH|had|/ttH-Hto2Sto4B_Par-ctauS-0p1-MH-125-MS-55_TuneCP5_13p6TeV_powheg-pythia8/RunIII2024Summer24NanoAODv15-150X_mcRun3_2024_realistic_v2-v2/NANOAODSIM
HIT|MC|ttH|had|/ttH-Hto2Sto4B_Par-ctauS-100000-MH-125-MS-15_TuneCP5_13p6TeV_powheg-pythia8/RunIII2024Summer24NanoAODv15-150X_mcRun3_2024_realistic_v2-v2/NANOAODSIM
HIT|MC|ttH|had|/ttH-Hto2Sto4B_Par-ctauS-100000-MH-125-MS-23_TuneCP5_13p6TeV_powheg-pythia8/RunIII2024Summer24NanoAODv15-150X_mcRun3_2024_realistic_v2-v2/NANOAODSIM
HIT|MC|ttH|had|/ttH-Hto2Sto4B_Par-ctauS-100000-MH-125-MS-30_TuneCP5_13p6TeV_powheg-pythia8/RunIII2024Summer24NanoAODv15-150X_mcRun3_2024_realistic_v2-v2/NANOAODSIM
HIT|MC|ttH|had|/ttH-Hto2Sto4B_Par-ctauS-100000-MH-125-MS-40_TuneCP5_13p6TeV_powheg-pythia8/RunIII2024Summer24NanoAODv15-150X_mcRun3_2024_realistic_v2-v2/NANOAODSIM
HIT|MC|ttH|had|/ttH-Hto2Sto4B_Par-ctauS-100000-MH-125-MS-55_TuneCP5_13p6TeV_powheg-pythia8/RunIII2024Summer24NanoAODv15-150X_mcRun3_2024_realistic_v2-v2/NANOAODSIM
HIT|MC|ttH|had|/ttH-Hto2Sto4B_Par-ctauS-10000-MH-125-MS-15_TuneCP5_13p6TeV_powheg-pythia8/RunIII2024Summer24NanoAODv15-150X_mcRun3_2024_realistic_v2-v2/NANOAODSIM
HIT|MC|ttH|had|/ttH-Hto2Sto4B_Par-ctauS-10000-MH-125-MS-23_TuneCP5_13p6TeV_powheg-pythia8/RunIII2024Summer24NanoAODv15-150X_mcRun3_2024_realistic_v2-v2/NANOAODSIM
HIT|MC|ttH|had|/ttH-Hto2Sto4B_Par-ctauS-10000-MH-125-MS-30_TuneCP5_13p6TeV_powheg-pythia8/RunIII2024Summer24NanoAODv15-150X_mcRun3_2024_realistic_v2-v2/NANOAODSIM
HIT|MC|ttH|had|/ttH-Hto2Sto4B_Par-ctauS-10000-MH-125-MS-40_TuneCP5_13p6TeV_powheg-pythia8/RunIII2024Summer24NanoAODv15-150X_mcRun3_2024_realistic_v2-v2/NANOAODSIM
HIT|MC|ttH|had|/ttH-Hto2Sto4B_Par-ctauS-10000-MH-125-MS-55_TuneCP5_13p6TeV_powheg-pythia8/RunIII2024Summer24NanoAODv15-150X_mcRun3_2024_realistic_v2-v2/NANOAODSIM
HIT|MC|ttH|had|/ttH-Hto2Sto4B_Par-ctauS-1000-MH-125-MS-15_TuneCP5_13p6TeV_powheg-pythia8/RunIII2024Summer24NanoAODv15-150X_mcRun3_2024_realistic_v2-v2/NANOAODSIM
HIT|MC|ttH|had|/ttH-Hto2Sto4B_Par-ctauS-1000-MH-125-MS-23_TuneCP5_13p6TeV_powheg-pythia8/RunIII2024Summer24NanoAODv15-150X_mcRun3_2024_realistic_v2-v2/NANOAODSIM
HIT|MC|ttH|had|/ttH-Hto2Sto4B_Par-ctauS-1000-MH-125-MS-30_TuneCP5_13p6TeV_powheg-pythia8/RunIII2024Summer24NanoAODv15-150X_mcRun3_2024_realistic_v2-v2/NANOAODSIM
HIT|MC|ttH|had|/ttH-Hto2Sto4B_Par-ctauS-1000-MH-125-MS-40_TuneCP5_13p6TeV_powheg-pythia8/RunIII2024Summer24NanoAODv15-150X_mcRun3_2024_realistic_v2-v2/NANOAODSIM
HIT|MC|ttH|had|/ttH-Hto2Sto4B_Par-ctauS-1000-MH-125-MS-55_TuneCP5_13p6TeV_powheg-pythia8/RunIII2024Summer24NanoAODv15-150X_mcRun3_2024_realistic_v2-v2/NANOAODSIM
HIT|MC|ttH|had|/ttH-Hto2Sto4B_Par-ctauS-100-MH-125-MS-15_TuneCP5_13p6TeV_powheg-pythia8/RunIII2024Summer24NanoAODv15-150X_mcRun3_2024_realistic_v2-v2/NANOAODSIM
HIT|MC|ttH|had|/ttH-Hto2Sto4B_Par-ctauS-100-MH-125-MS-23_TuneCP5_13p6TeV_powheg-pythia8/RunIII2024Summer24NanoAODv15-150X_mcRun3_2024_realistic_v2-v2/NANOAODSIM
HIT|MC|ttH|had|/ttH-Hto2Sto4B_Par-ctauS-100-MH-125-MS-30_TuneCP5_13p6TeV_powheg-pythia8/RunIII2024Summer24NanoAODv15-150X_mcRun3_2024_realistic_v2-v2/NANOAODSIM
HIT|MC|ttH|had|/ttH-Hto2Sto4B_Par-ctauS-100-MH-125-MS-40_TuneCP5_13p6TeV_powheg-pythia8/RunIII2024Summer24NanoAODv15-150X_mcRun3_2024_realistic_v2-v2/NANOAODSIM
HIT|MC|ttH|had|/ttH-Hto2Sto4B_Par-ctauS-100-MH-125-MS-55_TuneCP5_13p6TeV_powheg-pythia8/RunIII2024Summer24NanoAODv15-150X_mcRun3_2024_realistic_v2-v2/NANOAODSIM
HIT|MC|ttH|had|/ttH-Hto2Sto4B_Par-ctauS-10-MH-125-MS-15_TuneCP5_13p6TeV_powheg-pythia8/RunIII2024Summer24NanoAODv15-150X_mcRun3_2024_realistic_v2-v2/NANOAODSIM
HIT|MC|ttH|had|/ttH-Hto2Sto4B_Par-ctauS-10-MH-125-MS-23_TuneCP5_13p6TeV_powheg-pythia8/RunIII2024Summer24NanoAODv15-150X_mcRun3_2024_realistic_v2-v2/NANOAODSIM
HIT|MC|ttH|had|/ttH-Hto2Sto4B_Par-ctauS-10-MH-125-MS-30_TuneCP5_13p6TeV_powheg-pythia8/RunIII2024Summer24NanoAODv15-150X_mcRun3_2024_realistic_v2-v2/NANOAODSIM
HIT|MC|ttH|had|/ttH-Hto2Sto4B_Par-ctauS-10-MH-125-MS-40_TuneCP5_13p6TeV_powheg-pythia8/RunIII2024Summer24NanoAODv15-150X_mcRun3_2024_realistic_v2-v2/NANOAODSIM
HIT|MC|ttH|had|/ttH-Hto2Sto4B_Par-ctauS-10-MH-125-MS-55_TuneCP5_13p6TeV_powheg-pythia8/RunIII2024Summer24NanoAODv15-150X_mcRun3_2024_realistic_v2-v2/NANOAODSIM
HIT|MC|ttH|had|/ttH-Hto2Sto4B_Par-ctauS-1-MH-125-MS-15_TuneCP5_13p6TeV_powheg-pythia8/RunIII2024Summer24NanoAODv15-150X_mcRun3_2024_realistic_v2-v2/NANOAODSIM
HIT|MC|ttH|had|/ttH-Hto2Sto4B_Par-ctauS-1-MH-125-MS-23_TuneCP5_13p6TeV_powheg-pythia8/RunIII2024Summer24NanoAODv15-150X_mcRun3_2024_realistic_v2-v2/NANOAODSIM
HIT|MC|ttH|had|/ttH-Hto2Sto4B_Par-ctauS-1-MH-125-MS-30_TuneCP5_13p6TeV_powheg-pythia8/RunIII2024Summer24NanoAODv15-150X_mcRun3_2024_realistic_v2-v2/NANOAODSIM
HIT|MC|ttH|had|/ttH-Hto2Sto4B_Par-ctauS-1-MH-125-MS-40_TuneCP5_13p6TeV_powheg-pythia8/RunIII2024Summer24NanoAODv15-150X_mcRun3_2024_realistic_v2-v2/NANOAODSIM
HIT|MC|ttH|had|/ttH-Hto2Sto4B_Par-ctauS-1-MH-125-MS-55_TuneCP5_13p6TeV_powheg-pythia8/RunIII2024Summer24NanoAODv15-150X_mcRun3_2024_realistic_v2-v2/NANOAODSIM
HIT|MC|ttH|had|/ttH_Hto2Sto4D_Par-ctauS-0p1-MH-125-MS-15_TuneCP5_13p6TeV_powheg-pythia8/RunIII2024Summer24NanoAODv15-150X_mcRun3_2024_realistic_v2-v2/NANOAODSIM
HIT|MC|ttH|had|/ttH_Hto2Sto4D_Par-ctauS-0p1-MH-125-MS-1_TuneCP5_13p6TeV_powheg-pythia8/RunIII2024Summer24NanoAODv15-150X_mcRun3_2024_realistic_v2-v2/NANOAODSIM
HIT|MC|ttH|had|/ttH_Hto2Sto4D_Par-ctauS-0p1-MH-125-MS-23_TuneCP5_13p6TeV_powheg-pythia8/RunIII2024Summer24NanoAODv15-150X_mcRun3_2024_realistic_v2-v2/NANOAODSIM
HIT|MC|ttH|had|/ttH_Hto2Sto4D_Par-ctauS-0p1-MH-125-MS-30_TuneCP5_13p6TeV_powheg-pythia8/RunIII2024Summer24NanoAODv15-150X_mcRun3_2024_realistic_v2-v2/NANOAODSIM
HIT|MC|ttH|had|/ttH_Hto2Sto4D_Par-ctauS-0p1-MH-125-MS-40_TuneCP5_13p6TeV_powheg-pythia8/RunIII2024Summer24NanoAODv15-150X_mcRun3_2024_realistic_v2-v2/NANOAODSIM
HIT|MC|ttH|had|/ttH_Hto2Sto4D_Par-ctauS-0p1-MH-125-MS-55_TuneCP5_13p6TeV_powheg-pythia8/RunIII2024Summer24NanoAODv15-150X_mcRun3_2024_realistic_v2-v2/NANOAODSIM
HIT|MC|ttH|had|/ttH_Hto2Sto4D_Par-ctauS-0p1-MH-125-MS-7_TuneCP5_13p6TeV_powheg-pythia8/RunIII2024Summer24NanoAODv15-150X_mcRun3_2024_realistic_v2-v2/NANOAODSIM
HIT|MC|ttH|had|/ttH_Hto2Sto4D_Par-ctauS-100000-MH-125-MS-15_TuneCP5_13p6TeV_powheg-pythia8/RunIII2024Summer24NanoAODv15-150X_mcRun3_2024_realistic_v2-v2/NANOAODSIM
HIT|MC|ttH|had|/ttH_Hto2Sto4D_Par-ctauS-100000-MH-125-MS-1_TuneCP5_13p6TeV_powheg-pythia8/RunIII2024Summer24NanoAODv15-150X_mcRun3_2024_realistic_v2-v2/NANOAODSIM
HIT|MC|ttH|had|/ttH_Hto2Sto4D_Par-ctauS-100000-MH-125-MS-23_TuneCP5_13p6TeV_powheg-pythia8/RunIII2024Summer24NanoAODv15-150X_mcRun3_2024_realistic_v2-v2/NANOAODSIM
HIT|MC|ttH|had|/ttH_Hto2Sto4D_Par-ctauS-100000-MH-125-MS-30_TuneCP5_13p6TeV_powheg-pythia8/RunIII2024Summer24NanoAODv15-150X_mcRun3_2024_realistic_v2-v2/NANOAODSIM
HIT|MC|ttH|had|/ttH_Hto2Sto4D_Par-ctauS-100000-MH-125-MS-40_TuneCP5_13p6TeV_powheg-pythia8/RunIII2024Summer24NanoAODv15-150X_mcRun3_2024_realistic_v2-v2/NANOAODSIM
HIT|MC|ttH|had|/ttH_Hto2Sto4D_Par-ctauS-100000-MH-125-MS-55_TuneCP5_13p6TeV_powheg-pythia8/RunIII2024Summer24NanoAODv15-150X_mcRun3_2024_realistic_v2-v2/NANOAODSIM
HIT|MC|ttH|had|/ttH_Hto2Sto4D_Par-ctauS-100000-MH-125-MS-7_TuneCP5_13p6TeV_powheg-pythia8/RunIII2024Summer24NanoAODv15-150X_mcRun3_2024_realistic_v2-v2/NANOAODSIM
HIT|MC|ttH|had|/ttH_Hto2Sto4D_Par-ctauS-10000-MH-125-MS-15_TuneCP5_13p6TeV_powheg-pythia8/RunIII2024Summer24NanoAODv15-150X_mcRun3_2024_realistic_v2-v2/NANOAODSIM
HIT|MC|ttH|had|/ttH_Hto2Sto4D_Par-ctauS-10000-MH-125-MS-1_TuneCP5_13p6TeV_powheg-pythia8/RunIII2024Summer24NanoAODv15-150X_mcRun3_2024_realistic_v2-v2/NANOAODSIM
HIT|MC|ttH|had|/ttH_Hto2Sto4D_Par-ctauS-10000-MH-125-MS-23_TuneCP5_13p6TeV_powheg-pythia8/RunIII2024Summer24NanoAODv15-150X_mcRun3_2024_realistic_v2-v2/NANOAODSIM
HIT|MC|ttH|had|/ttH_Hto2Sto4D_Par-ctauS-10000-MH-125-MS-30_TuneCP5_13p6TeV_powheg-pythia8/RunIII2024Summer24NanoAODv15-150X_mcRun3_2024_realistic_v2-v2/NANOAODSIM
HIT|MC|ttH|had|/ttH_Hto2Sto4D_Par-ctauS-10000-MH-125-MS-40_TuneCP5_13p6TeV_powheg-pythia8/RunIII2024Summer24NanoAODv15-150X_mcRun3_2024_realistic_v2-v2/NANOAODSIM
HIT|MC|ttH|had|/ttH_Hto2Sto4D_Par-ctauS-10000-MH-125-MS-55_TuneCP5_13p6TeV_powheg-pythia8/RunIII2024Summer24NanoAODv15-150X_mcRun3_2024_realistic_v2-v2/NANOAODSIM
HIT|MC|ttH|had|/ttH_Hto2Sto4D_Par-ctauS-10000-MH-125-MS-7_TuneCP5_13p6TeV_powheg-pythia8/RunIII2024Summer24NanoAODv15-150X_mcRun3_2024_realistic_v2-v2/NANOAODSIM
HIT|MC|ttH|had|/ttH_Hto2Sto4D_Par-ctauS-1000-MH-125-MS-15_TuneCP5_13p6TeV_powheg-pythia8/RunIII2024Summer24NanoAODv15-150X_mcRun3_2024_realistic_v2-v2/NANOAODSIM
HIT|MC|ttH|had|/ttH_Hto2Sto4D_Par-ctauS-1000-MH-125-MS-1_TuneCP5_13p6TeV_powheg-pythia8/RunIII2024Summer24NanoAODv15-150X_mcRun3_2024_realistic_v2-v2/NANOAODSIM
HIT|MC|ttH|had|/ttH_Hto2Sto4D_Par-ctauS-1000-MH-125-MS-23_TuneCP5_13p6TeV_powheg-pythia8/RunIII2024Summer24NanoAODv15-150X_mcRun3_2024_realistic_v2-v2/NANOAODSIM
HIT|MC|ttH|had|/ttH_Hto2Sto4D_Par-ctauS-1000-MH-125-MS-30_TuneCP5_13p6TeV_powheg-pythia8/RunIII2024Summer24NanoAODv15-150X_mcRun3_2024_realistic_v2-v2/NANOAODSIM
HIT|MC|ttH|had|/ttH_Hto2Sto4D_Par-ctauS-1000-MH-125-MS-40_TuneCP5_13p6TeV_powheg-pythia8/RunIII2024Summer24NanoAODv15-150X_mcRun3_2024_realistic_v2-v2/NANOAODSIM
HIT|MC|ttH|had|/ttH_Hto2Sto4D_Par-ctauS-1000-MH-125-MS-55_TuneCP5_13p6TeV_powheg-pythia8/RunIII2024Summer24NanoAODv15-150X_mcRun3_2024_realistic_v2-v2/NANOAODSIM
HIT|MC|ttH|had|/ttH_Hto2Sto4D_Par-ctauS-1000-MH-125-MS-7_TuneCP5_13p6TeV_powheg-pythia8/RunIII2024Summer24NanoAODv15-150X_mcRun3_2024_realistic_v2-v2/NANOAODSIM
HIT|MC|ttH|had|/ttH_Hto2Sto4D_Par-ctauS-100-MH-125-MS-15_TuneCP5_13p6TeV_powheg-pythia8/RunIII2024Summer24NanoAODv15-150X_mcRun3_2024_realistic_v2-v2/NANOAODSIM
HIT|MC|ttH|had|/ttH_Hto2Sto4D_Par-ctauS-100-MH-125-MS-1_TuneCP5_13p6TeV_powheg-pythia8/RunIII2024Summer24NanoAODv15-150X_mcRun3_2024_realistic_v2-v2/NANOAODSIM
HIT|MC|ttH|had|/ttH_Hto2Sto4D_Par-ctauS-100-MH-125-MS-23_TuneCP5_13p6TeV_powheg-pythia8/RunIII2024Summer24NanoAODv15-150X_mcRun3_2024_realistic_v2-v2/NANOAODSIM
HIT|MC|ttH|had|/ttH_Hto2Sto4D_Par-ctauS-100-MH-125-MS-30_TuneCP5_13p6TeV_powheg-pythia8/RunIII2024Summer24NanoAODv15-150X_mcRun3_2024_realistic_v2-v2/NANOAODSIM
HIT|MC|ttH|had|/ttH_Hto2Sto4D_Par-ctauS-100-MH-125-MS-40_TuneCP5_13p6TeV_powheg-pythia8/RunIII2024Summer24NanoAODv15-150X_mcRun3_2024_realistic_v2-v2/NANOAODSIM
HIT|MC|ttH|had|/ttH_Hto2Sto4D_Par-ctauS-100-MH-125-MS-55_TuneCP5_13p6TeV_powheg-pythia8/RunIII2024Summer24NanoAODv15-150X_mcRun3_2024_realistic_v2-v2/NANOAODSIM
HIT|MC|ttH|had|/ttH_Hto2Sto4D_Par-ctauS-100-MH-125-MS-7_TuneCP5_13p6TeV_powheg-pythia8/RunIII2024Summer24NanoAODv15-150X_mcRun3_2024_realistic_v2-v2/NANOAODSIM
HIT|MC|ttH|had|/ttH_Hto2Sto4D_Par-ctauS-10-MH-125-MS-15_TuneCP5_13p6TeV_powheg-pythia8/RunIII2024Summer24NanoAODv15-150X_mcRun3_2024_realistic_v2-v2/NANOAODSIM
HIT|MC|ttH|had|/ttH_Hto2Sto4D_Par-ctauS-10-MH-125-MS-1_TuneCP5_13p6TeV_powheg-pythia8/RunIII2024Summer24NanoAODv15-150X_mcRun3_2024_realistic_v2-v2/NANOAODSIM
HIT|MC|ttH|had|/ttH_Hto2Sto4D_Par-ctauS-10-MH-125-MS-23_TuneCP5_13p6TeV_powheg-pythia8/RunIII2024Summer24NanoAODv15-150X_mcRun3_2024_realistic_v2-v2/NANOAODSIM
HIT|MC|ttH|had|/ttH_Hto2Sto4D_Par-ctauS-10-MH-125-MS-30_TuneCP5_13p6TeV_powheg-pythia8/RunIII2024Summer24NanoAODv15-150X_mcRun3_2024_realistic_v2-v2/NANOAODSIM
HIT|MC|ttH|had|/ttH_Hto2Sto4D_Par-ctauS-10-MH-125-MS-40_TuneCP5_13p6TeV_powheg-pythia8/RunIII2024Summer24NanoAODv15-150X_mcRun3_2024_realistic_v2-v2/NANOAODSIM
HIT|MC|ttH|had|/ttH_Hto2Sto4D_Par-ctauS-10-MH-125-MS-55_TuneCP5_13p6TeV_powheg-pythia8/RunIII2024Summer24NanoAODv15-150X_mcRun3_2024_realistic_v2-v2/NANOAODSIM
HIT|MC|ttH|had|/ttH_Hto2Sto4D_Par-ctauS-10-MH-125-MS-7_TuneCP5_13p6TeV_powheg-pythia8/RunIII2024Summer24NanoAODv15-150X_mcRun3_2024_realistic_v2-v2/NANOAODSIM
HIT|MC|ttH|had|/ttH_Hto2Sto4D_Par-ctauS-1-MH-125-MS-15_TuneCP5_13p6TeV_powheg-pythia8/RunIII2024Summer24NanoAODv15-150X_mcRun3_2024_realistic_v2-v2/NANOAODSIM
HIT|MC|ttH|had|/ttH_Hto2Sto4D_Par-ctauS-1-MH-125-MS-1_TuneCP5_13p6TeV_powheg-pythia8/RunIII2024Summer24NanoAODv15-150X_mcRun3_2024_realistic_v2-v2/NANOAODSIM
HIT|MC|ttH|had|/ttH_Hto2Sto4D_Par-ctauS-1-MH-125-MS-23_TuneCP5_13p6TeV_powheg-pythia8/RunIII2024Summer24NanoAODv15-150X_mcRun3_2024_realistic_v2-v2/NANOAODSIM
HIT|MC|ttH|had|/ttH_Hto2Sto4D_Par-ctauS-1-MH-125-MS-30_TuneCP5_13p6TeV_powheg-pythia8/RunIII2024Summer24NanoAODv15-150X_mcRun3_2024_realistic_v2-v2/NANOAODSIM
HIT|MC|ttH|had|/ttH_Hto2Sto4D_Par-ctauS-1-MH-125-MS-40_TuneCP5_13p6TeV_powheg-pythia8/RunIII2024Summer24NanoAODv15-150X_mcRun3_2024_realistic_v2-v2/NANOAODSIM
HIT|MC|ttH|had|/ttH_Hto2Sto4D_Par-ctauS-1-MH-125-MS-55_TuneCP5_13p6TeV_powheg-pythia8/RunIII2024Summer24NanoAODv15-150X_mcRun3_2024_realistic_v2-v2/NANOAODSIM
HIT|MC|ttH|had|/ttH_Hto2Sto4D_Par-ctauS-1-MH-125-MS-7_TuneCP5_13p6TeV_powheg-pythia8/RunIII2024Summer24NanoAODv15-150X_mcRun3_2024_realistic_v2-v2/NANOAODSIM
HIT|MC|ttH|had|/ttH_Hto2Sto4Tau_Par-ctauS-0p1-MH-125-MS-15_TuneCP5_13p6TeV_powheg-pythia8/RunIII2024Summer24NanoAODv15-150X_mcRun3_2024_realistic_v2-v2/NANOAODSIM
HIT|MC|ttH|had|/ttH_Hto2Sto4Tau_Par-ctauS-0p1-MH-125-MS-23_TuneCP5_13p6TeV_powheg-pythia8/RunIII2024Summer24NanoAODv15-150X_mcRun3_2024_realistic_v2-v2/NANOAODSIM
HIT|MC|ttH|had|/ttH_Hto2Sto4Tau_Par-ctauS-0p1-MH-125-MS-30_TuneCP5_13p6TeV_powheg-pythia8/RunIII2024Summer24NanoAODv15-150X_mcRun3_2024_realistic_v2-v2/NANOAODSIM
HIT|MC|ttH|had|/ttH_Hto2Sto4Tau_Par-ctauS-0p1-MH-125-MS-40_TuneCP5_13p6TeV_powheg-pythia8/RunIII2024Summer24NanoAODv15-150X_mcRun3_2024_realistic_v2-v2/NANOAODSIM
HIT|MC|ttH|had|/ttH_Hto2Sto4Tau_Par-ctauS-0p1-MH-125-MS-55_TuneCP5_13p6TeV_powheg-pythia8/RunIII2024Summer24NanoAODv15-150X_mcRun3_2024_realistic_v2-v2/NANOAODSIM
HIT|MC|ttH|had|/ttH_Hto2Sto4Tau_Par-ctauS-0p1-MH-125-MS-7_TuneCP5_13p6TeV_powheg-pythia8/RunIII2024Summer24NanoAODv15-150X_mcRun3_2024_realistic_v2-v2/NANOAODSIM
HIT|MC|ttH|had|/ttH_Hto2Sto4Tau_Par-ctauS-100000-MH-125-MS-15_TuneCP5_13p6TeV_powheg-pythia8/RunIII2024Summer24NanoAODv15-150X_mcRun3_2024_realistic_v2-v2/NANOAODSIM
HIT|MC|ttH|had|/ttH_Hto2Sto4Tau_Par-ctauS-100000-MH-125-MS-23_TuneCP5_13p6TeV_powheg-pythia8/RunIII2024Summer24NanoAODv15-150X_mcRun3_2024_realistic_v2-v2/NANOAODSIM
HIT|MC|ttH|had|/ttH_Hto2Sto4Tau_Par-ctauS-100000-MH-125-MS-30_TuneCP5_13p6TeV_powheg-pythia8/RunIII2024Summer24NanoAODv15-150X_mcRun3_2024_realistic_v2-v2/NANOAODSIM
HIT|MC|ttH|had|/ttH_Hto2Sto4Tau_Par-ctauS-100000-MH-125-MS-40_TuneCP5_13p6TeV_powheg-pythia8/RunIII2024Summer24NanoAODv15-150X_mcRun3_2024_realistic_v2-v2/NANOAODSIM
HIT|MC|ttH|had|/ttH_Hto2Sto4Tau_Par-ctauS-100000-MH-125-MS-55_TuneCP5_13p6TeV_powheg-pythia8/RunIII2024Summer24NanoAODv15-150X_mcRun3_2024_realistic_v2-v2/NANOAODSIM
HIT|MC|ttH|had|/ttH_Hto2Sto4Tau_Par-ctauS-100000-MH-125-MS-7_TuneCP5_13p6TeV_powheg-pythia8/RunIII2024Summer24NanoAODv15-150X_mcRun3_2024_realistic_v2-v2/NANOAODSIM
HIT|MC|ttH|had|/ttH_Hto2Sto4Tau_Par-ctauS-10000-MH-125-MS-15_TuneCP5_13p6TeV_powheg-pythia8/RunIII2024Summer24NanoAODv15-150X_mcRun3_2024_realistic_v2-v2/NANOAODSIM
HIT|MC|ttH|had|/ttH_Hto2Sto4Tau_Par-ctauS-10000-MH-125-MS-23_TuneCP5_13p6TeV_powheg-pythia8/RunIII2024Summer24NanoAODv15-150X_mcRun3_2024_realistic_v2-v2/NANOAODSIM
HIT|MC|ttH|had|/ttH_Hto2Sto4Tau_Par-ctauS-10000-MH-125-MS-30_TuneCP5_13p6TeV_powheg-pythia8/RunIII2024Summer24NanoAODv15-150X_mcRun3_2024_realistic_v2-v2/NANOAODSIM
HIT|MC|ttH|had|/ttH_Hto2Sto4Tau_Par-ctauS-10000-MH-125-MS-40_TuneCP5_13p6TeV_powheg-pythia8/RunIII2024Summer24NanoAODv15-150X_mcRun3_2024_realistic_v2-v2/NANOAODSIM
HIT|MC|ttH|had|/ttH_Hto2Sto4Tau_Par-ctauS-10000-MH-125-MS-55_TuneCP5_13p6TeV_powheg-pythia8/RunIII2024Summer24NanoAODv15-150X_mcRun3_2024_realistic_v2-v2/NANOAODSIM
HIT|MC|ttH|had|/ttH_Hto2Sto4Tau_Par-ctauS-10000-MH-125-MS-7_TuneCP5_13p6TeV_powheg-pythia8/RunIII2024Summer24NanoAODv15-150X_mcRun3_2024_realistic_v2-v2/NANOAODSIM
HIT|MC|ttH|had|/ttH_Hto2Sto4Tau_Par-ctauS-1000-MH-125-MS-15_TuneCP5_13p6TeV_powheg-pythia8/RunIII2024Summer24NanoAODv15-150X_mcRun3_2024_realistic_v2-v2/NANOAODSIM
HIT|MC|ttH|had|/ttH_Hto2Sto4Tau_Par-ctauS-1000-MH-125-MS-23_TuneCP5_13p6TeV_powheg-pythia8/RunIII2024Summer24NanoAODv15-150X_mcRun3_2024_realistic_v2-v2/NANOAODSIM
HIT|MC|ttH|had|/ttH_Hto2Sto4Tau_Par-ctauS-1000-MH-125-MS-30_TuneCP5_13p6TeV_powheg-pythia8/RunIII2024Summer24NanoAODv15-150X_mcRun3_2024_realistic_v2-v2/NANOAODSIM
HIT|MC|ttH|had|/ttH_Hto2Sto4Tau_Par-ctauS-1000-MH-125-MS-40_TuneCP5_13p6TeV_powheg-pythia8/RunIII2024Summer24NanoAODv15-150X_mcRun3_2024_realistic_v2-v2/NANOAODSIM
HIT|MC|ttH|had|/ttH_Hto2Sto4Tau_Par-ctauS-1000-MH-125-MS-55_TuneCP5_13p6TeV_powheg-pythia8/RunIII2024Summer24NanoAODv15-150X_mcRun3_2024_realistic_v2-v2/NANOAODSIM
HIT|MC|ttH|had|/ttH_Hto2Sto4Tau_Par-ctauS-1000-MH-125-MS-7_TuneCP5_13p6TeV_powheg-pythia8/RunIII2024Summer24NanoAODv15-150X_mcRun3_2024_realistic_v2-v2/NANOAODSIM
HIT|MC|ttH|had|/ttH_Hto2Sto4Tau_Par-ctauS-100-MH-125-MS-15_TuneCP5_13p6TeV_powheg-pythia8/RunIII2024Summer24NanoAODv15-150X_mcRun3_2024_realistic_v2-v2/NANOAODSIM
HIT|MC|ttH|had|/ttH_Hto2Sto4Tau_Par-ctauS-100-MH-125-MS-23_TuneCP5_13p6TeV_powheg-pythia8/RunIII2024Summer24NanoAODv15-150X_mcRun3_2024_realistic_v2-v2/NANOAODSIM
HIT|MC|ttH|had|/ttH_Hto2Sto4Tau_Par-ctauS-100-MH-125-MS-30_TuneCP5_13p6TeV_powheg-pythia8/RunIII2024Summer24NanoAODv15-150X_mcRun3_2024_realistic_v2-v2/NANOAODSIM
HIT|MC|ttH|had|/ttH_Hto2Sto4Tau_Par-ctauS-100-MH-125-MS-40_TuneCP5_13p6TeV_powheg-pythia8/RunIII2024Summer24NanoAODv15-150X_mcRun3_2024_realistic_v2-v2/NANOAODSIM
HIT|MC|ttH|had|/ttH_Hto2Sto4Tau_Par-ctauS-100-MH-125-MS-55_TuneCP5_13p6TeV_powheg-pythia8/RunIII2024Summer24NanoAODv15-150X_mcRun3_2024_realistic_v2-v2/NANOAODSIM
HIT|MC|ttH|had|/ttH_Hto2Sto4Tau_Par-ctauS-100-MH-125-MS-7_TuneCP5_13p6TeV_powheg-pythia8/RunIII2024Summer24NanoAODv15-150X_mcRun3_2024_realistic_v2-v2/NANOAODSIM
HIT|MC|ttH|had|/ttH_Hto2Sto4Tau_Par-ctauS-10-MH-125-MS-15_TuneCP5_13p6TeV_powheg-pythia8/RunIII2024Summer24NanoAODv15-150X_mcRun3_2024_realistic_v2-v2/NANOAODSIM
HIT|MC|ttH|had|/ttH_Hto2Sto4Tau_Par-ctauS-10-MH-125-MS-23_TuneCP5_13p6TeV_powheg-pythia8/RunIII2024Summer24NanoAODv15-150X_mcRun3_2024_realistic_v2-v2/NANOAODSIM
HIT|MC|ttH|had|/ttH_Hto2Sto4Tau_Par-ctauS-10-MH-125-MS-30_TuneCP5_13p6TeV_powheg-pythia8/RunIII2024Summer24NanoAODv15-150X_mcRun3_2024_realistic_v2-v2/NANOAODSIM
HIT|MC|ttH|had|/ttH_Hto2Sto4Tau_Par-ctauS-10-MH-125-MS-40_TuneCP5_13p6TeV_powheg-pythia8/RunIII2024Summer24NanoAODv15-150X_mcRun3_2024_realistic_v2-v2/NANOAODSIM
HIT|MC|ttH|had|/ttH_Hto2Sto4Tau_Par-ctauS-10-MH-125-MS-55_TuneCP5_13p6TeV_powheg-pythia8/RunIII2024Summer24NanoAODv15-150X_mcRun3_2024_realistic_v2-v2/NANOAODSIM
HIT|MC|ttH|had|/ttH_Hto2Sto4Tau_Par-ctauS-10-MH-125-MS-7_TuneCP5_13p6TeV_powheg-pythia8/RunIII2024Summer24NanoAODv15-150X_mcRun3_2024_realistic_v2-v2/NANOAODSIM
HIT|MC|ttH|had|/ttH_Hto2Sto4Tau_Par-ctauS-1-MH-125-MS-15_TuneCP5_13p6TeV_powheg-pythia8/RunIII2024Summer24NanoAODv15-150X_mcRun3_2024_realistic_v2-v2/NANOAODSIM
HIT|MC|ttH|had|/ttH_Hto2Sto4Tau_Par-ctauS-1-MH-125-MS-23_TuneCP5_13p6TeV_powheg-pythia8/RunIII2024Summer24NanoAODv15-150X_mcRun3_2024_realistic_v2-v2/NANOAODSIM
HIT|MC|ttH|had|/ttH_Hto2Sto4Tau_Par-ctauS-1-MH-125-MS-30_TuneCP5_13p6TeV_powheg-pythia8/RunIII2024Summer24NanoAODv15-150X_mcRun3_2024_realistic_v2-v2/NANOAODSIM
HIT|MC|ttH|had|/ttH_Hto2Sto4Tau_Par-ctauS-1-MH-125-MS-40_TuneCP5_13p6TeV_powheg-pythia8/RunIII2024Summer24NanoAODv15-150X_mcRun3_2024_realistic_v2-v2/NANOAODSIM
HIT|MC|ttH|had|/ttH_Hto2Sto4Tau_Par-ctauS-1-MH-125-MS-55_TuneCP5_13p6TeV_powheg-pythia8/RunIII2024Summer24NanoAODv15-150X_mcRun3_2024_realistic_v2-v2/NANOAODSIM
HIT|MC|ttH|had|/ttH_Hto2Sto4Tau_Par-ctauS-1-MH-125-MS-7_TuneCP5_13p6TeV_powheg-pythia8/RunIII2024Summer24NanoAODv15-150X_mcRun3_2024_realistic_v2-v2/NANOAODSIM
HIT|MC|ttH|had|/ttH-tTobW-HTo2LongLivedTo2G2Q_Par-ctau-0mm-MFF-15-MH-125_TuneCP5_13p6TeV_powheg-pythia8/RunIII2024Summer24NanoAODv15-150X_mcRun3_2024_realistic_v2-v2/NANOAODSIM
HIT|MC|ttH|had|/ttH-tTobW-HTo2LongLivedTo2G2Q_Par-ctau-0mm-MFF-20-MH-125_TuneCP5_13p6TeV_powheg-pythia8/RunIII2024Summer24NanoAODv15-150X_mcRun3_2024_realistic_v2-v2/NANOAODSIM
HIT|MC|ttH|had|/ttH-tTobW-HTo2LongLivedTo2G2Q_Par-ctau-0mm-MFF-30-MH-125_TuneCP5_13p6TeV_powheg-pythia8/RunIII2024Summer24NanoAODv15-150X_mcRun3_2024_realistic_v2-v2/NANOAODSIM
HIT|MC|ttH|had|/ttH-tTobW-HTo2LongLivedTo2G2Q_Par-ctau-0mm-MFF-40-MH-125_TuneCP5_13p6TeV_powheg-pythia8/RunIII2024Summer24NanoAODv15-150X_mcRun3_2024_realistic_v2-v2/NANOAODSIM
HIT|MC|ttH|had|/ttH-tTobW-HTo2LongLivedTo2G2Q_Par-ctau-0mm-MFF-50-MH-125_TuneCP5_13p6TeV_powheg-pythia8/RunIII2024Summer24NanoAODv15-150X_mcRun3_2024_realistic_v2-v2/NANOAODSIM
HIT|MC|ttH|had|/ttH-tTobW-HTo2LongLivedTo2G2Q_Par-ctau-0mm-MFF-55-MH-125_TuneCP5_13p6TeV_powheg-pythia8/RunIII2024Summer24NanoAODv15-150X_mcRun3_2024_realistic_v2-v2/NANOAODSIM
HIT|MC|ttH|had|/ttH-tTobW-HTo2LongLivedTo2G2Q_Par-ctau-0mm-MFF-7-MH-125_TuneCP5_13p6TeV_powheg-pythia8/RunIII2024Summer24NanoAODv15-150X_mcRun3_2024_realistic_v2-v2/NANOAODSIM
HIT|MC|ttH|had|/ttH-tTobW-HTo2LongLivedTo2G2Q_Par-ctau-1000mm-MFF-15-MH-125_TuneCP5_13p6TeV_powheg-pythia8/RunIII2024Summer24NanoAODv15-150X_mcRun3_2024_realistic_v2-v2/NANOAODSIM
HIT|MC|ttH|had|/ttH-tTobW-HTo2LongLivedTo2G2Q_Par-ctau-1000mm-MFF-20-MH-125_TuneCP5_13p6TeV_powheg-pythia8/RunIII2024Summer24NanoAODv15-150X_mcRun3_2024_realistic_v2-v2/NANOAODSIM
HIT|MC|ttH|had|/ttH-tTobW-HTo2LongLivedTo2G2Q_Par-ctau-1000mm-MFF-30-MH-125_TuneCP5_13p6TeV_powheg-pythia8/RunIII2024Summer24NanoAODv15-150X_mcRun3_2024_realistic_v2-v2/NANOAODSIM
HIT|MC|ttH|had|/ttH-tTobW-HTo2LongLivedTo2G2Q_Par-ctau-1000mm-MFF-40-MH-125_TuneCP5_13p6TeV_powheg-pythia8/RunIII2024Summer24NanoAODv15-150X_mcRun3_2024_realistic_v2-v2/NANOAODSIM
HIT|MC|ttH|had|/ttH-tTobW-HTo2LongLivedTo2G2Q_Par-ctau-1000mm-MFF-50-MH-125_TuneCP5_13p6TeV_powheg-pythia8/RunIII2024Summer24NanoAODv15-150X_mcRun3_2024_realistic_v2-v2/NANOAODSIM
HIT|MC|ttH|had|/ttH-tTobW-HTo2LongLivedTo2G2Q_Par-ctau-1000mm-MFF-55-MH-125_TuneCP5_13p6TeV_powheg-pythia8/RunIII2024Summer24NanoAODv15-150X_mcRun3_2024_realistic_v2-v2/NANOAODSIM
HIT|MC|ttH|had|/ttH-tTobW-HTo2LongLivedTo2G2Q_Par-ctau-1000mm-MFF-7-MH-125_TuneCP5_13p6TeV_powheg-pythia8/RunIII2024Summer24NanoAODv15-150X_mcRun3_2024_realistic_v2-v2/NANOAODSIM
HIT|MC|ttH|had|/ttH-tTobW-HTo2LongLivedTo2G2Q_Par-ctau-100mm-MFF-15-MH-125_TuneCP5_13p6TeV_powheg-pythia8/RunIII2024Summer24NanoAODv15-150X_mcRun3_2024_realistic_v2-v2/NANOAODSIM
HIT|MC|ttH|had|/ttH-tTobW-HTo2LongLivedTo2G2Q_Par-ctau-100mm-MFF-20-MH-125_TuneCP5_13p6TeV_powheg-pythia8/RunIII2024Summer24NanoAODv15-150X_mcRun3_2024_realistic_v2-v2/NANOAODSIM
HIT|MC|ttH|had|/ttH-tTobW-HTo2LongLivedTo2G2Q_Par-ctau-100mm-MFF-30-MH-125_TuneCP5_13p6TeV_powheg-pythia8/RunIII2024Summer24NanoAODv15-150X_mcRun3_2024_realistic_v2-v2/NANOAODSIM
HIT|MC|ttH|had|/ttH-tTobW-HTo2LongLivedTo2G2Q_Par-ctau-100mm-MFF-40-MH-125_TuneCP5_13p6TeV_powheg-pythia8/RunIII2024Summer24NanoAODv15-150X_mcRun3_2024_realistic_v2-v2/NANOAODSIM
HIT|MC|ttH|had|/ttH-tTobW-HTo2LongLivedTo2G2Q_Par-ctau-100mm-MFF-50-MH-125_TuneCP5_13p6TeV_powheg-pythia8/RunIII2024Summer24NanoAODv15-150X_mcRun3_2024_realistic_v2-v2/NANOAODSIM
HIT|MC|ttH|had|/ttH-tTobW-HTo2LongLivedTo2G2Q_Par-ctau-100mm-MFF-55-MH-125_TuneCP5_13p6TeV_powheg-pythia8/RunIII2024Summer24NanoAODv15-150X_mcRun3_2024_realistic_v2-v2/NANOAODSIM
HIT|MC|ttH|had|/ttH-tTobW-HTo2LongLivedTo2G2Q_Par-ctau-100mm-MFF-7-MH-125_TuneCP5_13p6TeV_powheg-pythia8/RunIII2024Summer24NanoAODv15-150X_mcRun3_2024_realistic_v2-v2/NANOAODSIM
HIT|MC|ttH|had|/ttH-tTobW-HTo2LongLivedTo2G2Q_Par-ctau-10mm-MFF-15-MH-125_TuneCP5_13p6TeV_powheg-pythia8/RunIII2024Summer24NanoAODv15-150X_mcRun3_2024_realistic_v2-v2/NANOAODSIM
HIT|MC|ttH|had|/ttH-tTobW-HTo2LongLivedTo2G2Q_Par-ctau-10mm-MFF-20-MH-125_TuneCP5_13p6TeV_powheg-pythia8/RunIII2024Summer24NanoAODv15-150X_mcRun3_2024_realistic_v2-v2/NANOAODSIM
HIT|MC|ttH|had|/ttH-tTobW-HTo2LongLivedTo2G2Q_Par-ctau-10mm-MFF-30-MH-125_TuneCP5_13p6TeV_powheg-pythia8/RunIII2024Summer24NanoAODv15-150X_mcRun3_2024_realistic_v2-v2/NANOAODSIM
HIT|MC|ttH|had|/ttH-tTobW-HTo2LongLivedTo2G2Q_Par-ctau-10mm-MFF-40-MH-125_TuneCP5_13p6TeV_powheg-pythia8/RunIII2024Summer24NanoAODv15-150X_mcRun3_2024_realistic_v2-v2/NANOAODSIM
HIT|MC|ttH|had|/ttH-tTobW-HTo2LongLivedTo2G2Q_Par-ctau-10mm-MFF-50-MH-125_TuneCP5_13p6TeV_powheg-pythia8/RunIII2024Summer24NanoAODv15-150X_mcRun3_2024_realistic_v2-v2/NANOAODSIM
HIT|MC|ttH|had|/ttH-tTobW-HTo2LongLivedTo2G2Q_Par-ctau-10mm-MFF-55-MH-125_TuneCP5_13p6TeV_powheg-pythia8/RunIII2024Summer24NanoAODv15-150X_mcRun3_2024_realistic_v2-v2/NANOAODSIM
HIT|MC|ttH|had|/ttH-tTobW-HTo2LongLivedTo2G2Q_Par-ctau-10mm-MFF-7-MH-125_TuneCP5_13p6TeV_powheg-pythia8/RunIII2024Summer24NanoAODv15-150X_mcRun3_2024_realistic_v2-v2/NANOAODSIM
HIT|MC|ttH|had|/ttH-tTobW-HTo2LongLivedTo2G2Q_Par-ctau-20mm-MFF-15-MH-125_TuneCP5_13p6TeV_powheg-pythia8/RunIII2024Summer24NanoAODv15-150X_mcRun3_2024_realistic_v2-v2/NANOAODSIM
HIT|MC|ttH|had|/ttH-tTobW-HTo2LongLivedTo2G2Q_Par-ctau-20mm-MFF-20-MH-125_TuneCP5_13p6TeV_powheg-pythia8/RunIII2024Summer24NanoAODv15-150X_mcRun3_2024_realistic_v2-v2/NANOAODSIM
HIT|MC|ttH|had|/ttH-tTobW-HTo2LongLivedTo2G2Q_Par-ctau-20mm-MFF-30-MH-125_TuneCP5_13p6TeV_powheg-pythia8/RunIII2024Summer24NanoAODv15-150X_mcRun3_2024_realistic_v2-v2/NANOAODSIM
HIT|MC|ttH|had|/ttH-tTobW-HTo2LongLivedTo2G2Q_Par-ctau-20mm-MFF-40-MH-125_TuneCP5_13p6TeV_powheg-pythia8/RunIII2024Summer24NanoAODv15-150X_mcRun3_2024_realistic_v2-v2/NANOAODSIM
HIT|MC|ttH|had|/ttH-tTobW-HTo2LongLivedTo2G2Q_Par-ctau-20mm-MFF-50-MH-125_TuneCP5_13p6TeV_powheg-pythia8/RunIII2024Summer24NanoAODv15-150X_mcRun3_2024_realistic_v2-v2/NANOAODSIM
HIT|MC|ttH|had|/ttH-tTobW-HTo2LongLivedTo2G2Q_Par-ctau-20mm-MFF-55-MH-125_TuneCP5_13p6TeV_powheg-pythia8/RunIII2024Summer24NanoAODv15-150X_mcRun3_2024_realistic_v2-v2/NANOAODSIM
HIT|MC|ttH|had|/ttH-tTobW-HTo2LongLivedTo2G2Q_Par-ctau-20mm-MFF-7-MH-125_TuneCP5_13p6TeV_powheg-pythia8/RunIII2024Summer24NanoAODv15-150X_mcRun3_2024_realistic_v2-v2/NANOAODSIM
HIT|MC|ttH|had|/ttH-tTobW-HTo2LongLivedTo2G2Q_Par-ctau-50mm-MFF-15-MH-125_TuneCP5_13p6TeV_powheg-pythia8/RunIII2024Summer24NanoAODv15-150X_mcRun3_2024_realistic_v2-v2/NANOAODSIM
HIT|MC|ttH|had|/ttH-tTobW-HTo2LongLivedTo2G2Q_Par-ctau-50mm-MFF-20-MH-125_TuneCP5_13p6TeV_powheg-pythia8/RunIII2024Summer24NanoAODv15-150X_mcRun3_2024_realistic_v2-v2/NANOAODSIM
HIT|MC|ttH|had|/ttH-tTobW-HTo2LongLivedTo2G2Q_Par-ctau-50mm-MFF-30-MH-125_TuneCP5_13p6TeV_powheg-pythia8/RunIII2024Summer24NanoAODv15-150X_mcRun3_2024_realistic_v2-v2/NANOAODSIM
HIT|MC|ttH|had|/ttH-tTobW-HTo2LongLivedTo2G2Q_Par-ctau-50mm-MFF-40-MH-125_TuneCP5_13p6TeV_powheg-pythia8/RunIII2024Summer24NanoAODv15-150X_mcRun3_2024_realistic_v2-v2/NANOAODSIM
HIT|MC|ttH|had|/ttH-tTobW-HTo2LongLivedTo2G2Q_Par-ctau-50mm-MFF-50-MH-125_TuneCP5_13p6TeV_powheg-pythia8/RunIII2024Summer24NanoAODv15-150X_mcRun3_2024_realistic_v2-v2/NANOAODSIM
HIT|MC|ttH|had|/ttH-tTobW-HTo2LongLivedTo2G2Q_Par-ctau-50mm-MFF-55-MH-125_TuneCP5_13p6TeV_powheg-pythia8/RunIII2024Summer24NanoAODv15-150X_mcRun3_2024_realistic_v2-v2/NANOAODSIM
HIT|MC|ttH|had|/ttH-tTobW-HTo2LongLivedTo2G2Q_Par-ctau-50mm-MFF-7-MH-125_TuneCP5_13p6TeV_powheg-pythia8/RunIII2024Summer24NanoAODv15-150X_mcRun3_2024_realistic_v2-v2/NANOAODSIM
HIT|MC|ttH|had|/ttH-tTobW-HTo2LongLivedTo4G_Par-ctau-0mm-MFF-15-MH-125_TuneCP5_13p6TeV_powheg-pythia8/RunIII2024Summer24NanoAODv15-150X_mcRun3_2024_realistic_v2-v2/NANOAODSIM
HIT|MC|ttH|had|/ttH-tTobW-HTo2LongLivedTo4G_Par-ctau-0mm-MFF-20-MH-125_TuneCP5_13p6TeV_powheg-pythia8/RunIII2024Summer24NanoAODv15-150X_mcRun3_2024_realistic_v2-v2/NANOAODSIM
HIT|MC|ttH|had|/ttH-tTobW-HTo2LongLivedTo4G_Par-ctau-0mm-MFF-30-MH-125_TuneCP5_13p6TeV_powheg-pythia8/RunIII2024Summer24NanoAODv15-150X_mcRun3_2024_realistic_v2-v2/NANOAODSIM
HIT|MC|ttH|had|/ttH-tTobW-HTo2LongLivedTo4G_Par-ctau-0mm-MFF-40-MH-125_TuneCP5_13p6TeV_powheg-pythia8/RunIII2024Summer24NanoAODv15-150X_mcRun3_2024_realistic_v2-v2/NANOAODSIM
HIT|MC|ttH|had|/ttH-tTobW-HTo2LongLivedTo4G_Par-ctau-0mm-MFF-50-MH-125_TuneCP5_13p6TeV_powheg-pythia8/RunIII2024Summer24NanoAODv15-150X_mcRun3_2024_realistic_v2-v2/NANOAODSIM
HIT|MC|ttH|had|/ttH-tTobW-HTo2LongLivedTo4G_Par-ctau-0mm-MFF-55-MH-125_TuneCP5_13p6TeV_powheg-pythia8/RunIII2024Summer24NanoAODv15-150X_mcRun3_2024_realistic_v2-v2/NANOAODSIM
HIT|MC|ttH|had|/ttH-tTobW-HTo2LongLivedTo4G_Par-ctau-0mm-MFF-7-MH-125_TuneCP5_13p6TeV_powheg-pythia8/RunIII2024Summer24NanoAODv15-150X_mcRun3_2024_realistic_v2-v2/NANOAODSIM
HIT|MC|ttH|had|/ttH-tTobW-HTo2LongLivedTo4G_Par-ctau-1000mm-MFF-15-MH-125_TuneCP5_13p6TeV_powheg-pythia8/RunIII2024Summer24NanoAODv15-150X_mcRun3_2024_realistic_v2-v2/NANOAODSIM
HIT|MC|ttH|had|/ttH-tTobW-HTo2LongLivedTo4G_Par-ctau-1000mm-MFF-20-MH-125_TuneCP5_13p6TeV_powheg-pythia8/RunIII2024Summer24NanoAODv15-150X_mcRun3_2024_realistic_v2-v2/NANOAODSIM
HIT|MC|ttH|had|/ttH-tTobW-HTo2LongLivedTo4G_Par-ctau-1000mm-MFF-30-MH-125_TuneCP5_13p6TeV_powheg-pythia8/RunIII2024Summer24NanoAODv15-150X_mcRun3_2024_realistic_v2-v2/NANOAODSIM
HIT|MC|ttH|had|/ttH-tTobW-HTo2LongLivedTo4G_Par-ctau-1000mm-MFF-40-MH-125_TuneCP5_13p6TeV_powheg-pythia8/RunIII2024Summer24NanoAODv15-150X_mcRun3_2024_realistic_v2-v2/NANOAODSIM
HIT|MC|ttH|had|/ttH-tTobW-HTo2LongLivedTo4G_Par-ctau-1000mm-MFF-50-MH-125_TuneCP5_13p6TeV_powheg-pythia8/RunIII2024Summer24NanoAODv15-150X_mcRun3_2024_realistic_v2-v2/NANOAODSIM
HIT|MC|ttH|had|/ttH-tTobW-HTo2LongLivedTo4G_Par-ctau-1000mm-MFF-55-MH-125_TuneCP5_13p6TeV_powheg-pythia8/RunIII2024Summer24NanoAODv15-150X_mcRun3_2024_realistic_v2-v2/NANOAODSIM
HIT|MC|ttH|had|/ttH-tTobW-HTo2LongLivedTo4G_Par-ctau-1000mm-MFF-7-MH-125_TuneCP5_13p6TeV_powheg-pythia8/RunIII2024Summer24NanoAODv15-150X_mcRun3_2024_realistic_v2-v2/NANOAODSIM
HIT|MC|ttH|had|/ttH-tTobW-HTo2LongLivedTo4G_Par-ctau-100mm-MFF-15-MH-125_TuneCP5_13p6TeV_powheg-pythia8/RunIII2024Summer24NanoAODv15-150X_mcRun3_2024_realistic_v2-v2/NANOAODSIM
HIT|MC|ttH|had|/ttH-tTobW-HTo2LongLivedTo4G_Par-ctau-100mm-MFF-20-MH-125_TuneCP5_13p6TeV_powheg-pythia8/RunIII2024Summer24NanoAODv15-150X_mcRun3_2024_realistic_v2-v2/NANOAODSIM
HIT|MC|ttH|had|/ttH-tTobW-HTo2LongLivedTo4G_Par-ctau-100mm-MFF-30-MH-125_TuneCP5_13p6TeV_powheg-pythia8/RunIII2024Summer24NanoAODv15-150X_mcRun3_2024_realistic_v2-v2/NANOAODSIM
HIT|MC|ttH|had|/ttH-tTobW-HTo2LongLivedTo4G_Par-ctau-100mm-MFF-40-MH-125_TuneCP5_13p6TeV_powheg-pythia8/RunIII2024Summer24NanoAODv15-150X_mcRun3_2024_realistic_v2-v2/NANOAODSIM
HIT|MC|ttH|had|/ttH-tTobW-HTo2LongLivedTo4G_Par-ctau-100mm-MFF-50-MH-125_TuneCP5_13p6TeV_powheg-pythia8/RunIII2024Summer24NanoAODv15-150X_mcRun3_2024_realistic_v2-v2/NANOAODSIM
HIT|MC|ttH|had|/ttH-tTobW-HTo2LongLivedTo4G_Par-ctau-100mm-MFF-55-MH-125_TuneCP5_13p6TeV_powheg-pythia8/RunIII2024Summer24NanoAODv15-150X_mcRun3_2024_realistic_v2-v2/NANOAODSIM
HIT|MC|ttH|had|/ttH-tTobW-HTo2LongLivedTo4G_Par-ctau-100mm-MFF-7-MH-125_TuneCP5_13p6TeV_powheg-pythia8/RunIII2024Summer24NanoAODv15-150X_mcRun3_2024_realistic_v2-v2/NANOAODSIM
HIT|MC|ttH|had|/ttH-tTobW-HTo2LongLivedTo4G_Par-ctau-10mm-MFF-15-MH-125_TuneCP5_13p6TeV_powheg-pythia8/RunIII2024Summer24NanoAODv15-150X_mcRun3_2024_realistic_v2-v2/NANOAODSIM
HIT|MC|ttH|had|/ttH-tTobW-HTo2LongLivedTo4G_Par-ctau-10mm-MFF-20-MH-125_TuneCP5_13p6TeV_powheg-pythia8/RunIII2024Summer24NanoAODv15-150X_mcRun3_2024_realistic_v2-v2/NANOAODSIM
HIT|MC|ttH|had|/ttH-tTobW-HTo2LongLivedTo4G_Par-ctau-10mm-MFF-30-MH-125_TuneCP5_13p6TeV_powheg-pythia8/RunIII2024Summer24NanoAODv15-150X_mcRun3_2024_realistic_v2-v2/NANOAODSIM
HIT|MC|ttH|had|/ttH-tTobW-HTo2LongLivedTo4G_Par-ctau-10mm-MFF-40-MH-125_TuneCP5_13p6TeV_powheg-pythia8/RunIII2024Summer24NanoAODv15-150X_mcRun3_2024_realistic_v2-v2/NANOAODSIM
HIT|MC|ttH|had|/ttH-tTobW-HTo2LongLivedTo4G_Par-ctau-10mm-MFF-50-MH-125_TuneCP5_13p6TeV_powheg-pythia8/RunIII2024Summer24NanoAODv15-150X_mcRun3_2024_realistic_v2-v2/NANOAODSIM
HIT|MC|ttH|had|/ttH-tTobW-HTo2LongLivedTo4G_Par-ctau-10mm-MFF-55-MH-125_TuneCP5_13p6TeV_powheg-pythia8/RunIII2024Summer24NanoAODv15-150X_mcRun3_2024_realistic_v2-v2/NANOAODSIM
HIT|MC|ttH|had|/ttH-tTobW-HTo2LongLivedTo4G_Par-ctau-10mm-MFF-7-MH-125_TuneCP5_13p6TeV_powheg-pythia8/RunIII2024Summer24NanoAODv15-150X_mcRun3_2024_realistic_v2-v2/NANOAODSIM
HIT|MC|ttH|had|/ttH-tTobW-HTo2LongLivedTo4G_Par-ctau-20mm-MFF-15-MH-125_TuneCP5_13p6TeV_powheg-pythia8/RunIII2024Summer24NanoAODv15-150X_mcRun3_2024_realistic_v2-v2/NANOAODSIM
HIT|MC|ttH|had|/ttH-tTobW-HTo2LongLivedTo4G_Par-ctau-20mm-MFF-20-MH-125_TuneCP5_13p6TeV_powheg-pythia8/RunIII2024Summer24NanoAODv15-150X_mcRun3_2024_realistic_v2-v2/NANOAODSIM
HIT|MC|ttH|had|/ttH-tTobW-HTo2LongLivedTo4G_Par-ctau-20mm-MFF-30-MH-125_TuneCP5_13p6TeV_powheg-pythia8/RunIII2024Summer24NanoAODv15-150X_mcRun3_2024_realistic_v2-v2/NANOAODSIM
HIT|MC|ttH|had|/ttH-tTobW-HTo2LongLivedTo4G_Par-ctau-20mm-MFF-40-MH-125_TuneCP5_13p6TeV_powheg-pythia8/RunIII2024Summer24NanoAODv15-150X_mcRun3_2024_realistic_v2-v2/NANOAODSIM
HIT|MC|ttH|had|/ttH-tTobW-HTo2LongLivedTo4G_Par-ctau-20mm-MFF-50-MH-125_TuneCP5_13p6TeV_powheg-pythia8/RunIII2024Summer24NanoAODv15-150X_mcRun3_2024_realistic_v2-v2/NANOAODSIM
HIT|MC|ttH|had|/ttH-tTobW-HTo2LongLivedTo4G_Par-ctau-20mm-MFF-55-MH-125_TuneCP5_13p6TeV_powheg-pythia8/RunIII2024Summer24NanoAODv15-150X_mcRun3_2024_realistic_v2-v2/NANOAODSIM
HIT|MC|ttH|had|/ttH-tTobW-HTo2LongLivedTo4G_Par-ctau-20mm-MFF-7-MH-125_TuneCP5_13p6TeV_powheg-pythia8/RunIII2024Summer24NanoAODv15-150X_mcRun3_2024_realistic_v2-v2/NANOAODSIM
HIT|MC|ttH|had|/ttH-tTobW-HTo2LongLivedTo4G_Par-ctau-50mm-MFF-15-MH-125_TuneCP5_13p6TeV_powheg-pythia8/RunIII2024Summer24NanoAODv15-150X_mcRun3_2024_realistic_v2-v2/NANOAODSIM
HIT|MC|ttH|had|/ttH-tTobW-HTo2LongLivedTo4G_Par-ctau-50mm-MFF-20-MH-125_TuneCP5_13p6TeV_powheg-pythia8/RunIII2024Summer24NanoAODv15-150X_mcRun3_2024_realistic_v2-v2/NANOAODSIM
HIT|MC|ttH|had|/ttH-tTobW-HTo2LongLivedTo4G_Par-ctau-50mm-MFF-30-MH-125_TuneCP5_13p6TeV_powheg-pythia8/RunIII2024Summer24NanoAODv15-150X_mcRun3_2024_realistic_v2-v2/NANOAODSIM
HIT|MC|ttH|had|/ttH-tTobW-HTo2LongLivedTo4G_Par-ctau-50mm-MFF-40-MH-125_TuneCP5_13p6TeV_powheg-pythia8/RunIII2024Summer24NanoAODv15-150X_mcRun3_2024_realistic_v2-v2/NANOAODSIM
HIT|MC|ttH|had|/ttH-tTobW-HTo2LongLivedTo4G_Par-ctau-50mm-MFF-50-MH-125_TuneCP5_13p6TeV_powheg-pythia8/RunIII2024Summer24NanoAODv15-150X_mcRun3_2024_realistic_v2-v2/NANOAODSIM
HIT|MC|ttH|had|/ttH-tTobW-HTo2LongLivedTo4G_Par-ctau-50mm-MFF-55-MH-125_TuneCP5_13p6TeV_powheg-pythia8/RunIII2024Summer24NanoAODv15-150X_mcRun3_2024_realistic_v2-v2/NANOAODSIM
HIT|MC|ttH|had|/ttH-tTobW-HTo2LongLivedTo4G_Par-ctau-50mm-MFF-7-MH-125_TuneCP5_13p6TeV_powheg-pythia8/RunIII2024Summer24NanoAODv15-150X_mcRun3_2024_realistic_v2-v2/NANOAODSIM
HIT|MC|tH|had|/THQ-4FS-ctcvcp_Par-M-125_TuneCP5_13p6TeV_madgraph-pythia8/RunIII2024Summer24NanoAODv15-150X_mcRun3_2024_realistic_v2-v2/NANOAODSIM
HIT|MC|tH|had|/THQ-ctcvcp-Hto2Mu-4FS_Par-M-125_TuneCP5_13p6TeV_madgraph-pythia8/RunIII2024Summer24NanoAODv15-150X_mcRun3_2024_realistic_v2_ext1-v2/NANOAODSIM
HIT|MC|tH|had|/THQ-ctcvcp-Hto2Mu-4FS_Par-M-125_TuneCP5_13p6TeV_madgraph-pythia8/RunIII2024Summer24NanoAODv15-150X_mcRun3_2024_realistic_v2-v2/NANOAODSIM
HIT|MC|tH|had|/THQ-Hto2G-4FS-ctcvcp_Par-M-125_TuneCP5_13p6TeV_madgraph-pythia8/RunIII2024Summer24NanoAODv15-150X_mcRun3_2024_realistic_v2-v2/NANOAODSIM
HIT|MC|tH|had|/THQ-Tto2Q-Hto2G-4FS_Par-k-0-ktilde-0-M-125_TuneCP5_13p6TeV_madgraph-pythia8/RunIII2024Summer24NanoAODv15-150X_mcRun3_2024_realistic_v2-v2/NANOAODSIM
HIT|MC|tH|had|/THQ-Tto2Q-Hto2G-4FS_Par-k-0-ktilde-1-M-125_TuneCP5_13p6TeV_madgraph-pythia8/RunIII2024Summer24NanoAODv15-150X_mcRun3_2024_realistic_v2-v2/NANOAODSIM
HIT|MC|tH|had|/THQ-Tto2Q-Hto2G-4FS_Par-k-0-ktilde-m1-M-125_TuneCP5_13p6TeV_madgraph-pythia8/RunIII2024Summer24NanoAODv15-150X_mcRun3_2024_realistic_v2-v2/NANOAODSIM
HIT|MC|tH|had|/THQ-Tto2Q-Hto2G-4FS_Par-k-0p7-ktilde-0p7-M-125_TuneCP5_13p6TeV_madgraph-pythia8/RunIII2024Summer24NanoAODv15-150X_mcRun3_2024_realistic_v2-v2/NANOAODSIM
HIT|MC|tH|had|/THQ-Tto2Q-Hto2G-4FS_Par-k-0p7-ktilde-m0p7-M-125_TuneCP5_13p6TeV_madgraph-pythia8/RunIII2024Summer24NanoAODv15-150X_mcRun3_2024_realistic_v2-v2/NANOAODSIM
HIT|MC|tH|had|/THQ-Tto2Q-Hto2G-4FS_Par-k-1-ktilde-0-M-125_TuneCP5_13p6TeV_madgraph-pythia8/RunIII2024Summer24NanoAODv15-150X_mcRun3_2024_realistic_v2-v2/NANOAODSIM
HIT|MC|tH|had|/THQ-Tto2Q-Hto2G-4FS_Par-k-m1-ktilde-0-M-125_TuneCP5_13p6TeV_madgraph-pythia8/RunIII2024Summer24NanoAODv15-150X_mcRun3_2024_realistic_v2-v2/NANOAODSIM
HIT|MC|tH|had|/THQ-TtoLNu-Hto2G-4FS_Par-k-0-ktilde-0-M-125_TuneCP5_13p6TeV_madgraph-pythia8/RunIII2024Summer24NanoAODv15-150X_mcRun3_2024_realistic_v2-v2/NANOAODSIM
HIT|MC|tH|had|/THQ-TtoLNu-Hto2G-4FS_Par-k-0-ktilde-1-M-125_TuneCP5_13p6TeV_madgraph-pythia8/RunIII2024Summer24NanoAODv15-150X_mcRun3_2024_realistic_v2-v2/NANOAODSIM
HIT|MC|tH|had|/THQ-TtoLNu-Hto2G-4FS_Par-k-0-ktilde-m1-M-125_TuneCP5_13p6TeV_madgraph-pythia8/RunIII2024Summer24NanoAODv15-150X_mcRun3_2024_realistic_v2-v2/NANOAODSIM
HIT|MC|tH|had|/THQ-TtoLNu-Hto2G-4FS_Par-k-0p7-ktilde-0p7-M-125_TuneCP5_13p6TeV_madgraph-pythia8/RunIII2024Summer24NanoAODv15-150X_mcRun3_2024_realistic_v2-v2/NANOAODSIM
HIT|MC|tH|had|/THQ-TtoLNu-Hto2G-4FS_Par-k-0p7-ktilde-m0p7-M-125_TuneCP5_13p6TeV_madgraph-pythia8/RunIII2024Summer24NanoAODv15-150X_mcRun3_2024_realistic_v2-v2/NANOAODSIM
HIT|MC|tH|had|/THQ-TtoLNu-Hto2G-4FS_Par-k-1-ktilde-0-M-125_TuneCP5_13p6TeV_madgraph-pythia8/RunIII2024Summer24NanoAODv15-150X_mcRun3_2024_realistic_v2-v2/NANOAODSIM
HIT|MC|tH|had|/THQ-TtoLNu-Hto2G-4FS_Par-k-m1-ktilde-0-M-125_TuneCP5_13p6TeV_madgraph-pythia8/RunIII2024Summer24NanoAODv15-150X_mcRun3_2024_realistic_v2-v2/NANOAODSIM
HIT|MC|tH|had|/THW-5FS-ctcvcp_Par-M-125_TuneCP5_13p6TeV_madgraph-pythia8/RunIII2024Summer24NanoAODv15-150X_mcRun3_2024_realistic_v2-v2/NANOAODSIM
HIT|MC|tH|had|/THW-ctcvcp-Hto2Mu-5FS_Par-M-125_TuneCP5_13p6TeV_madgraph-pythia8/RunIII2024Summer24NanoAODv15-150X_mcRun3_2024_realistic_v2_ext1-v2/NANOAODSIM
HIT|MC|tH|had|/THW-ctcvcp-Hto2Mu-5FS_Par-M-125_TuneCP5_13p6TeV_madgraph-pythia8/RunIII2024Summer24NanoAODv15-150X_mcRun3_2024_realistic_v2-v2/NANOAODSIM
HIT|MC|tH|had|/THW-Hto2G-5FS-ctcvcp_Par-M-125_TuneCP5_13p6TeV_madgraph-pythia8/RunIII2024Summer24NanoAODv15-150X_mcRun3_2024_realistic_v2-v2/NANOAODSIM
NONE|MC|tH|/TQ*H*/RunIII2024Summer24NanoAODv15*/NANOAODSIM
HIT|MC|tH|had|/TWminusto2L2Nu_Par-Hdamp-158_TuneCP5_13p6TeV_powheg-pythia8/RunIII2024Summer24NanoAODv15-150X_mcRun3_2024_realistic_v2-v2/NANOAODSIM
HIT|MC|tH|had|/TWminusto2L2Nu_Par-Hdamp-418_TuneCP5_13p6TeV_powheg-pythia8/RunIII2024Summer24NanoAODv15-150X_mcRun3_2024_realistic_v2-v2/NANOAODSIM
HIT|MC|tH|had|/TWminusto4Q_Par-Hdamp-158_TuneCP5_13p6TeV_powheg-pythia8/RunIII2024Summer24NanoAODv15-150X_mcRun3_2024_realistic_v2-v2/NANOAODSIM
HIT|MC|tH|had|/TWminusto4Q_Par-Hdamp-418_TuneCP5_13p6TeV_powheg-pythia8/RunIII2024Summer24NanoAODv15-150X_mcRun3_2024_realistic_v2-v2/NANOAODSIM
HIT|MC|tH|had|/TWminustoLNu2Q_Par-Hdamp-158_TuneCP5_13p6TeV_powheg-pythia8/RunIII2024Summer24NanoAODv15-150X_mcRun3_2024_realistic_v2-v2/NANOAODSIM
HIT|MC|tH|had|/TWminustoLNu2Q_Par-Hdamp-418_TuneCP5_13p6TeV_powheg-pythia8/RunIII2024Summer24NanoAODv15-150X_mcRun3_2024_realistic_v2-v2/NANOAODSIM
HIT|MC|ttV|had|/TTZH-ZHto4B_TuneCP5_13p6TeV_madgraph-pythia8/RunIII2024Summer24NanoAODv15-150X_mcRun3_2024_realistic_v2-v2/NANOAODSIM
HIT|MC|ttV|had|/TTZ-ZtoQQ-1Jets_TuneCP5_13p6TeV_amcatnloFXFXold-pythia8/RunIII2024Summer24NanoAODv15-150X_mcRun3_2024_realistic_v2-v2/NANOAODSIM
HIT|MC|ttV|had|/TTZ-ZtoQQ-1J_TuneCP5_13p6TeV_madgraphMLM-pythia8/RunIII2024Summer24NanoAODv15-150X_mcRun3_2024_realistic_v2-v2/NANOAODSIM
HIT|MC|ttV|had|/TTZZ_TuneCP5_13p6TeV_madgraph-pythia8/RunIII2024Summer24NanoAODv15-150X_mcRun3_2024_realistic_v2-v2/NANOAODSIM
HIT|MC|ttV|had|/TTZZ-ZZto4B_TuneCP5_13p6TeV_madgraph-pythia8/RunIII2024Summer24NanoAODv15-150X_mcRun3_2024_realistic_v2-v3/NANOAODSIM
HIT|MC|ttV|had|/TTLL-AtLeastOneTtoL-CPV_TuneCP5_13p6TeV_madgraph-pythia8/RunIII2024Summer24NanoAODv15-150X_mcRun3_2024_realistic_v2-v2/NANOAODSIM
HIT|MC|ttV|had|/TTLL_Bin-MLL-4to50_TuneCP5_13p6TeV_amcatnlo-pythia8/RunIII2024Summer24NanoAODv15-150X_mcRun3_2024_realistic_v2-v2/NANOAODSIM
HIT|MC|ttV|had|/TTLL_Bin-MLL-50_TuneCP5_13p6TeV_amcatnlo-pythia8/RunIII2024Summer24NanoAODv15-150X_mcRun3_2024_realistic_v2-v2/NANOAODSIM
HIT|MC|ttV|had|/TTLNu-1Jets_TuneCP5_13p6TeV_amcatnloFXFX-pythia8/RunIII2024Summer24NanoAODv15-mg35x_150X_mcRun3_2024_realistic_v2-v2/NANOAODSIM
HIT|MC|ttV|had|/TTLNu-EWK_TuneCP5_13p6TeV_amcatnlo-pythia8/RunIII2024Summer24NanoAODv15-150X_mcRun3_2024_realistic_v2-v2/NANOAODSIM
HIT|MC|ttV|had|/TTWH_TuneCP5_13p6TeV_madgraph-pythia8/RunIII2024Summer24NanoAODv15-150X_mcRun3_2024_realistic_v2-v2/NANOAODSIM
HIT|MC|ttV|had|/TTW-WtoQQ-1Jets_TuneCP5_13p6TeV_amcatnloFXFXold-pythia8/RunIII2024Summer24NanoAODv15-150X_mcRun3_2024_realistic_v2-v2/NANOAODSIM
HIT|MC|ttV|had|/TTWW_TuneCP5_13p6TeV_madgraph-pythia8/RunIII2024Summer24NanoAODv15-150X_mcRun3_2024_realistic_v2-v2/NANOAODSIM
HIT|MC|ttV|had|/TTWZ_TuneCP5_13p6TeV_madgraph-pythia8/RunIII2024Summer24NanoAODv15-150X_mcRun3_2024_realistic_v2-v2/NANOAODSIM
HIT|MC|ttV|had|/TTNuNu_TuneCP5_13p6TeV_amcatnlo-pythia8/RunIII2024Summer24NanoAODv15-150X_mcRun3_2024_realistic_v2-v2/NANOAODSIM
HIT|MC|ttVV_4top|had|/TTWW_TuneCP5_13p6TeV_madgraph-pythia8/RunIII2024Summer24NanoAODv15-150X_mcRun3_2024_realistic_v2-v2/NANOAODSIM
HIT|MC|ttVV_4top|had|/TTWZ_TuneCP5_13p6TeV_madgraph-pythia8/RunIII2024Summer24NanoAODv15-150X_mcRun3_2024_realistic_v2-v2/NANOAODSIM
HIT|MC|ttVV_4top|had|/TTZZ_TuneCP5_13p6TeV_madgraph-pythia8/RunIII2024Summer24NanoAODv15-150X_mcRun3_2024_realistic_v2-v2/NANOAODSIM
HIT|MC|ttVV_4top|had|/TTZZ-ZZto4B_TuneCP5_13p6TeV_madgraph-pythia8/RunIII2024Summer24NanoAODv15-150X_mcRun3_2024_realistic_v2-v3/NANOAODSIM
HIT|MC|ttVV_4top|had|/TTWH_TuneCP5_13p6TeV_madgraph-pythia8/RunIII2024Summer24NanoAODv15-150X_mcRun3_2024_realistic_v2-v2/NANOAODSIM
HIT|MC|ttVV_4top|had|/TTZH-ZHto4B_TuneCP5_13p6TeV_madgraph-pythia8/RunIII2024Summer24NanoAODv15-150X_mcRun3_2024_realistic_v2-v2/NANOAODSIM
HIT|MC|ttVV_4top|had|/TTTT_TuneCP5_13p6TeV_amcatnlo-pythia8/RunIII2024Summer24NanoAODv15-150X_mcRun3_2024_realistic_v2-v2/NANOAODSIM
HIT|MC|ttVV_4top|had|/TTTWminus-DR1_TuneCP5_13p6TeV_amcatnlo-pythia8/RunIII2024Summer24NanoAODv15-150X_mcRun3_2024_realistic_v2-v2/NANOAODSIM
HIT|MC|ttVV_4top|had|/TTTWminus-DRW_TuneCP5_13p6TeV_amcatnlo-pythia8/RunIII2024Summer24NanoAODv15-150X_mcRun3_2024_realistic_v2-v2/NANOAODSIM
HIT|MC|ttVV_4top|had|/TTTWplus-DR1_TuneCP5_13p6TeV_amcatnlo-pythia8/RunIII2024Summer24NanoAODv15-150X_mcRun3_2024_realistic_v2-v2/NANOAODSIM
HIT|MC|ttVV_4top|had|/TTTWplus-DRW_TuneCP5_13p6TeV_amcatnlo-pythia8/RunIII2024Summer24NanoAODv15-150X_mcRun3_2024_realistic_v2-v2/NANOAODSIM
NONE|MC|ttVV_4top|/TT4b*/RunIII2024Summer24NanoAODv15*/NANOAODSIM
NONE|MC|ttVV_4top|/TTbbbb*/RunIII2024Summer24NanoAODv15*/NANOAODSIM
HIT|MC|singletop|had|/TBbarQto2Q-t-channel-4FS_TuneCP5_13p6TeV_powheg-madspin-pythia8/RunIII2024Summer24NanoAODv15-150X_mcRun3_2024_realistic_v2-v2/NANOAODSIM
HIT|MC|singletop|had|/TBbarQto2Q-t-channel-4FS_TuneCP5_13p6TeV_powheg-madspin-pythia8/RunIII2024Summer24NanoAODv15-JMENanoV15_150X_mcRun3_2024_realistic_v2-v1/NANOAODSIM
HIT|MC|singletop|had|/TBbarQtoLNu-t-channel-4FS_Par-Hdamp-158_TuneCP5_13p6TeV_powheg-madspin-pythia8/RunIII2024Summer24NanoAODv15-150X_mcRun3_2024_realistic_v2-v2/NANOAODSIM
HIT|MC|singletop|had|/TBbarQtoLNu-t-channel-4FS_Par-Hdamp-418_TuneCP5_13p6TeV_powheg-madspin-pythia8/RunIII2024Summer24NanoAODv15-150X_mcRun3_2024_realistic_v2-v2/NANOAODSIM
HIT|MC|singletop|had|/TBbarQtoLNu-t-channel-4FS_Par-MT-166p5_TuneCP5_13p6TeV_powheg-madspin-pythia8/RunIII2024Summer24NanoAODv15-150X_mcRun3_2024_realistic_v2-v2/NANOAODSIM
HIT|MC|singletop|had|/TBbarQtoLNu-t-channel-4FS_Par-MT-169p5_TuneCP5_13p6TeV_powheg-madspin-pythia8/RunIII2024Summer24NanoAODv15-150X_mcRun3_2024_realistic_v2-v2/NANOAODSIM
HIT|MC|singletop|had|/TBbarQtoLNu-t-channel-4FS_Par-MT-171p5_TuneCP5_13p6TeV_powheg-madspin-pythia8/RunIII2024Summer24NanoAODv15-150X_mcRun3_2024_realistic_v2-v2/NANOAODSIM
HIT|MC|singletop|had|/TBbarQtoLNu-t-channel-4FS_Par-MT-173p5_TuneCP5_13p6TeV_powheg-madspin-pythia8/RunIII2024Summer24NanoAODv15-150X_mcRun3_2024_realistic_v2-v2/NANOAODSIM
HIT|MC|singletop|had|/TBbarQtoLNu-t-channel-4FS_Par-MT-175p5_TuneCP5_13p6TeV_powheg-madspin-pythia8/RunIII2024Summer24NanoAODv15-150X_mcRun3_2024_realistic_v2-v2/NANOAODSIM
HIT|MC|singletop|had|/TBbarQtoLNu-t-channel-4FS_Par-MT-178p5_TuneCP5_13p6TeV_powheg-madspin-pythia8/RunIII2024Summer24NanoAODv15-150X_mcRun3_2024_realistic_v2-v2/NANOAODSIM
HIT|MC|singletop|had|/TBbarQtoLNu-t-channel-4FS_TuneCP5_13p6TeV_powheg-madspin-pythia8/RunIII2024Summer24NanoAODv15-150X_mcRun3_2024_realistic_v2-v2/NANOAODSIM
HIT|MC|singletop|had|/TBbarQtoLNu-t-channel-4FS_TuneCP5_13p6TeV_powheg-madspin-pythia8/RunIII2024Summer24NanoAODv15-BTVNanoV15_150X_mcRun3_2024_realistic_v2-v1/NANOAODSIM
HIT|MC|singletop|had|/TBbarQtoLNu-t-channel-4FS_TuneCP5_13p6TeV_powheg-madspin-pythia8/RunIII2024Summer24NanoAODv15-JMENanoV15_150X_mcRun3_2024_realistic_v2-v1/NANOAODSIM
HIT|MC|singletop|had|/TBbarQtoLNu-t-channel-4FS_TuneCP5Down_13p6TeV_powheg-madspin-pythia8/RunIII2024Summer24NanoAODv15-150X_mcRun3_2024_realistic_v2-v2/NANOAODSIM
HIT|MC|singletop|had|/TBbarQtoLNu-t-channel-4FS_TuneCP5Up_13p6TeV_powheg-madspin-pythia8/RunIII2024Summer24NanoAODv15-150X_mcRun3_2024_realistic_v2-v2/NANOAODSIM
HIT|MC|singletop|had|/TbarBQto2Q-t-channel-4FS_TuneCP5_13p6TeV_powheg-madspin-pythia8/RunIII2024Summer24NanoAODv15-150X_mcRun3_2024_realistic_v2-v2/NANOAODSIM
HIT|MC|singletop|had|/TbarBQto2Q-t-channel-4FS_TuneCP5_13p6TeV_powheg-madspin-pythia8/RunIII2024Summer24NanoAODv15-JMENanoV15_150X_mcRun3_2024_realistic_v2-v1/NANOAODSIM
HIT|MC|singletop|had|/TbarBQtoLNu-t-channel-4FS_Par-Hdamp-158_TuneCP5_13p6TeV_powheg-madspin-pythia8/RunIII2024Summer24NanoAODv15-150X_mcRun3_2024_realistic_v2-v2/NANOAODSIM
HIT|MC|singletop|had|/TbarBQtoLNu-t-channel-4FS_Par-Hdamp-418_TuneCP5_13p6TeV_powheg-madspin-pythia8/RunIII2024Summer24NanoAODv15-150X_mcRun3_2024_realistic_v2-v2/NANOAODSIM
HIT|MC|singletop|had|/TbarBQtoLNu-t-channel-4FS_Par-MT-166p5_TuneCP5_13p6TeV_powheg-madspin-pythia8/RunIII2024Summer24NanoAODv15-150X_mcRun3_2024_realistic_v2-v2/NANOAODSIM
HIT|MC|singletop|had|/TbarBQtoLNu-t-channel-4FS_Par-MT-169p5_TuneCP5_13p6TeV_powheg-madspin-pythia8/RunIII2024Summer24NanoAODv15-150X_mcRun3_2024_realistic_v2-v2/NANOAODSIM
HIT|MC|singletop|had|/TbarBQtoLNu-t-channel-4FS_Par-MT-171p5_TuneCP5_13p6TeV_powheg-madspin-pythia8/RunIII2024Summer24NanoAODv15-150X_mcRun3_2024_realistic_v2-v2/NANOAODSIM
HIT|MC|singletop|had|/TbarBQtoLNu-t-channel-4FS_Par-MT-173p5_TuneCP5_13p6TeV_powheg-madspin-pythia8/RunIII2024Summer24NanoAODv15-150X_mcRun3_2024_realistic_v2-v2/NANOAODSIM
HIT|MC|singletop|had|/TbarBQtoLNu-t-channel-4FS_Par-MT-175p5_TuneCP5_13p6TeV_powheg-madspin-pythia8/RunIII2024Summer24NanoAODv15-150X_mcRun3_2024_realistic_v2-v2/NANOAODSIM
HIT|MC|singletop|had|/TbarBQtoLNu-t-channel-4FS_Par-MT-178p5_TuneCP5_13p6TeV_powheg-madspin-pythia8/RunIII2024Summer24NanoAODv15-150X_mcRun3_2024_realistic_v2-v2/NANOAODSIM
HIT|MC|singletop|had|/TbarBQtoLNu-t-channel-4FS_TuneCP5_13p6TeV_powheg-madspin-pythia8/RunIII2024Summer24NanoAODv15-150X_mcRun3_2024_realistic_v2-v2/NANOAODSIM
HIT|MC|singletop|had|/TbarBQtoLNu-t-channel-4FS_TuneCP5_13p6TeV_powheg-madspin-pythia8/RunIII2024Summer24NanoAODv15-BTVNanoV15_150X_mcRun3_2024_realistic_v2-v1/NANOAODSIM
HIT|MC|singletop|had|/TbarBQtoLNu-t-channel-4FS_TuneCP5_13p6TeV_powheg-madspin-pythia8/RunIII2024Summer24NanoAODv15-JMENanoV15_150X_mcRun3_2024_realistic_v2-v1/NANOAODSIM
HIT|MC|singletop|had|/TbarBQtoLNu-t-channel-4FS_TuneCP5Down_13p6TeV_powheg-madspin-pythia8/RunIII2024Summer24NanoAODv15-150X_mcRun3_2024_realistic_v2-v2/NANOAODSIM
HIT|MC|singletop|had|/TbarBQtoLNu-t-channel-4FS_TuneCP5Up_13p6TeV_powheg-madspin-pythia8/RunIII2024Summer24NanoAODv15-150X_mcRun3_2024_realistic_v2-v2/NANOAODSIM
HIT|MC|singletop|had|/TWminusto2L2Nu-DS_TuneCP5_13p6TeV_powheg-pythia8/RunIII2024Summer24NanoAODv15-150X_mcRun3_2024_realistic_v2-v2/NANOAODSIM
HIT|MC|singletop|had|/TWminusto2L2Nu_Par-ERD-On_TuneCP5_13p6TeV_powheg-pythia8/RunIII2024Summer24NanoAODv15-150X_mcRun3_2024_realistic_v2-v2/NANOAODSIM
HIT|MC|singletop|had|/TWminusto2L2Nu_Par-Hdamp-158_TuneCP5_13p6TeV_powheg-pythia8/RunIII2024Summer24NanoAODv15-150X_mcRun3_2024_realistic_v2-v2/NANOAODSIM
HIT|MC|singletop|had|/TWminusto2L2Nu_Par-Hdamp-418_TuneCP5_13p6TeV_powheg-pythia8/RunIII2024Summer24NanoAODv15-150X_mcRun3_2024_realistic_v2-v2/NANOAODSIM
HIT|MC|singletop|had|/TWminusto2L2Nu_Par-MT-169p5_TuneCP5_13p6TeV_powheg-pythia8/RunIII2024Summer24NanoAODv15-150X_mcRun3_2024_realistic_v2-v2/NANOAODSIM
HIT|MC|singletop|had|/TWminusto2L2Nu_Par-MT-171p5_TuneCP5_13p6TeV_powheg-pythia8/RunIII2024Summer24NanoAODv15-150X_mcRun3_2024_realistic_v2-v2/NANOAODSIM
HIT|MC|singletop|had|/TWminusto2L2Nu_Par-MT-173p5_TuneCP5_13p6TeV_powheg-pythia8/RunIII2024Summer24NanoAODv15-150X_mcRun3_2024_realistic_v2-v2/NANOAODSIM
HIT|MC|singletop|had|/TWminusto2L2Nu_Par-MT-175p5_TuneCP5_13p6TeV_powheg-pythia8/RunIII2024Summer24NanoAODv15-150X_mcRun3_2024_realistic_v2-v2/NANOAODSIM
HIT|MC|singletop|had|/TWminusto2L2Nu_TuneCP5_13p6TeV_powheg-pythia8/RunIII2024Summer24NanoAODv15-150X_mcRun3_2024_realistic_v2-v2/NANOAODSIM
HIT|MC|singletop|had|/TWminusto2L2Nu_TuneCP5_13p6TeV_powheg-pythia8/RunIII2024Summer24NanoAODv15-JMENanoV15_150X_mcRun3_2024_realistic_v2-v1/NANOAODSIM
HIT|MC|singletop|had|/TWminusto2L2Nu_TuneCP5CR1_13p6TeV_powheg-pythia8/RunIII2024Summer24NanoAODv15-150X_mcRun3_2024_realistic_v2-v2/NANOAODSIM
HIT|MC|singletop|had|/TWminusto2L2Nu_TuneCP5CR2_13p6TeV_powheg-pythia8/RunIII2024Summer24NanoAODv15-150X_mcRun3_2024_realistic_v2-v2/NANOAODSIM
HIT|MC|singletop|had|/TWminusto2L2Nu_TuneCP5Down_13p6TeV_powheg-pythia8/RunIII2024Summer24NanoAODv15-150X_mcRun3_2024_realistic_v2-v2/NANOAODSIM
HIT|MC|singletop|had|/TWminusto2L2Nu_TuneCP5Up_13p6TeV_powheg-pythia8/RunIII2024Summer24NanoAODv15-150X_mcRun3_2024_realistic_v2-v2/NANOAODSIM
HIT|MC|singletop|had|/TWminusto4Q-DS_TuneCP5_13p6TeV_powheg-pythia8/RunIII2024Summer24NanoAODv15-150X_mcRun3_2024_realistic_v2-v2/NANOAODSIM
HIT|MC|singletop|had|/TWminusto4Q_Par-ERD-On_TuneCP5_13p6TeV_powheg-pythia8/RunIII2024Summer24NanoAODv15-150X_mcRun3_2024_realistic_v2-v2/NANOAODSIM
HIT|MC|singletop|had|/TWminusto4Q_Par-Hdamp-158_TuneCP5_13p6TeV_powheg-pythia8/RunIII2024Summer24NanoAODv15-150X_mcRun3_2024_realistic_v2-v2/NANOAODSIM
HIT|MC|singletop|had|/TWminusto4Q_Par-Hdamp-418_TuneCP5_13p6TeV_powheg-pythia8/RunIII2024Summer24NanoAODv15-150X_mcRun3_2024_realistic_v2-v2/NANOAODSIM
HIT|MC|singletop|had|/TWminusto4Q_Par-MT-169p5_TuneCP5_13p6TeV_powheg-pythia8/RunIII2024Summer24NanoAODv15-150X_mcRun3_2024_realistic_v2-v2/NANOAODSIM
HIT|MC|singletop|had|/TWminusto4Q_Par-MT-171p5_TuneCP5_13p6TeV_powheg-pythia8/RunIII2024Summer24NanoAODv15-150X_mcRun3_2024_realistic_v2-v2/NANOAODSIM
HIT|MC|singletop|had|/TWminusto4Q_Par-MT-173p5_TuneCP5_13p6TeV_powheg-pythia8/RunIII2024Summer24NanoAODv15-150X_mcRun3_2024_realistic_v2-v2/NANOAODSIM
HIT|MC|singletop|had|/TWminusto4Q_Par-MT-175p5_TuneCP5_13p6TeV_powheg-pythia8/RunIII2024Summer24NanoAODv15-150X_mcRun3_2024_realistic_v2-v2/NANOAODSIM
HIT|MC|singletop|had|/TWminusto4Q_TuneCP5_13p6TeV_powheg-pythia8/RunIII2024Summer24NanoAODv15-150X_mcRun3_2024_realistic_v2-v2/NANOAODSIM
HIT|MC|singletop|had|/TWminusto4Q_TuneCP5_13p6TeV_powheg-pythia8/RunIII2024Summer24NanoAODv15-JMENanoV15_150X_mcRun3_2024_realistic_v2-v1/NANOAODSIM
HIT|MC|singletop|had|/TWminustoLNu2Q-DS_TuneCP5_13p6TeV_powheg-pythia8/RunIII2024Summer24NanoAODv15-150X_mcRun3_2024_realistic_v2-v2/NANOAODSIM
HIT|MC|singletop|had|/TWminustoLNu2Q_Par-ERD-On_TuneCP5_13p6TeV_powheg-pythia8/RunIII2024Summer24NanoAODv15-150X_mcRun3_2024_realistic_v2-v2/NANOAODSIM
HIT|MC|singletop|had|/TWminustoLNu2Q_Par-Hdamp-158_TuneCP5_13p6TeV_powheg-pythia8/RunIII2024Summer24NanoAODv15-150X_mcRun3_2024_realistic_v2-v2/NANOAODSIM
HIT|MC|singletop|had|/TWminustoLNu2Q_Par-Hdamp-418_TuneCP5_13p6TeV_powheg-pythia8/RunIII2024Summer24NanoAODv15-150X_mcRun3_2024_realistic_v2-v2/NANOAODSIM
HIT|MC|singletop|had|/TWminustoLNu2Q_Par-MT-169p5_TuneCP5_13p6TeV_powheg-pythia8/RunIII2024Summer24NanoAODv15-150X_mcRun3_2024_realistic_v2-v2/NANOAODSIM
HIT|MC|singletop|had|/TWminustoLNu2Q_Par-MT-171p5_TuneCP5_13p6TeV_powheg-pythia8/RunIII2024Summer24NanoAODv15-150X_mcRun3_2024_realistic_v2-v2/NANOAODSIM
HIT|MC|singletop|had|/TWminustoLNu2Q_Par-MT-173p5_TuneCP5_13p6TeV_powheg-pythia8/RunIII2024Summer24NanoAODv15-150X_mcRun3_2024_realistic_v2-v2/NANOAODSIM
HIT|MC|singletop|had|/TWminustoLNu2Q_Par-MT-175p5_TuneCP5_13p6TeV_powheg-pythia8/RunIII2024Summer24NanoAODv15-150X_mcRun3_2024_realistic_v2-v2/NANOAODSIM
HIT|MC|singletop|had|/TWminustoLNu2Q_TuneCP5_13p6TeV_powheg-pythia8/RunIII2024Summer24NanoAODv15-150X_mcRun3_2024_realistic_v2-v2/NANOAODSIM
HIT|MC|singletop|had|/TWminustoLNu2Q_TuneCP5_13p6TeV_powheg-pythia8/RunIII2024Summer24NanoAODv15-JMENanoV15_150X_mcRun3_2024_realistic_v2-v1/NANOAODSIM
HIT|MC|singletop|had|/TWminustoLNu2Q_TuneCP5CR1_13p6TeV_powheg-pythia8/RunIII2024Summer24NanoAODv15-150X_mcRun3_2024_realistic_v2-v2/NANOAODSIM
HIT|MC|singletop|had|/TWminustoLNu2Q_TuneCP5CR2_13p6TeV_powheg-pythia8/RunIII2024Summer24NanoAODv15-150X_mcRun3_2024_realistic_v2-v2/NANOAODSIM
HIT|MC|singletop|had|/TWminustoLNu2Q_TuneCP5Down_13p6TeV_powheg-pythia8/RunIII2024Summer24NanoAODv15-150X_mcRun3_2024_realistic_v2-v2/NANOAODSIM
HIT|MC|singletop|had|/TWminustoLNu2Q_TuneCP5Up_13p6TeV_powheg-pythia8/RunIII2024Summer24NanoAODv15-150X_mcRun3_2024_realistic_v2-v2/NANOAODSIM
HIT|MC|singletop|had|/TbarWplusto2L2Nu-DS_TuneCP5_13p6TeV_powheg-pythia8/RunIII2024Summer24NanoAODv15-150X_mcRun3_2024_realistic_v2-v2/NANOAODSIM
HIT|MC|singletop|had|/TbarWplusto2L2Nu_Par-ERD-On_TuneCP5_13p6TeV_powheg-pythia8/RunIII2024Summer24NanoAODv15-150X_mcRun3_2024_realistic_v2-v2/NANOAODSIM
HIT|MC|singletop|had|/TbarWplusto2L2Nu_Par-Hdamp-158_TuneCP5_13p6TeV_powheg-pythia8/RunIII2024Summer24NanoAODv15-150X_mcRun3_2024_realistic_v2-v2/NANOAODSIM
HIT|MC|singletop|had|/TbarWplusto2L2Nu_Par-Hdamp-418_TuneCP5_13p6TeV_powheg-pythia8/RunIII2024Summer24NanoAODv15-150X_mcRun3_2024_realistic_v2-v2/NANOAODSIM
HIT|MC|singletop|had|/TbarWplusto2L2Nu_Par-MT-169p5_TuneCP5_13p6TeV_powheg-pythia8/RunIII2024Summer24NanoAODv15-150X_mcRun3_2024_realistic_v2-v2/NANOAODSIM
HIT|MC|singletop|had|/TbarWplusto2L2Nu_Par-MT-171p5_TuneCP5_13p6TeV_powheg-pythia8/RunIII2024Summer24NanoAODv15-150X_mcRun3_2024_realistic_v2-v2/NANOAODSIM
HIT|MC|singletop|had|/TbarWplusto2L2Nu_Par-MT-173p5_TuneCP5_13p6TeV_powheg-pythia8/RunIII2024Summer24NanoAODv15-150X_mcRun3_2024_realistic_v2-v2/NANOAODSIM
HIT|MC|singletop|had|/TbarWplusto2L2Nu_Par-MT-175p5_TuneCP5_13p6TeV_powheg-pythia8/RunIII2024Summer24NanoAODv15-150X_mcRun3_2024_realistic_v2-v2/NANOAODSIM
HIT|MC|singletop|had|/TbarWplusto2L2Nu_TuneCP5_13p6TeV_powheg-pythia8/RunIII2024Summer24NanoAODv15-150X_mcRun3_2024_realistic_v2-v2/NANOAODSIM
HIT|MC|singletop|had|/TbarWplusto2L2Nu_TuneCP5_13p6TeV_powheg-pythia8/RunIII2024Summer24NanoAODv15-JMENanoV15_150X_mcRun3_2024_realistic_v2-v1/NANOAODSIM
HIT|MC|singletop|had|/TbarWplusto4Q-DS_TuneCP5_13p6TeV_powheg-pythia8/RunIII2024Summer24NanoAODv15-150X_mcRun3_2024_realistic_v2-v2/NANOAODSIM
HIT|MC|singletop|had|/TbarWplusto4Q_Par-ERD-On_TuneCP5_13p6TeV_powheg-pythia8/RunIII2024Summer24NanoAODv15-150X_mcRun3_2024_realistic_v2-v2/NANOAODSIM
HIT|MC|singletop|had|/TbarWplusto4Q_Par-Hdamp-158_TuneCP5_13p6TeV_powheg-pythia8/RunIII2024Summer24NanoAODv15-150X_mcRun3_2024_realistic_v2-v2/NANOAODSIM
HIT|MC|singletop|had|/TbarWplusto4Q_Par-Hdamp-418_TuneCP5_13p6TeV_powheg-pythia8/RunIII2024Summer24NanoAODv15-150X_mcRun3_2024_realistic_v2-v2/NANOAODSIM
HIT|MC|singletop|had|/TbarWplusto4Q_Par-MT-169p5_TuneCP5_13p6TeV_powheg-pythia8/RunIII2024Summer24NanoAODv15-150X_mcRun3_2024_realistic_v2-v2/NANOAODSIM
HIT|MC|singletop|had|/TbarWplusto4Q_Par-MT-171p5_TuneCP5_13p6TeV_powheg-pythia8/RunIII2024Summer24NanoAODv15-150X_mcRun3_2024_realistic_v2-v2/NANOAODSIM
HIT|MC|singletop|had|/TbarWplusto4Q_Par-MT-173p5_TuneCP5_13p6TeV_powheg-pythia8/RunIII2024Summer24NanoAODv15-150X_mcRun3_2024_realistic_v2-v2/NANOAODSIM
HIT|MC|singletop|had|/TbarWplusto4Q_Par-MT-175p5_TuneCP5_13p6TeV_powheg-pythia8/RunIII2024Summer24NanoAODv15-150X_mcRun3_2024_realistic_v2-v2/NANOAODSIM
HIT|MC|singletop|had|/TbarWplusto4Q_TuneCP5_13p6TeV_powheg-pythia8/RunIII2024Summer24NanoAODv15-150X_mcRun3_2024_realistic_v2-v2/NANOAODSIM
HIT|MC|singletop|had|/TbarWplusto4Q_TuneCP5_13p6TeV_powheg-pythia8/RunIII2024Summer24NanoAODv15-JMENanoV15_150X_mcRun3_2024_realistic_v2-v1/NANOAODSIM
HIT|MC|singletop|had|/TbarWplustoLNu2Q-DS_TuneCP5_13p6TeV_powheg-pythia8/RunIII2024Summer24NanoAODv15-150X_mcRun3_2024_realistic_v2-v2/NANOAODSIM
HIT|MC|singletop|had|/TbarWplustoLNu2Q_Par-ERD-On_TuneCP5_13p6TeV_powheg-pythia8/RunIII2024Summer24NanoAODv15-150X_mcRun3_2024_realistic_v2-v2/NANOAODSIM
HIT|MC|singletop|had|/TbarWplustoLNu2Q_Par-Hdamp-158_TuneCP5_13p6TeV_powheg-pythia8/RunIII2024Summer24NanoAODv15-150X_mcRun3_2024_realistic_v2-v2/NANOAODSIM
HIT|MC|singletop|had|/TbarWplustoLNu2Q_Par-Hdamp-418_TuneCP5_13p6TeV_powheg-pythia8/RunIII2024Summer24NanoAODv15-150X_mcRun3_2024_realistic_v2-v2/NANOAODSIM
HIT|MC|singletop|had|/TbarWplustoLNu2Q_Par-MT-169p5_TuneCP5_13p6TeV_powheg-pythia8/RunIII2024Summer24NanoAODv15-150X_mcRun3_2024_realistic_v2-v2/NANOAODSIM
HIT|MC|singletop|had|/TbarWplustoLNu2Q_Par-MT-171p5_TuneCP5_13p6TeV_powheg-pythia8/RunIII2024Summer24NanoAODv15-150X_mcRun3_2024_realistic_v2-v2/NANOAODSIM
HIT|MC|singletop|had|/TbarWplustoLNu2Q_Par-MT-173p5_TuneCP5_13p6TeV_powheg-pythia8/RunIII2024Summer24NanoAODv15-150X_mcRun3_2024_realistic_v2-v2/NANOAODSIM
HIT|MC|singletop|had|/TbarWplustoLNu2Q_Par-MT-175p5_TuneCP5_13p6TeV_powheg-pythia8/RunIII2024Summer24NanoAODv15-150X_mcRun3_2024_realistic_v2-v2/NANOAODSIM
HIT|MC|singletop|had|/TbarWplustoLNu2Q_TuneCP5_13p6TeV_powheg-pythia8/RunIII2024Summer24NanoAODv15-150X_mcRun3_2024_realistic_v2-v2/NANOAODSIM
HIT|MC|singletop|had|/TbarWplustoLNu2Q_TuneCP5_13p6TeV_powheg-pythia8/RunIII2024Summer24NanoAODv15-BTVNanoV15_150X_mcRun3_2024_realistic_v2-v1/NANOAODSIM
HIT|MC|singletop|had|/TbarWplustoLNu2Q_TuneCP5_13p6TeV_powheg-pythia8/RunIII2024Summer24NanoAODv15-JMENanoV15_150X_mcRun3_2024_realistic_v2-v1/NANOAODSIM
HIT|MC|singletop|had|/TBbarto2Q-s-channel_TuneCP5_13p6TeV_powheg-pythia8/RunIII2024Summer24NanoAODv15-150X_mcRun3_2024_realistic_v2-v2/NANOAODSIM
HIT|MC|singletop|had|/TBbartoLNu-s-channel_TuneCP5_13p6TeV_powheg-pythia8/RunIII2024Summer24NanoAODv15-150X_mcRun3_2024_realistic_v2-v2/NANOAODSIM
HIT|MC|singletop|had|/TBbartoLplusNuBbar-s-channel-4FS_TuneCP5_13p6TeV_amcatnlo-pythia8/RunIII2024Summer24NanoAODv15-150X_mcRun3_2024_realistic_v2-v2/NANOAODSIM
HIT|MC|singletop|had|/TbarBto2Q-s-channel_TuneCP5_13p6TeV_powheg-pythia8/RunIII2024Summer24NanoAODv15-150X_mcRun3_2024_realistic_v2-v2/NANOAODSIM
HIT|MC|singletop|had|/TbarBtoLminusNuB-s-channel-4FS_TuneCP5_13p6TeV_amcatnlo-pythia8/RunIII2024Summer24NanoAODv15-150X_mcRun3_2024_realistic_v2-v2/NANOAODSIM
HIT|MC|singletop|had|/TbarBtoLNu-s-channel_TuneCP5_13p6TeV_powheg-pythia8/RunIII2024Summer24NanoAODv15-150X_mcRun3_2024_realistic_v2-v2/NANOAODSIM
NONE|MC|singletop|/ST_*/RunIII2024Summer24NanoAODv15*/NANOAODSIM
HIT|MC|diboson|had|/WW-DPS_TuneCP5_13p6TeV_pythia8/RunIII2024Summer24NanoAODv15-150X_mcRun3_2024_realistic_v2-v2/NANOAODSIM
HIT|MC|diboson|had|/WWGtoLNu2QG-4FS_TuneCP5_13p6TeV_amcatnlo-pythia8/RunIII2024Summer24NanoAODv15-150X_mcRun3_2024_realistic_v2-v2/NANOAODSIM
HIT|MC|diboson|had|/WWG_TuneCP5_13p6TeV_amcatnloFXFX-pythia8/RunIII2024Summer24NanoAODv15-150X_mcRun3_2024_realistic_v2-v2/NANOAODSIM
HIT|MC|diboson|had|/WWH-HtoZZ-3L-NoSpinCorrelations_TuneCP5_13p6TeV_madgraph-pythia8/RunIII2024Summer24NanoAODv15-150X_mcRun3_2024_realistic_v2-v2/NANOAODSIM
HIT|MC|diboson|had|/WWH-HtoZZ-4L-NoSpinCorrelations_TuneCP5_13p6TeV_madgraph-pythia8/RunIII2024Summer24NanoAODv15-150X_mcRun3_2024_realistic_v2-v2/NANOAODSIM
HIT|MC|diboson|had|/WWJJto2L2Nu-OS-noTop-EWK-QCD_TuneCP5_13p6TeV_madgraph-pythia8/RunIII2024Summer24NanoAODv15-150X_mcRun3_2024_realistic_v2-v2/NANOAODSIM
HIT|MC|diboson|had|/WWJJto2L2Nu-OS-noTop-EWK_TuneCP5_13p6TeV_madgraph-pythia8/RunIII2024Summer24NanoAODv15-150X_mcRun3_2024_realistic_v2-v2/NANOAODSIM
HIT|MC|diboson|had|/WWJJto2L2Nu-OS-noTop-QCD_TuneCP5_13p6TeV_madgraph-pythia8/RunIII2024Summer24NanoAODv15-150X_mcRun3_2024_realistic_v2-v2/NANOAODSIM
HIT|MC|diboson|had|/WWJJto2L2Nu-SS-noTop-EWK_TuneCP5_13p6TeV_madgraph-pythia8/RunIII2024Summer24NanoAODv15-150X_mcRun3_2024_realistic_v2-v2/NANOAODSIM
HIT|MC|diboson|had|/WWJJto2L2Nu-SS-noTop-QCD_TuneCP5_13p6TeV_madgraph-pythia8/RunIII2024Summer24NanoAODv15-150X_mcRun3_2024_realistic_v2-v2/NANOAODSIM
HIT|MC|diboson|had|/WWto2L2Nu-2Jets-OS-noTop-EWK-QCD_TuneCP5_13p6TeV_madgraph-madspin-pythia8/RunIII2024Summer24NanoAODv15-150X_mcRun3_2024_realistic_v2-v2/NANOAODSIM
HIT|MC|diboson|had|/WWto2L2Nu-2Jets-OS-noTop-EWK_TuneCP5_13p6TeV_madgraph-madspin-pythia8/RunIII2024Summer24NanoAODv15-150X_mcRun3_2024_realistic_v2-v2/NANOAODSIM
HIT|MC|diboson|had|/WWto2L2Nu-2Jets-OS-noTop-QCD_TuneCP5_13p6TeV_madgraph-madspin-pythia8/RunIII2024Summer24NanoAODv15-150X_mcRun3_2024_realistic_v2-v2/NANOAODSIM
HIT|MC|diboson|had|/WWto2L2Nu-2Jets-SS-noTop-EWK_TuneCP5_13p6TeV_madgraph-pythia8/RunIII2024Summer24NanoAODv15-150X_mcRun3_2024_realistic_v2-v2/NANOAODSIM
HIT|MC|diboson|had|/WWto2L2Nu-2Jets-SS-noTop-QCD_TuneCP5_13p6TeV_madgraph-pythia8/RunIII2024Summer24NanoAODv15-150X_mcRun3_2024_realistic_v2-v2/NANOAODSIM
HIT|MC|diboson|had|/WWto2L2Nu-DPS_TuneCP5_13p6TeV_pythia8/RunIII2024Summer24NanoAODv15-150X_mcRun3_2024_realistic_v2-v2/NANOAODSIM
HIT|MC|diboson|had|/WWto2L2Nu_TuneCP5_13p6TeV_powheg-pythia8/RunIII2024Summer24NanoAODv15-150X_mcRun3_2024_realistic_v2-v2/NANOAODSIM
HIT|MC|diboson|had|/WWto2L2Nu_TuneCP5_13p6TeV_powheg-pythia8/RunIII2024Summer24NanoAODv15-JMENanoV15_150X_mcRun3_2024_realistic_v2-v1/NANOAODSIM
HIT|MC|diboson|had|/WWto4Q-1Jets-4FS_TuneCP5_13p6TeV_amcatnloFXFX-pythia8/RunIII2024Summer24NanoAODv15-150X_mcRun3_2024_realistic_v2-v2/NANOAODSIM
HIT|MC|diboson|had|/WWto4Q_TuneCP5_13p6TeV_powheg-pythia8/RunIII2024Summer24NanoAODv15-150X_mcRun3_2024_realistic_v2-v2/NANOAODSIM
HIT|MC|diboson|had|/WWto4Q_TuneCP5_13p6TeV_powheg-pythia8/RunIII2024Summer24NanoAODv15-JMENanoV15_150X_mcRun3_2024_realistic_v2-v1/NANOAODSIM
HIT|MC|diboson|had|/WWtoLNu2Q-1Jets-4FS_TuneCP5_13p6TeV_amcatnloFXFX-pythia8/RunIII2024Summer24NanoAODv15-150X_mcRun3_2024_realistic_v2-v2/NANOAODSIM
HIT|MC|diboson|had|/WWtoLNu2Q_TuneCP5_13p6TeV_powheg-pythia8/RunIII2024Summer24NanoAODv15-150X_mcRun3_2024_realistic_v2-v2/NANOAODSIM
HIT|MC|diboson|had|/WWtoLNu2Q_TuneCP5_13p6TeV_powheg-pythia8/RunIII2024Summer24NanoAODv15-JMENanoV15_150X_mcRun3_2024_realistic_v2-v1/NANOAODSIM
HIT|MC|diboson|had|/WWtoTauNuENu-3Jets-1NLO2LO_TuneSherpaDef_13p6TeV_sherpaMEPS/RunIII2024Summer24NanoAODv15-150X_mcRun3_2024_realistic_v2-v2/NANOAODSIM
HIT|MC|diboson|had|/WW_TuneCP5_13p6TeV_pythia8/RunIII2024Summer24NanoAODv15-150X_mcRun3_2024_realistic_v2-v2/NANOAODSIM
HIT|MC|diboson|had|/WW_TuneCP5_13p6TeV_pythia8/RunIII2024Summer24NanoAODv15-BTVNanoV15_150X_mcRun3_2024_realistic_v2-v1/NANOAODSIM
HIT|MC|diboson|had|/WW_TuneCP5_13p6TeV_pythia8/RunIII2024Summer24NanoAODv15-JMENanoV15_150X_mcRun3_2024_realistic_v2-v1/NANOAODSIM
HIT|MC|diboson|had|/WWW-4F_TuneCP5_13p6TeV_amcatnlo-pythia8/RunIII2024Summer24NanoAODv15-150X_mcRun3_2024_realistic_v2-v2/NANOAODSIM
HIT|MC|diboson|had|/WWW-4F_TuneCP5_13p6TeV_amcatnlo-pythia8/RunIII2024Summer24NanoAODv15-JMENanoV15_150X_mcRun3_2024_realistic_v2-v1/NANOAODSIM
HIT|MC|diboson|had|/WWZ-4F_TuneCP5_13p6TeV_amcatnlo-pythia8/RunIII2024Summer24NanoAODv15-150X_mcRun3_2024_realistic_v2-v2/NANOAODSIM
HIT|MC|diboson|had|/WWZ-4F_TuneCP5_13p6TeV_amcatnlo-pythia8/RunIII2024Summer24NanoAODv15-JMENanoV15_150X_mcRun3_2024_realistic_v2-v1/NANOAODSIM
HIT|MC|diboson|had|/WZGtoLNuZG_TuneCP5_13p6TeV_amcatnlo-pythia8/RunIII2024Summer24NanoAODv15-150X_mcRun3_2024_realistic_v2-v2/NANOAODSIM
HIT|MC|diboson|had|/WZG_TuneCP5_13p6TeV_amcatnloFXFX-pythia8/RunIII2024Summer24NanoAODv15-150X_mcRun3_2024_realistic_v2-v2/NANOAODSIM
HIT|MC|diboson|had|/WZJJto3LNu-EWK-QCD_TuneCP5_13p6TeV_madgraph-pythia8/RunIII2024Summer24NanoAODv15-150X_mcRun3_2024_realistic_v2-v2/NANOAODSIM
HIT|MC|diboson|had|/WZJJto3LNu-EWK_TuneCP5_13p6TeV_madgraph-pythia8/RunIII2024Summer24NanoAODv15-150X_mcRun3_2024_realistic_v2-v2/NANOAODSIM
HIT|MC|diboson|had|/WZJJto3LNu-QCD_TuneCP5_13p6TeV_madgraph-pythia8/RunIII2024Summer24NanoAODv15-150X_mcRun3_2024_realistic_v2-v2/NANOAODSIM
HIT|MC|diboson|had|/WZto2L2Q-1Jets-4FS_TuneCP5_13p6TeV_amcatnloFXFX-pythia8/RunIII2024Summer24NanoAODv15-150X_mcRun3_2024_realistic_v2-v2/NANOAODSIM
HIT|MC|diboson|had|/WZto2L2Q_TuneCP5_13p6TeV_powheg-pythia8/RunIII2024Summer24NanoAODv15-150X_mcRun3_2024_realistic_v2-v2/NANOAODSIM
HIT|MC|diboson|had|/WZto2L2Q_TuneCP5_13p6TeV_powheg-pythia8/RunIII2024Summer24NanoAODv15-JMENanoV15_150X_mcRun3_2024_realistic_v2-v1/NANOAODSIM
HIT|MC|diboson|had|/WZto2Nu2Q-1Jets-4FS_TuneCP5_13p6TeV_amcatnloFXFX-pythia8/RunIII2024Summer24NanoAODv15-150X_mcRun3_2024_realistic_v2-v2/NANOAODSIM
HIT|MC|diboson|had|/WZto2Nu2Q_TuneCP5_13p6TeV_powheg-pythia8/RunIII2024Summer24NanoAODv15-150X_mcRun3_2024_realistic_v2-v2/NANOAODSIM
HIT|MC|diboson|had|/WZto3LNu-1Jets-4FS_TuneCP5_13p6TeV_amcatnloFXFX-pythia8/RunIII2024Summer24NanoAODv15-150X_mcRun3_2024_realistic_v2-v2/NANOAODSIM
HIT|MC|diboson|had|/WZTo3LNu-2Jets-EWK-QCD_TuneCP5_13p6TeV_madgraph-madspin-pythia8/RunIII2024Summer24NanoAODv15-150X_mcRun3_2024_realistic_v2-v2/NANOAODSIM
HIT|MC|diboson|had|/WZTo3LNu-2Jets-EWK_TuneCP5_13p6TeV_madgraph-madspin-pythia8/RunIII2024Summer24NanoAODv15-150X_mcRun3_2024_realistic_v2-v2/NANOAODSIM
HIT|MC|diboson|had|/WZTo3LNu-2Jets-QCD_TuneCP5_13p6TeV_madgraph-madspin-pythia8/RunIII2024Summer24NanoAODv15-150X_mcRun3_2024_realistic_v2-v2/NANOAODSIM
HIT|MC|diboson|had|/WZto3LNu-DPS_TuneCP5_13p6TeV_pythia8/RunIII2024Summer24NanoAODv15-150X_mcRun3_2024_realistic_v2-v2/NANOAODSIM
HIT|MC|diboson|had|/WZto3LNu_TuneCP5_13p6TeV_powheg-pythia8/RunIII2024Summer24NanoAODv15-150X_mcRun3_2024_realistic_v2-v2/NANOAODSIM
HIT|MC|diboson|had|/WZto3LNu_TuneCP5_13p6TeV_powheg-pythia8/RunIII2024Summer24NanoAODv15-JMENanoV15_150X_mcRun3_2024_realistic_v2-v1/NANOAODSIM
HIT|MC|diboson|had|/WZto4L2Nu-4F_TuneCP5_13p6TeV_amcatnlo-pythia8/RunIII2024Summer24NanoAODv15-150X_mcRun3_2024_realistic_v2-v2/NANOAODSIM
HIT|MC|diboson|had|/WZto4Q-1Jets-4FS_TuneCP5_13p6TeV_amcatnloFXFX-pythia8/RunIII2024Summer24NanoAODv15-150X_mcRun3_2024_realistic_v2-v2/NANOAODSIM
HIT|MC|diboson|had|/WZto4Q-1Jets-4FS_TuneCP5_13p6TeV_amcatnloFXFX-pythia8/RunIII2024Summer24NanoAODv15-JMENanoV15_150X_mcRun3_2024_realistic_v2-v1/NANOAODSIM
HIT|MC|diboson|had|/WZtoL3Nu-1Jets-4FS_TuneCP5_13p6TeV_amcatnloFXFX-pythia8/RunIII2024Summer24NanoAODv15-150X_mcRun3_2024_realistic_v2-v2/NANOAODSIM
HIT|MC|diboson|had|/WZtoL3Nu_TuneCP5_13p6TeV_powheg-pythia8/RunIII2024Summer24NanoAODv15-150X_mcRun3_2024_realistic_v2-v2/NANOAODSIM
HIT|MC|diboson|had|/WZToLNu2B-1Jets-4FS_TuneCP5_13p6TeV_amcatnloFXFX-madspin-pythia8/RunIII2024Summer24NanoAODv15-150X_mcRun3_2024_realistic_v2-v2/NANOAODSIM
HIT|MC|diboson|had|/WZtoLNu2Q-1Jets-4FS_TuneCP5_13p6TeV_amcatnloFXFX-pythia8/RunIII2024Summer24NanoAODv15-150X_mcRun3_2024_realistic_v2-v2/NANOAODSIM
HIT|MC|diboson|had|/WZtoLNu2Q_TuneCP5_13p6TeV_powheg-pythia8/RunIII2024Summer24NanoAODv15-150X_mcRun3_2024_realistic_v2-v2/NANOAODSIM
HIT|MC|diboson|had|/WZtoLNu2Q_TuneCP5_13p6TeV_powheg-pythia8/RunIII2024Summer24NanoAODv15-JMENanoV15_150X_mcRun3_2024_realistic_v2-v1/NANOAODSIM
HIT|MC|diboson|had|/WZ_TuneCP5_13p6TeV_pythia8/RunIII2024Summer24NanoAODv15-150X_mcRun3_2024_realistic_v2-v2/NANOAODSIM
HIT|MC|diboson|had|/WZ_TuneCP5_13p6TeV_pythia8/RunIII2024Summer24NanoAODv15-BTVNanoV15_150X_mcRun3_2024_realistic_v2-v1/NANOAODSIM
HIT|MC|diboson|had|/WZ_TuneCP5_13p6TeV_pythia8/RunIII2024Summer24NanoAODv15-JMENanoV15_150X_mcRun3_2024_realistic_v2-v1/NANOAODSIM
HIT|MC|diboson|had|/WZZ-5F_TuneCP5_13p6TeV_amcatnlo-pythia8/RunIII2024Summer24NanoAODv15-150X_mcRun3_2024_realistic_v2-v2/NANOAODSIM
HIT|MC|diboson|had|/WZZ-5F_TuneCP5_13p6TeV_amcatnlo-pythia8/RunIII2024Summer24NanoAODv15-JMENanoV15_150X_mcRun3_2024_realistic_v2-v1/NANOAODSIM
HIT|MC|diboson|had|/ZZG-4FS_TuneCP5_13p6TeV_amcatnlo-pythia8/RunIII2024Summer24NanoAODv15-150X_mcRun3_2024_realistic_v2-v2/NANOAODSIM
HIT|MC|diboson|had|/ZZH-HtoWW-3L-NoSpinCorrelations_TuneCP5_13p6TeV_madgraph-pythia8/RunIII2024Summer24NanoAODv15-150X_mcRun3_2024_realistic_v2-v2/NANOAODSIM
HIT|MC|diboson|had|/ZZH-HtoWW-4L-NoSpinCorrelations_TuneCP5_13p6TeV_madgraph-pythia8/RunIII2024Summer24NanoAODv15-150X_mcRun3_2024_realistic_v2-v2/NANOAODSIM
HIT|MC|diboson|had|/ZZJJto2L2Nu-EWK-QCD_TuneCP5_13p6TeV_madgraph-pythia8/RunIII2024Summer24NanoAODv15-150X_mcRun3_2024_realistic_v2-v2/NANOAODSIM
HIT|MC|diboson|had|/ZZJJto2L2Nu-EWK_TuneCP5_13p6TeV_madgraph-pythia8/RunIII2024Summer24NanoAODv15-150X_mcRun3_2024_realistic_v2-v2/NANOAODSIM
HIT|MC|diboson|had|/ZZJJto2L2Nu-QCD_TuneCP5_13p6TeV_madgraph-pythia8/RunIII2024Summer24NanoAODv15-150X_mcRun3_2024_realistic_v2-v2/NANOAODSIM
HIT|MC|diboson|had|/ZZJJto4L-EWK-QCD_TuneCP5_13p6TeV_madgraph-pythia8/RunIII2024Summer24NanoAODv15-150X_mcRun3_2024_realistic_v2-v2/NANOAODSIM
HIT|MC|diboson|had|/ZZJJto4L-EWK_TuneCP5_13p6TeV_madgraph-pythia8/RunIII2024Summer24NanoAODv15-150X_mcRun3_2024_realistic_v2-v2/NANOAODSIM
HIT|MC|diboson|had|/ZZJJto4L-QCD_TuneCP5_13p6TeV_madgraph-pythia8/RunIII2024Summer24NanoAODv15-150X_mcRun3_2024_realistic_v2-v2/NANOAODSIM
HIT|MC|diboson|had|/ZZto2L2Nu-2Jets-EWK-QCD_TuneCP5_13p6TeV_madgraph-pythia8/RunIII2024Summer24NanoAODv15-150X_mcRun3_2024_realistic_v2-v2/NANOAODSIM
HIT|MC|diboson|had|/ZZto2L2Nu-2Jets-EWK_TuneCP5_13p6TeV_madgraph-pythia8/RunIII2024Summer24NanoAODv15-150X_mcRun3_2024_realistic_v2-v2/NANOAODSIM
HIT|MC|diboson|had|/ZZto2L2Nu-2Jets-QCD_TuneCP5_13p6TeV_madgraph-pythia8/RunIII2024Summer24NanoAODv15-150X_mcRun3_2024_realistic_v2-v2/NANOAODSIM
HIT|MC|diboson|had|/ZZto2L2Nu_TuneCP5_13p6TeV_powheg-pythia8/RunIII2024Summer24NanoAODv15-150X_mcRun3_2024_realistic_v2-v2/NANOAODSIM
HIT|MC|diboson|had|/ZZto2L2Nu_TuneCP5_13p6TeV_powheg-pythia8/RunIII2024Summer24NanoAODv15-JMENanoV15_150X_mcRun3_2024_realistic_v2-v1/NANOAODSIM
HIT|MC|diboson|had|/ZZto2L2Q-1Jets_TuneCP5_13p6TeV_amcatnloFXFX-pythia8/RunIII2024Summer24NanoAODv15-150X_mcRun3_2024_realistic_v2-v2/NANOAODSIM
HIT|MC|diboson|had|/ZZto2L2Q_TuneCP5_13p6TeV_powheg-pythia8/RunIII2024Summer24NanoAODv15-150X_mcRun3_2024_realistic_v2-v2/NANOAODSIM
HIT|MC|diboson|had|/ZZto2L2Q_TuneCP5_13p6TeV_powheg-pythia8/RunIII2024Summer24NanoAODv15-JMENanoV15_150X_mcRun3_2024_realistic_v2-v1/NANOAODSIM
HIT|MC|diboson|had|/ZZto2Nu2Q-1Jets_TuneCP5_13p6TeV_amcatnloFXFX-pythia8/RunIII2024Summer24NanoAODv15-150X_mcRun3_2024_realistic_v2-v2/NANOAODSIM
HIT|MC|diboson|had|/ZZto2Nu2Q_TuneCP5_13p6TeV_powheg-pythia8/RunIII2024Summer24NanoAODv15-150X_mcRun3_2024_realistic_v2-v2/NANOAODSIM
HIT|MC|diboson|had|/ZZto2Nu2Q_TuneCP5_13p6TeV_powheg-pythia8/RunIII2024Summer24NanoAODv15-JMENanoV15_150X_mcRun3_2024_realistic_v2-v1/NANOAODSIM
HIT|MC|diboson|had|/ZZto4L-1Jets_TuneCP5_13p6TeV_amcatnloFXFX-pythia8/RunIII2024Summer24NanoAODv15-150X_mcRun3_2024_realistic_v2-v2/NANOAODSIM
HIT|MC|diboson|had|/ZZTo4L-2Jets-EWK-QCD_TuneCP5_13p6TeV_madgraph-pythia8/RunIII2024Summer24NanoAODv15-150X_mcRun3_2024_realistic_v2-v2/NANOAODSIM
HIT|MC|diboson|had|/ZZto4L-2Jets-EWK_TuneCP5_13p6TeV_madgraph-pythia8/RunIII2024Summer24NanoAODv15-150X_mcRun3_2024_realistic_v2-v2/NANOAODSIM
HIT|MC|diboson|had|/ZZto4L-2Jets-EW_TuneCP5_13p6TeV_madgraph-pythia8/RunIII2024Summer24NanoAODv15-150X_mcRun3_2024_realistic_v2-v2/NANOAODSIM
HIT|MC|diboson|had|/ZZTo4L-2Jets-QCD_TuneCP5_13p6TeV_madgraph-pythia8/RunIII2024Summer24NanoAODv15-150X_mcRun3_2024_realistic_v2-v2/NANOAODSIM
HIT|MC|diboson|had|/ZZTo4L-noTau-LL_TuneCP5_13p6TeV_madgraph-pythia8/RunIII2024Summer24NanoAODv15-150X_mcRun3_2024_realistic_v2-v2/NANOAODSIM
HIT|MC|diboson|had|/ZZTo4L-noTau-LT_TuneCP5_13p6TeV_madgraph-pythia8/RunIII2024Summer24NanoAODv15-150X_mcRun3_2024_realistic_v2-v2/NANOAODSIM
HIT|MC|diboson|had|/ZZTo4L-noTau-TT_TuneCP5_13p6TeV_madgraph-pythia8/RunIII2024Summer24NanoAODv15-150X_mcRun3_2024_realistic_v2-v2/NANOAODSIM
HIT|MC|diboson|had|/ZZTo4L-noTau_TuneCP5_13p6TeV_madgraph-pythia8/RunIII2024Summer24NanoAODv15-150X_mcRun3_2024_realistic_v2-v2/NANOAODSIM
HIT|MC|diboson|had|/ZZto4L_TuneCP5_13p6TeV_powheg-pythia8/RunIII2024Summer24NanoAODv15-150X_mcRun3_2024_realistic_v2-v2/NANOAODSIM
HIT|MC|diboson|had|/ZZto4L_TuneCP5_13p6TeV_powheg-pythia8/RunIII2024Summer24NanoAODv15-JMENanoV15_150X_mcRun3_2024_realistic_v2-v1/NANOAODSIM
HIT|MC|diboson|had|/ZZto4Q-1Jets_TuneCP5_13p6TeV_amcatnloFXFX-pythia8/RunIII2024Summer24NanoAODv15-150X_mcRun3_2024_realistic_v2-v2/NANOAODSIM
HIT|MC|diboson|had|/ZZto4Q-1Jets_TuneCP5_13p6TeV_amcatnloFXFX-pythia8/RunIII2024Summer24NanoAODv15-JMENanoV15_150X_mcRun3_2024_realistic_v2-v1/NANOAODSIM
HIT|MC|diboson|had|/ZZ_TuneCP5_13p6TeV_pythia8/RunIII2024Summer24NanoAODv15-150X_mcRun3_2024_realistic_v2-v2/NANOAODSIM
HIT|MC|diboson|had|/ZZ_TuneCP5_13p6TeV_pythia8/RunIII2024Summer24NanoAODv15-BTVNanoV15_150X_mcRun3_2024_realistic_v2-v1/NANOAODSIM
HIT|MC|diboson|had|/ZZ_TuneCP5_13p6TeV_pythia8/RunIII2024Summer24NanoAODv15-JMENanoV15_150X_mcRun3_2024_realistic_v2-v1/NANOAODSIM
HIT|MC|diboson|had|/ZZZ-5F_TuneCP5_13p6TeV_amcatnlo-pythia8/RunIII2024Summer24NanoAODv15-150X_mcRun3_2024_realistic_v2-v2/NANOAODSIM
HIT|MC|diboson|had|/ZZZ-5F_TuneCP5_13p6TeV_amcatnlo-pythia8/RunIII2024Summer24NanoAODv15-JMENanoV15_150X_mcRun3_2024_realistic_v2-v1/NANOAODSIM
HIT|MC|vjets_qq|had|/Wto2Q-2Jets_Bin-PTQQ-100_TuneCP5_13p6TeV_amcatnloFXFX-pythia8/RunIII2024Summer24NanoAODv15-150X_mcRun3_2024_realistic_v2-v3/NANOAODSIM
HIT|MC|vjets_qq|had|/Wto2Q-2Jets_Bin-PTQQ-200_TuneCP5_13p6TeV_amcatnloFXFX-pythia8/RunIII2024Summer24NanoAODv15-150X_mcRun3_2024_realistic_v2-v2/NANOAODSIM
HIT|MC|vjets_qq|had|/Wto2Q-2Jets_Bin-PTQQ-400_TuneCP5_13p6TeV_amcatnloFXFX-pythia8/RunIII2024Summer24NanoAODv15-150X_mcRun3_2024_realistic_v2-v3/NANOAODSIM
HIT|MC|vjets_qq|had|/Wto2Q-2Jets_Bin-PTQQ-600_TuneCP5_13p6TeV_amcatnloFXFX-pythia8/RunIII2024Summer24NanoAODv15-150X_mcRun3_2024_realistic_v2-v2/NANOAODSIM
HIT|MC|vjets_qq|had|/Wto2Q-3Jets_Bin-HT-100to400_TuneCP5_13p6TeV_madgraphMLM-pythia8/RunIII2024Summer24NanoAODv15-150X_mcRun3_2024_realistic_v2-v2/NANOAODSIM
HIT|MC|vjets_qq|had|/Wto2Q-3Jets_Bin-HT-1500to2500_TuneCP5_13p6TeV_madgraphMLM-pythia8/RunIII2024Summer24NanoAODv15-150X_mcRun3_2024_realistic_v2-v3/NANOAODSIM
HIT|MC|vjets_qq|had|/Wto2Q-3Jets_Bin-HT-2500_TuneCP5_13p6TeV_madgraphMLM-pythia8/RunIII2024Summer24NanoAODv15-150X_mcRun3_2024_realistic_v2-v2/NANOAODSIM
HIT|MC|vjets_qq|had|/Wto2Q-3Jets_Bin-HT-400to800_TuneCP5_13p6TeV_madgraphMLM-pythia8/RunIII2024Summer24NanoAODv15-150X_mcRun3_2024_realistic_v2-v2/NANOAODSIM
HIT|MC|vjets_qq|had|/Wto2Q-3Jets_Bin-HT-800to1500_TuneCP5_13p6TeV_madgraphMLM-pythia8/RunIII2024Summer24NanoAODv15-150X_mcRun3_2024_realistic_v2-v2/NANOAODSIM
HIT|MC|vjets_qq|had|/Zto2Q-2Jets_Bin-PTQQ-100_TuneCP5_13p6TeV_amcatnloFXFX-pythia8/RunIII2024Summer24NanoAODv15-150X_mcRun3_2024_realistic_v2-v2/NANOAODSIM
HIT|MC|vjets_qq|had|/Zto2Q-2Jets_Bin-PTQQ-200_TuneCP5_13p6TeV_amcatnloFXFX-pythia8/RunIII2024Summer24NanoAODv15-150X_mcRun3_2024_realistic_v2-v2/NANOAODSIM
HIT|MC|vjets_qq|had|/Zto2Q-2Jets_Bin-PTQQ-400_TuneCP5_13p6TeV_amcatnloFXFX-pythia8/RunIII2024Summer24NanoAODv15-150X_mcRun3_2024_realistic_v2-v2/NANOAODSIM
HIT|MC|vjets_qq|had|/Zto2Q-2Jets_Bin-PTQQ-600_TuneCP5_13p6TeV_amcatnloFXFX-pythia8/RunIII2024Summer24NanoAODv15-150X_mcRun3_2024_realistic_v2-v2/NANOAODSIM
HIT|MC|vjets_qq|had|/Zto2Q-4Jets_Bin-HT-100to400_TuneCP5_13p6TeV_madgraphMLM-pythia8/RunIII2024Summer24NanoAODv15-150X_mcRun3_2024_realistic_v2-v2/NANOAODSIM
HIT|MC|vjets_qq|had|/Zto2Q-4Jets_Bin-HT-1500to2500_TuneCP5_13p6TeV_madgraphMLM-pythia8/RunIII2024Summer24NanoAODv15-150X_mcRun3_2024_realistic_v2-v2/NANOAODSIM
HIT|MC|vjets_qq|had|/Zto2Q-4Jets_Bin-HT-2500_TuneCP5_13p6TeV_madgraphMLM-pythia8/RunIII2024Summer24NanoAODv15-150X_mcRun3_2024_realistic_v2-v3/NANOAODSIM
HIT|MC|vjets_qq|had|/Zto2Q-4Jets_Bin-HT-400to800_TuneCP5_13p6TeV_madgraphMLM-pythia8/RunIII2024Summer24NanoAODv15-150X_mcRun3_2024_realistic_v2-v2/NANOAODSIM
HIT|MC|vjets_qq|had|/Zto2Q-4Jets_Bin-HT-800to1500_TuneCP5_13p6TeV_madgraphMLM-pythia8/RunIII2024Summer24NanoAODv15-150X_mcRun3_2024_realistic_v2-v2/NANOAODSIM
HIT|MC|wjets_lnu|lep|/WtoLNu-2Jets_Bin-1J-PTLNu-100to200_TuneCP5_13p6TeV_amcatnloFXFX-pythia8/RunIII2024Summer24NanoAODv15-150X_mcRun3_2024_realistic_v2-v3/NANOAODSIM
HIT|MC|wjets_lnu|lep|/WtoLNu-2Jets_Bin-1J-PTLNu-200to400_TuneCP5_13p6TeV_amcatnloFXFX-pythia8/RunIII2024Summer24NanoAODv15-150X_mcRun3_2024_realistic_v2-v2/NANOAODSIM
HIT|MC|wjets_lnu|lep|/WtoLNu-2Jets_Bin-1J-PTLNu-400to600_TuneCP5_13p6TeV_amcatnloFXFX-pythia8/RunIII2024Summer24NanoAODv15-150X_mcRun3_2024_realistic_v2-v2/NANOAODSIM
HIT|MC|wjets_lnu|lep|/WtoLNu-2Jets_Bin-1J-PTLNu-40to100_TuneCP5_13p6TeV_amcatnloFXFX-pythia8/RunIII2024Summer24NanoAODv15-150X_mcRun3_2024_realistic_v2-v3/NANOAODSIM
HIT|MC|wjets_lnu|lep|/WtoLNu-2Jets_Bin-1J-PTLNu-600_TuneCP5_13p6TeV_amcatnloFXFX-pythia8/RunIII2024Summer24NanoAODv15-150X_mcRun3_2024_realistic_v2-v2/NANOAODSIM
HIT|MC|wjets_lnu|lep|/WtoLNu-2Jets_Bin-2J-PTLNu-100to200_TuneCP5_13p6TeV_amcatnloFXFX-pythia8/RunIII2024Summer24NanoAODv15-150X_mcRun3_2024_realistic_v2-v3/NANOAODSIM
HIT|MC|wjets_lnu|lep|/WtoLNu-2Jets_Bin-2J-PTLNu-200to400_TuneCP5_13p6TeV_amcatnloFXFX-pythia8/RunIII2024Summer24NanoAODv15-150X_mcRun3_2024_realistic_v2-v2/NANOAODSIM
HIT|MC|wjets_lnu|lep|/WtoLNu-2Jets_Bin-2J-PTLNu-400to600_TuneCP5_13p6TeV_amcatnloFXFX-pythia8/RunIII2024Summer24NanoAODv15-150X_mcRun3_2024_realistic_v2-v2/NANOAODSIM
HIT|MC|wjets_lnu|lep|/WtoLNu-2Jets_Bin-2J-PTLNu-40to100_TuneCP5_13p6TeV_amcatnloFXFX-pythia8/RunIII2024Summer24NanoAODv15-150X_mcRun3_2024_realistic_v2-v3/NANOAODSIM
HIT|MC|wjets_lnu|lep|/WtoLNu-2Jets_Bin-2J-PTLNu-600_TuneCP5_13p6TeV_amcatnloFXFX-pythia8/RunIII2024Summer24NanoAODv15-150X_mcRun3_2024_realistic_v2-v2/NANOAODSIM
HIT|MC|wjets_lnu|lep|/WtoLNu-2Jets_Bin-PTLNu-100_TuneCP5_13p6TeV_amcatnloFXFX-pythia8/RunIII2024Summer24NanoAODv15-150X_mcRun3_2024_realistic_v2-v3/NANOAODSIM
HIT|MC|wjets_lnu|lep|/WtoLNu-2Jets_Bin-PTLNu-100_TuneCP5_13p6TeV_amcatnloFXFX-pythia8/RunIII2024Summer24NanoAODv15-JMENanoV15_150X_mcRun3_2024_realistic_v2-v3/NANOAODSIM
HIT|MC|wjets_lnu|lep|/WtoLNu-2Jets_Bin-PTLNu-200_TuneCP5_13p6TeV_amcatnloFXFX-pythia8/RunIII2024Summer24NanoAODv15-150X_mcRun3_2024_realistic_v2-v1/NANOAODSIM
HIT|MC|wjets_lnu|lep|/WtoLNu-2Jets_Bin-PTLNu-200_TuneCP5_13p6TeV_amcatnloFXFX-pythia8/RunIII2024Summer24NanoAODv15-JMENanoV15_150X_mcRun3_2024_realistic_v2-v2/NANOAODSIM
HIT|MC|wjets_lnu|lep|/WtoLNu-2Jets_Bin-PTLNu-400_TuneCP5_13p6TeV_amcatnloFXFX-pythia8/RunIII2024Summer24NanoAODv15-150X_mcRun3_2024_realistic_v2-v2/NANOAODSIM
HIT|MC|wjets_lnu|lep|/WtoLNu-2Jets_Bin-PTLNu-400_TuneCP5_13p6TeV_amcatnloFXFX-pythia8/RunIII2024Summer24NanoAODv15-JMENanoV15_150X_mcRun3_2024_realistic_v2-v2/NANOAODSIM
HIT|MC|wjets_lnu|lep|/WtoLNu-2Jets_Bin-PTLNu-600_TuneCP5_13p6TeV_amcatnloFXFX-pythia8/RunIII2024Summer24NanoAODv15-150X_mcRun3_2024_realistic_v2-v1/NANOAODSIM
HIT|MC|wjets_lnu|lep|/WtoLNu-2Jets_Bin-PTLNu-600_TuneCP5_13p6TeV_amcatnloFXFX-pythia8/RunIII2024Summer24NanoAODv15-JMENanoV15_150X_mcRun3_2024_realistic_v2-v2/NANOAODSIM
HIT|MC|wjets_lnu|lep|/WtoLNu-4Jets_Bin-1J_TuneCP5_13p6TeV_madgraphMLM-pythia8/RunIII2024Summer24NanoAODv15-150X_mcRun3_2024_realistic_v2-v2/NANOAODSIM
HIT|MC|wjets_lnu|lep|/WtoLNu-4Jets_Bin-1J_TuneCP5_13p6TeV_madgraphMLM-pythia8/RunIII2024Summer24NanoAODv15-BTVNanoV15_150X_mcRun3_2024_realistic_v2-v1/NANOAODSIM
HIT|MC|wjets_lnu|lep|/WtoLNu-4Jets_Bin-2J_TuneCP5_13p6TeV_madgraphMLM-pythia8/RunIII2024Summer24NanoAODv15-150X_mcRun3_2024_realistic_v2-v2/NANOAODSIM
HIT|MC|wjets_lnu|lep|/WtoLNu-4Jets_Bin-2J_TuneCP5_13p6TeV_madgraphMLM-pythia8/RunIII2024Summer24NanoAODv15-BTVNanoV15_150X_mcRun3_2024_realistic_v2-v1/NANOAODSIM
HIT|MC|wjets_lnu|lep|/WtoLNu-4Jets_Bin-3J_TuneCP5_13p6TeV_madgraphMLM-pythia8/RunIII2024Summer24NanoAODv15-150X_mcRun3_2024_realistic_v2-v2/NANOAODSIM
HIT|MC|wjets_lnu|lep|/WtoLNu-4Jets_Bin-3J_TuneCP5_13p6TeV_madgraphMLM-pythia8/RunIII2024Summer24NanoAODv15-BTVNanoV15_150X_mcRun3_2024_realistic_v2-v1/NANOAODSIM
HIT|MC|wjets_lnu|lep|/WtoLNu-4Jets_Bin-4J_TuneCP5_13p6TeV_madgraphMLM-pythia8/RunIII2024Summer24NanoAODv15-150X_mcRun3_2024_realistic_v2-v2/NANOAODSIM
HIT|MC|wjets_lnu|lep|/WtoLNu-4Jets_Bin-4J_TuneCP5_13p6TeV_madgraphMLM-pythia8/RunIII2024Summer24NanoAODv15-BTVNanoV15_150X_mcRun3_2024_realistic_v2-v1/NANOAODSIM
HIT|MC|wjets_lnu|lep|/WtoLNu-4Jets_Bin-HT-100to400-MLNu-0to120_TuneCP5_13p6TeV_madgraphMLM-pythia8/RunIII2024Summer24NanoAODv15-150X_mcRun3_2024_realistic_v2-v2/NANOAODSIM
HIT|MC|wjets_lnu|lep|/WtoLNu-4Jets_Bin-HT-100to400-MLNu-120_TuneCP5_13p6TeV_madgraphMLM-pythia8/RunIII2024Summer24NanoAODv15-150X_mcRun3_2024_realistic_v2-v2/NANOAODSIM
HIT|MC|wjets_lnu|lep|/WtoLNu-4Jets_Bin-HT-1500to2500-MLNu-0to120_TuneCP5_13p6TeV_madgraphMLM-pythia8/RunIII2024Summer24NanoAODv15-150X_mcRun3_2024_realistic_v2-v2/NANOAODSIM
HIT|MC|wjets_lnu|lep|/WtoLNu-4Jets_Bin-HT-1500to2500-MLNu-120_TuneCP5_13p6TeV_madgraphMLM-pythia8/RunIII2024Summer24NanoAODv15-150X_mcRun3_2024_realistic_v2-v2/NANOAODSIM
HIT|MC|wjets_lnu|lep|/WtoLNu-4Jets_Bin-HT-2500-MLNu-0to120_TuneCP5_13p6TeV_madgraphMLM-pythia8/RunIII2024Summer24NanoAODv15-150X_mcRun3_2024_realistic_v2-v2/NANOAODSIM
HIT|MC|wjets_lnu|lep|/WtoLNu-4Jets_Bin-HT-2500-MLNu-120_TuneCP5_13p6TeV_madgraphMLM-pythia8/RunIII2024Summer24NanoAODv15-150X_mcRun3_2024_realistic_v2-v2/NANOAODSIM
HIT|MC|wjets_lnu|lep|/WtoLNu-4Jets_Bin-HT-400to800-MLNu-0to120_TuneCP5_13p6TeV_madgraphMLM-pythia8/RunIII2024Summer24NanoAODv15-150X_mcRun3_2024_realistic_v2-v2/NANOAODSIM
HIT|MC|wjets_lnu|lep|/WtoLNu-4Jets_Bin-HT-400to800-MLNu-120_TuneCP5_13p6TeV_madgraphMLM-pythia8/RunIII2024Summer24NanoAODv15-150X_mcRun3_2024_realistic_v2-v2/NANOAODSIM
HIT|MC|wjets_lnu|lep|/WtoLNu-4Jets_Bin-HT-40to100-MLNu-0to120_TuneCP5_13p6TeV_madgraphMLM-pythia8/RunIII2024Summer24NanoAODv15-150X_mcRun3_2024_realistic_v2-v2/NANOAODSIM
HIT|MC|wjets_lnu|lep|/WtoLNu-4Jets_Bin-HT-40to100-MLNu-120_TuneCP5_13p6TeV_madgraphMLM-pythia8/RunIII2024Summer24NanoAODv15-150X_mcRun3_2024_realistic_v2-v2/NANOAODSIM
HIT|MC|wjets_lnu|lep|/WtoLNu-4Jets_Bin-HT-800to1500-MLNu-0to120_TuneCP5_13p6TeV_madgraphMLM-pythia8/RunIII2024Summer24NanoAODv15-150X_mcRun3_2024_realistic_v2-v2/NANOAODSIM
HIT|MC|wjets_lnu|lep|/WtoLNu-4Jets_Bin-HT-800to1500-MLNu-120_TuneCP5_13p6TeV_madgraphMLM-pythia8/RunIII2024Summer24NanoAODv15-150X_mcRun3_2024_realistic_v2-v2/NANOAODSIM
HIT|MC|wjets_lnu|lep|/WtoLNu-4Jets_Bin-MLNu-120to200_TuneCP5_13p6TeV_madgraphMLM-pythia8/RunIII2024Summer24NanoAODv15-150X_mcRun3_2024_realistic_v2-v3/NANOAODSIM
HIT|MC|wjets_lnu|lep|/WtoLNu-4Jets_Bin-MLNu-1500to2500_TuneCP5_13p6TeV_madgraphMLM-pythia8/RunIII2024Summer24NanoAODv15-150X_mcRun3_2024_realistic_v2-v3/NANOAODSIM
HIT|MC|wjets_lnu|lep|/WtoLNu-4Jets_Bin-MLNu-200to400_TuneCP5_13p6TeV_madgraphMLM-pythia8/RunIII2024Summer24NanoAODv15-150X_mcRun3_2024_realistic_v2-v3/NANOAODSIM
HIT|MC|wjets_lnu|lep|/WtoLNu-4Jets_Bin-MLNu-2500to4000_TuneCP5_13p6TeV_madgraphMLM-pythia8/RunIII2024Summer24NanoAODv15-150X_mcRun3_2024_realistic_v2-v3/NANOAODSIM
HIT|MC|wjets_lnu|lep|/WtoLNu-4Jets_Bin-MLNu-4000to6000_TuneCP5_13p6TeV_madgraphMLM-pythia8/RunIII2024Summer24NanoAODv15-150X_mcRun3_2024_realistic_v2-v4/NANOAODSIM
HIT|MC|wjets_lnu|lep|/WtoLNu-4Jets_Bin-MLNu-400to800_TuneCP5_13p6TeV_madgraphMLM-pythia8/RunIII2024Summer24NanoAODv15-150X_mcRun3_2024_realistic_v2-v3/NANOAODSIM
HIT|MC|wjets_lnu|lep|/WtoLNu-4Jets_Bin-MLNu-6000_TuneCP5_13p6TeV_madgraphMLM-pythia8/RunIII2024Summer24NanoAODv15-150X_mcRun3_2024_realistic_v2-v4/NANOAODSIM
HIT|MC|wjets_lnu|lep|/WtoLNu-4Jets_Bin-MLNu-800to1500_TuneCP5_13p6TeV_madgraphMLM-pythia8/RunIII2024Summer24NanoAODv15-150X_mcRun3_2024_realistic_v2-v3/NANOAODSIM
HIT|MC|dy_ll|lep|/DYto2L-2Jets_Bin-MLL-50-PTLL-100_TuneCP5_13p6TeV_amcatnloFXFX-pythia8/RunIII2024Summer24NanoAODv15-150X_mcRun3_2024_realistic_v2-v3/NANOAODSIM
HIT|MC|dy_ll|lep|/DYto2L-2Jets_Bin-MLL-50-PTLL-100_TuneCP5_13p6TeV_amcatnloFXFX-pythia8/RunIII2024Summer24NanoAODv15-JMENanoV15_150X_mcRun3_2024_realistic_v2-v3/NANOAODSIM
HIT|MC|dy_ll|lep|/DYto2L-2Jets_Bin-MLL-50-PTLL-200_TuneCP5_13p6TeV_amcatnloFXFX-pythia8/RunIII2024Summer24NanoAODv15-150X_mcRun3_2024_realistic_v2-v1/NANOAODSIM
HIT|MC|dy_ll|lep|/DYto2L-2Jets_Bin-MLL-50-PTLL-200_TuneCP5_13p6TeV_amcatnloFXFX-pythia8/RunIII2024Summer24NanoAODv15-JMENanoV15_150X_mcRun3_2024_realistic_v2-v2/NANOAODSIM
HIT|MC|dy_ll|lep|/DYto2L-2Jets_Bin-MLL-50-PTLL-400_TuneCP5_13p6TeV_amcatnloFXFX-pythia8/RunIII2024Summer24NanoAODv15-150X_mcRun3_2024_realistic_v2-v2/NANOAODSIM
HIT|MC|dy_ll|lep|/DYto2L-2Jets_Bin-MLL-50-PTLL-400_TuneCP5_13p6TeV_amcatnloFXFX-pythia8/RunIII2024Summer24NanoAODv15-JMENanoV15_150X_mcRun3_2024_realistic_v2-v2/NANOAODSIM
HIT|MC|dy_ll|lep|/DYto2L-2Jets_Bin-MLL-50-PTLL-600_TuneCP5_13p6TeV_amcatnloFXFX-pythia8/RunIII2024Summer24NanoAODv15-150X_mcRun3_2024_realistic_v2-v3/NANOAODSIM
HIT|MC|dy_ll|lep|/DYto2L-2Jets_Bin-MLL-50-PTLL-600_TuneCP5_13p6TeV_amcatnloFXFX-pythia8/RunIII2024Summer24NanoAODv15-JMENanoV15_150X_mcRun3_2024_realistic_v2-v3/NANOAODSIM
HIT|MC|dy_ll|lep|/DYto2L-4Jets_Bin-HT-100to400-MLL-120_TuneCP5_13p6TeV_madgraphMLM-pythia8/RunIII2024Summer24NanoAODv15-150X_mcRun3_2024_realistic_v2-v2/NANOAODSIM
HIT|MC|dy_ll|lep|/DYto2L-4Jets_Bin-HT-100to400-MLL-4to50_TuneCP5_13p6TeV_madgraphMLM-pythia8/RunIII2024Summer24NanoAODv15-150X_mcRun3_2024_realistic_v2-v2/NANOAODSIM
HIT|MC|dy_ll|lep|/DYto2L-4Jets_Bin-HT-100to400-MLL-50to120_TuneCP5_13p6TeV_madgraphMLM-pythia8/RunIII2024Summer24NanoAODv15-150X_mcRun3_2024_realistic_v2-v2/NANOAODSIM
HIT|MC|dy_ll|lep|/DYto2L-4Jets_Bin-HT-1500to2500-MLL-120_TuneCP5_13p6TeV_madgraphMLM-pythia8/RunIII2024Summer24NanoAODv15-150X_mcRun3_2024_realistic_v2-v4/NANOAODSIM
HIT|MC|dy_ll|lep|/DYto2L-4Jets_Bin-HT-1500to2500-MLL-4to50_TuneCP5_13p6TeV_madgraphMLM-pythia8/RunIII2024Summer24NanoAODv15-150X_mcRun3_2024_realistic_v2-v4/NANOAODSIM
HIT|MC|dy_ll|lep|/DYto2L-4Jets_Bin-HT-1500to2500-MLL-50to120_TuneCP5_13p6TeV_madgraphMLM-pythia8/RunIII2024Summer24NanoAODv15-150X_mcRun3_2024_realistic_v2-v4/NANOAODSIM
HIT|MC|dy_ll|lep|/DYto2L-4Jets_Bin-HT-2500-MLL-120_TuneCP5_13p6TeV_madgraphMLM-pythia8/RunIII2024Summer24NanoAODv15-150X_mcRun3_2024_realistic_v2-v4/NANOAODSIM
HIT|MC|dy_ll|lep|/DYto2L-4Jets_Bin-HT-2500-MLL-4to50_TuneCP5_13p6TeV_madgraphMLM-pythia8/RunIII2024Summer24NanoAODv15-150X_mcRun3_2024_realistic_v2-v4/NANOAODSIM
HIT|MC|dy_ll|lep|/DYto2L-4Jets_Bin-HT-2500-MLL-50to120_TuneCP5_13p6TeV_madgraphMLM-pythia8/RunIII2024Summer24NanoAODv15-150X_mcRun3_2024_realistic_v2-v4/NANOAODSIM
HIT|MC|dy_ll|lep|/DYto2L-4Jets_Bin-HT-400to800-MLL-120_TuneCP5_13p6TeV_madgraphMLM-pythia8/RunIII2024Summer24NanoAODv15-150X_mcRun3_2024_realistic_v2-v4/NANOAODSIM
HIT|MC|dy_ll|lep|/DYto2L-4Jets_Bin-HT-400to800-MLL-4to50_TuneCP5_13p6TeV_madgraphMLM-pythia8/RunIII2024Summer24NanoAODv15-150X_mcRun3_2024_realistic_v2-v2/NANOAODSIM
HIT|MC|dy_ll|lep|/DYto2L-4Jets_Bin-HT-400to800-MLL-50to120_TuneCP5_13p6TeV_madgraphMLM-pythia8/RunIII2024Summer24NanoAODv15-150X_mcRun3_2024_realistic_v2-v2/NANOAODSIM
HIT|MC|dy_ll|lep|/DYto2L-4Jets_Bin-HT-40to70-MLL-120_TuneCP5_13p6TeV_madgraphMLM-pythia8/RunIII2024Summer24NanoAODv15-150X_mcRun3_2024_realistic_v2-v2/NANOAODSIM
HIT|MC|dy_ll|lep|/DYto2L-4Jets_Bin-HT-40to70-MLL-4to50_TuneCP5_13p6TeV_madgraphMLM-pythia8/RunIII2024Summer24NanoAODv15-150X_mcRun3_2024_realistic_v2-v2/NANOAODSIM
HIT|MC|dy_ll|lep|/DYto2L-4Jets_Bin-HT-40to70-MLL-50to120_TuneCP5_13p6TeV_madgraphMLM-pythia8/RunIII2024Summer24NanoAODv15-150X_mcRun3_2024_realistic_v2-v2/NANOAODSIM
HIT|MC|dy_ll|lep|/DYto2L-4Jets_Bin-HT-70to100-MLL-120_TuneCP5_13p6TeV_madgraphMLM-pythia8/RunIII2024Summer24NanoAODv15-150X_mcRun3_2024_realistic_v2-v2/NANOAODSIM
HIT|MC|dy_ll|lep|/DYto2L-4Jets_Bin-HT-70to100-MLL-4to50_TuneCP5_13p6TeV_madgraphMLM-pythia8/RunIII2024Summer24NanoAODv15-150X_mcRun3_2024_realistic_v2-v2/NANOAODSIM
HIT|MC|dy_ll|lep|/DYto2L-4Jets_Bin-HT-70to100-MLL-50to120_TuneCP5_13p6TeV_madgraphMLM-pythia8/RunIII2024Summer24NanoAODv15-150X_mcRun3_2024_realistic_v2-v2/NANOAODSIM
HIT|MC|dy_ll|lep|/DYto2L-4Jets_Bin-HT-800to1500-MLL-120_TuneCP5_13p6TeV_madgraphMLM-pythia8/RunIII2024Summer24NanoAODv15-150X_mcRun3_2024_realistic_v2-v4/NANOAODSIM
HIT|MC|dy_ll|lep|/DYto2L-4Jets_Bin-HT-800to1500-MLL-4to50_TuneCP5_13p6TeV_madgraphMLM-pythia8/RunIII2024Summer24NanoAODv15-150X_mcRun3_2024_realistic_v2-v4/NANOAODSIM
HIT|MC|dy_ll|lep|/DYto2L-4Jets_Bin-HT-800to1500-MLL-50to120_TuneCP5_13p6TeV_madgraphMLM-pythia8/RunIII2024Summer24NanoAODv15-150X_mcRun3_2024_realistic_v2-v5/NANOAODSIM
HIT|MC|dy_ll|lep|/DYto2L_Bin-1J-MLL-1to10-PTLL-0to70_TuneCP5_13p6TeV_madgraph-pythia8/RunIII2024Summer24NanoAODv15-150X_mcRun3_2024_realistic_v2-v2/NANOAODSIM
HIT|MC|dy_ll|lep|/DYto2L_Bin-1J-MLL-1to10-PTLL-100to200_TuneCP5_13p6TeV_madgraph-pythia8/RunIII2024Summer24NanoAODv15-150X_mcRun3_2024_realistic_v2-v2/NANOAODSIM
HIT|MC|dy_ll|lep|/DYto2L_Bin-1J-MLL-1to10-PTLL-200to400_TuneCP5_13p6TeV_madgraph-pythia8/RunIII2024Summer24NanoAODv15-150X_mcRun3_2024_realistic_v2-v2/NANOAODSIM
HIT|MC|dy_ll|lep|/DYto2L_Bin-1J-MLL-1to10-PTLL-400to600_TuneCP5_13p6TeV_madgraph-pythia8/RunIII2024Summer24NanoAODv15-150X_mcRun3_2024_realistic_v2-v2/NANOAODSIM
HIT|MC|dy_ll|lep|/DYto2L_Bin-1J-MLL-1to10-PTLL-600toInf_TuneCP5_13p6TeV_madgraph-pythia8/RunIII2024Summer24NanoAODv15-150X_mcRun3_2024_realistic_v2-v2/NANOAODSIM
HIT|MC|dy_ll|lep|/DYto2L_Bin-1J-MLL-1to10-PTLL-70to100_TuneCP5_13p6TeV_madgraph-pythia8/RunIII2024Summer24NanoAODv15-150X_mcRun3_2024_realistic_v2-v2/NANOAODSIM
HIT|MC|dy_ll|lep|/DYto2Mu-2Jets_Bin-0J-MLL-50_TuneCP5_13p6TeV_amcatnloFXFX-pythia8/RunIII2024Summer24NanoAODv15-150X_mcRun3_2024_realistic_v2-v3/NANOAODSIM
HIT|MC|dy_ll|lep|/DYto2Mu-2Jets_Bin-0J-MLL-50_TuneCP5_13p6TeV_amcatnloFXFX-pythia8/RunIII2024Summer24NanoAODv15-JMENanoV15_150X_mcRun3_2024_realistic_v2-v1/NANOAODSIM
HIT|MC|dy_ll|lep|/DYto2Mu-2Jets_Bin-1J-MLL-50_TuneCP5_13p6TeV_amcatnloFXFX-pythia8/RunIII2024Summer24NanoAODv15-150X_mcRun3_2024_realistic_v2-v1/NANOAODSIM
HIT|MC|dy_ll|lep|/DYto2Mu-2Jets_Bin-1J-MLL-50_TuneCP5_13p6TeV_amcatnloFXFX-pythia8/RunIII2024Summer24NanoAODv15-JMENanoV15_150X_mcRun3_2024_realistic_v2-v2/NANOAODSIM
HIT|MC|dy_ll|lep|/DYto2Mu-2Jets_Bin-2J-MLL-50_TuneCP5_13p6TeV_amcatnloFXFX-pythia8/RunIII2024Summer24NanoAODv15-150X_mcRun3_2024_realistic_v2-v3/NANOAODSIM
HIT|MC|dy_ll|lep|/DYto2Mu-2Jets_Bin-2J-MLL-50_TuneCP5_13p6TeV_amcatnloFXFX-pythia8/RunIII2024Summer24NanoAODv15-JMENanoV15_150X_mcRun3_2024_realistic_v2-v3/NANOAODSIM
HIT|MC|dy_ll|lep|/DYto2Mu-2Jets_Bin-MLL-105to160_Fil-VBF_TuneCP5_13p6TeV_amcatnloFXFX-pythia8/RunIII2024Summer24NanoAODv15-150X_mcRun3_2024_realistic_v2-v2/NANOAODSIM
HIT|MC|dy_ll|lep|/DYto2Mu-2Jets_Bin-MLL-105to160_TuneCP5_13p6TeV_amcatnloFXFX-pythia8/RunIII2024Summer24NanoAODv15-150X_mcRun3_2024_realistic_v2_ext1-v2/NANOAODSIM
HIT|MC|dy_ll|lep|/DYto2Mu-2Jets_Bin-MLL-105to160_TuneCP5_13p6TeV_amcatnloFXFX-pythia8/RunIII2024Summer24NanoAODv15-150X_mcRun3_2024_realistic_v2-v2/NANOAODSIM
HIT|MC|dy_ll|lep|/DYto2Mu-2Jets_Bin-MLL-10to50_TuneCP5_13p6TeV_amcatnloFXFX-pythia8/RunIII2024Summer24NanoAODv15-150X_mcRun3_2024_realistic_v2-v2/NANOAODSIM
HIT|MC|dy_ll|lep|/DYto2Mu-2Jets_Bin-MLL-10to50_TuneCP5_13p6TeV_amcatnloFXFX-pythia8/RunIII2024Summer24NanoAODv15-BTVNanoV15_150X_mcRun3_2024_realistic_v2-v1/NANOAODSIM
HIT|MC|dy_ll|lep|/DYto2Mu-2Jets_Bin-MLL-10to50_TuneCP5_13p6TeV_amcatnloFXFX-pythia8/RunIII2024Summer24NanoAODv15-FS_150X_mcRun3_2024_realistic_v2-v2/NANOAODSIM
HIT|MC|dy_ll|lep|/DYto2Mu-2Jets_Bin-MLL-50_TuneCP5_13p6TeV_amcatnloFXFX-pythia8/RunIII2024Summer24NanoAODv15-150X_mcRun3_2024_realistic_v2-v6/NANOAODSIM
HIT|MC|dy_ll|lep|/DYto2Mu-2Jets_Bin-MLL-50_TuneCP5_13p6TeV_amcatnloFXFX-pythia8/RunIII2024Summer24NanoAODv15-BTVNanoV15_150X_mcRun3_2024_realistic_v2-v2/NANOAODSIM
HIT|MC|dy_ll|lep|/DYto2Mu-2Jets_Bin-MLL-50_TuneCP5_13p6TeV_amcatnloFXFX-pythia8/RunIII2024Summer24NanoAODv15-FS_150X_mcRun3_2024_realistic_v2-v2/NANOAODSIM
HIT|MC|dy_ll|lep|/DYto2Mu-2Jets_Bin-MLL-50_TuneCP5_13p6TeV_amcatnloFXFX-pythia8/RunIII2024Summer24NanoAODv15-JMENanoV15_150X_mcRun3_2024_realistic_v2-v1/NANOAODSIM
HIT|MC|dy_ll|lep|/DYto2Mu-2Jets_Bin-MLL-50_TuneCP5_13p6TeV_amcatnloFXFX-pythia8/RunIII2024Summer24NanoAODv15-MUOPOGNano_150X_mcRun3_2024_realistic_v2-v2/NANOAODSIM
HIT|MC|dy_ll|lep|/DYto2Mu-4Jets_Bin-MLL-10to50_TuneCP5_13p6TeV_madgraphMLM-pythia8/RunIII2024Summer24NanoAODv15-150X_mcRun3_2024_realistic_v2-v2/NANOAODSIM
HIT|MC|dy_ll|lep|/DYto2Mu-4Jets_Bin-MLL-10to50_TuneCP5_13p6TeV_madgraphMLM-pythia8/RunIII2024Summer24NanoAODv15-BTVNanoV15_150X_mcRun3_2024_realistic_v2-v1/NANOAODSIM
HIT|MC|dy_ll|lep|/DYto2Mu-4Jets_Bin-MLL-50_TuneCP5_13p6TeV_madgraphMLM-pythia8/RunIII2024Summer24NanoAODv15-150X_mcRun3_2024_realistic_v2-v3/NANOAODSIM
HIT|MC|dy_ll|lep|/DYto2Mu-4Jets_Bin-MLL-50_TuneCP5_13p6TeV_madgraphMLM-pythia8/RunIII2024Summer24NanoAODv15-BTVNanoV15_150X_mcRun3_2024_realistic_v2-v1/NANOAODSIM
HIT|MC|dy_ll|lep|/DYto2Mu-4Jets_Bin-MLL-50_TuneCP5_13p6TeV_madgraphMLM-pythia8/RunIII2024Summer24NanoAODv15-JMENanoV15_150X_mcRun3_2024_realistic_v2-v1/NANOAODSIM
HIT|MC|dy_ll|lep|/DYto2Mu-4Jets_Bin-MLL-50_TuneCP5_13p6TeV_madgraphMLM-pythia8/RunIII2024Summer24NanoAODv15-MUOPOGNano_150X_mcRun3_2024_realistic_v2-v2/NANOAODSIM
HIT|MC|dy_ll|lep|/DYto2Mu-4Jets_Bin-MLL-50_TuneCP5_13p6TeV_madgraphMLM-pythia8/RunIII2024Summer24NanoAODv15-NoPU_150X_mcRun3_2024_realistic_v2_ext1-v2/NANOAODSIM
HIT|MC|dy_ll|lep|/DYto2Mu-5Jets-2NLO3LO_Bin-MLL-40_TuneSherpaDef_13p6TeV_sherpaMEPS/RunIII2024Summer24NanoAODv15-150X_mcRun3_2024_realistic_v2-v2/NANOAODSIM
HIT|MC|dy_ll|lep|/DYto2Mu_Bin-MLL-1000to1500_TuneCP5_13p6TeV_powhegMINNLO-pythia8-photos/RunIII2024Summer24NanoAODv15-150X_mcRun3_2024_realistic_v2-v2/NANOAODSIM
HIT|MC|dy_ll|lep|/DYto2Mu_Bin-MLL-10to50_TuneCP5_13p6TeV_powhegMINNLO-pythia8-photos/RunIII2024Summer24NanoAODv15-150X_mcRun3_2024_realistic_v2-v2/NANOAODSIM
HIT|MC|dy_ll|lep|/DYto2Mu_Bin-MLL-10to50_TuneCP5_13p6TeV_powheg-pythia8/RunIII2024Summer24NanoAODv15-150X_mcRun3_2024_realistic_v2-v2/NANOAODSIM
HIT|MC|dy_ll|lep|/DYto2Mu_Bin-MLL-120to200_TuneCP5_13p6TeV_powheg-pythia8/RunIII2024Summer24NanoAODv15-150X_mcRun3_2024_realistic_v2-v2/NANOAODSIM
HIT|MC|dy_ll|lep|/DYto2Mu_Bin-MLL-130to200_TuneCP5_13p6TeV_powhegMINNLO-pythia8-photos/RunIII2024Summer24NanoAODv15-150X_mcRun3_2024_realistic_v2-v2/NANOAODSIM
HIT|MC|dy_ll|lep|/DYto2Mu_Bin-MLL-1500to2000_TuneCP5_13p6TeV_powhegMINNLO-pythia8-photos/RunIII2024Summer24NanoAODv15-150X_mcRun3_2024_realistic_v2-v2/NANOAODSIM
HIT|MC|dy_ll|lep|/DYto2Mu_Bin-MLL-1500to2500_TuneCP5_13p6TeV_powheg-pythia8/RunIII2024Summer24NanoAODv15-150X_mcRun3_2024_realistic_v2-v2/NANOAODSIM
HIT|MC|dy_ll|lep|/DYto2Mu_Bin-MLL-2000to4000_TuneCP5_13p6TeV_powhegMINNLO-pythia8-photos/RunIII2024Summer24NanoAODv15-150X_mcRun3_2024_realistic_v2-v2/NANOAODSIM
HIT|MC|dy_ll|lep|/DYto2Mu_Bin-MLL-200to400_TuneCP5_13p6TeV_powhegMINNLO-pythia8-photos/RunIII2024Summer24NanoAODv15-150X_mcRun3_2024_realistic_v2-v2/NANOAODSIM
HIT|MC|dy_ll|lep|/DYto2Mu_Bin-MLL-200to400_TuneCP5_13p6TeV_powheg-pythia8/RunIII2024Summer24NanoAODv15-150X_mcRun3_2024_realistic_v2-v2/NANOAODSIM
HIT|MC|dy_ll|lep|/DYto2Mu_Bin-MLL-2500to4000_TuneCP5_13p6TeV_powheg-pythia8/RunIII2024Summer24NanoAODv15-150X_mcRun3_2024_realistic_v2-v2/NANOAODSIM
HIT|MC|dy_ll|lep|/DYto2Mu_Bin-MLL-4000to6000_TuneCP5_13p6TeV_powhegMINNLO-pythia8-photos/RunIII2024Summer24NanoAODv15-150X_mcRun3_2024_realistic_v2-v2/NANOAODSIM
HIT|MC|dy_ll|lep|/DYto2Mu_Bin-MLL-4000to6000_TuneCP5_13p6TeV_powheg-pythia8/RunIII2024Summer24NanoAODv15-150X_mcRun3_2024_realistic_v2-v2/NANOAODSIM
HIT|MC|dy_ll|lep|/DYto2Mu_Bin-MLL-400to600_TuneCP5_13p6TeV_powhegMINNLO-pythia8-photos/RunIII2024Summer24NanoAODv15-150X_mcRun3_2024_realistic_v2-v2/NANOAODSIM
HIT|MC|dy_ll|lep|/DYto2Mu_Bin-MLL-400to800_TuneCP5_13p6TeV_powheg-pythia8/RunIII2024Summer24NanoAODv15-150X_mcRun3_2024_realistic_v2-v2/NANOAODSIM
HIT|MC|dy_ll|lep|/DYto2Mu_Bin-MLL-50to120_TuneCP5_13p6TeV_powheg-pythia8/RunIII2024Summer24NanoAODv15-150X_mcRun3_2024_realistic_v2-v2/NANOAODSIM
HIT|MC|dy_ll|lep|/DYto2Mu_Bin-MLL-50to130_TuneCP5_13p6TeV_powhegMINNLO-pythia8-photos/RunIII2024Summer24NanoAODv15-150X_mcRun3_2024_realistic_v2-v2/NANOAODSIM
HIT|MC|dy_ll|lep|/DYto2Mu_Bin-MLL-6000to13600_TuneCP5_13p6TeV_powhegMINNLO-pythia8-photos/RunIII2024Summer24NanoAODv15-150X_mcRun3_2024_realistic_v2-v2/NANOAODSIM
HIT|MC|dy_ll|lep|/DYto2Mu_Bin-MLL-6000_TuneCP5_13p6TeV_powheg-pythia8/RunIII2024Summer24NanoAODv15-150X_mcRun3_2024_realistic_v2-v2/NANOAODSIM
HIT|MC|dy_ll|lep|/DYto2Mu_Bin-MLL-600to800_TuneCP5_13p6TeV_powhegMINNLO-pythia8-photos/RunIII2024Summer24NanoAODv15-150X_mcRun3_2024_realistic_v2-v2/NANOAODSIM
HIT|MC|dy_ll|lep|/DYto2Mu_Bin-MLL-800to1000_TuneCP5_13p6TeV_powhegMINNLO-pythia8-photos/RunIII2024Summer24NanoAODv15-150X_mcRun3_2024_realistic_v2-v2/NANOAODSIM
HIT|MC|dy_ll|lep|/DYto2Mu_Bin-MLL-800to1500_TuneCP5_13p6TeV_powheg-pythia8/RunIII2024Summer24NanoAODv15-150X_mcRun3_2024_realistic_v2-v2/NANOAODSIM
HIT|MC|dy_ll|lep|/DYto2E-2Jets_Bin-0J-MLL-50_TuneCP5_13p6TeV_amcatnloFXFX-pythia8/RunIII2024Summer24NanoAODv15-150X_mcRun3_2024_realistic_v2-v2/NANOAODSIM
HIT|MC|dy_ll|lep|/DYto2E-2Jets_Bin-0J-MLL-50_TuneCP5_13p6TeV_amcatnloFXFX-pythia8/RunIII2024Summer24NanoAODv15-JMENanoV15_150X_mcRun3_2024_realistic_v2-v1/NANOAODSIM
HIT|MC|dy_ll|lep|/DYto2E-2Jets_Bin-1J-MLL-50_TuneCP5_13p6TeV_amcatnloFXFX-pythia8/RunIII2024Summer24NanoAODv15-150X_mcRun3_2024_realistic_v2-v3/NANOAODSIM
HIT|MC|dy_ll|lep|/DYto2E-2Jets_Bin-1J-MLL-50_TuneCP5_13p6TeV_amcatnloFXFX-pythia8/RunIII2024Summer24NanoAODv15-JMENanoV15_150X_mcRun3_2024_realistic_v2-v3/NANOAODSIM
HIT|MC|dy_ll|lep|/DYto2E-2Jets_Bin-2J-MLL-50_TuneCP5_13p6TeV_amcatnloFXFX-pythia8/RunIII2024Summer24NanoAODv15-150X_mcRun3_2024_realistic_v2-v2/NANOAODSIM
HIT|MC|dy_ll|lep|/DYto2E-2Jets_Bin-2J-MLL-50_TuneCP5_13p6TeV_amcatnloFXFX-pythia8/RunIII2024Summer24NanoAODv15-JMENanoV15_150X_mcRun3_2024_realistic_v2-v2/NANOAODSIM
HIT|MC|dy_ll|lep|/DYto2E-2Jets_Bin-MLL-10to50_TuneCP5_13p6TeV_amcatnloFXFX-pythia8/RunIII2024Summer24NanoAODv15-150X_mcRun3_2024_realistic_v2-v2/NANOAODSIM
HIT|MC|dy_ll|lep|/DYto2E-2Jets_Bin-MLL-10to50_TuneCP5_13p6TeV_amcatnloFXFX-pythia8/RunIII2024Summer24NanoAODv15-BTVNanoV15_150X_mcRun3_2024_realistic_v2-v1/NANOAODSIM
HIT|MC|dy_ll|lep|/DYto2E-2Jets_Bin-MLL-10to50_TuneCP5_13p6TeV_amcatnloFXFX-pythia8/RunIII2024Summer24NanoAODv15-FS_150X_mcRun3_2024_realistic_v2-v1/NANOAODSIM
HIT|MC|dy_ll|lep|/DYto2E-2Jets_Bin-MLL-50_TuneCP5_13p6TeV_amcatnloFXFX-pythia8/RunIII2024Summer24NanoAODv15-150X_mcRun3_2024_realistic_v2-v4/NANOAODSIM
HIT|MC|dy_ll|lep|/DYto2E-2Jets_Bin-MLL-50_TuneCP5_13p6TeV_amcatnloFXFX-pythia8/RunIII2024Summer24NanoAODv15-BTVNanoV15_150X_mcRun3_2024_realistic_v2-v2/NANOAODSIM
HIT|MC|dy_ll|lep|/DYto2E-2Jets_Bin-MLL-50_TuneCP5_13p6TeV_amcatnloFXFX-pythia8/RunIII2024Summer24NanoAODv15-FS_150X_mcRun3_2024_realistic_v2-v2/NANOAODSIM
HIT|MC|dy_ll|lep|/DYto2E-2Jets_Bin-MLL-50_TuneCP5_13p6TeV_amcatnloFXFX-pythia8/RunIII2024Summer24NanoAODv15-JMENanoV15_150X_mcRun3_2024_realistic_v2-v1/NANOAODSIM
HIT|MC|dy_ll|lep|/DYto2E-4Jets_Bin-MLL-10to50_TuneCP5_13p6TeV_madgraphMLM-pythia8/RunIII2024Summer24NanoAODv15-150X_mcRun3_2024_realistic_v2-v2/NANOAODSIM
HIT|MC|dy_ll|lep|/DYto2E-4Jets_Bin-MLL-10to50_TuneCP5_13p6TeV_madgraphMLM-pythia8/RunIII2024Summer24NanoAODv15-BTVNanoV15_150X_mcRun3_2024_realistic_v2-v1/NANOAODSIM
HIT|MC|dy_ll|lep|/DYto2E-4Jets_Bin-MLL-50_TuneCP5_13p6TeV_madgraphMLM-pythia8/RunIII2024Summer24NanoAODv15-150X_mcRun3_2024_realistic_v2-v3/NANOAODSIM
HIT|MC|dy_ll|lep|/DYto2E-4Jets_Bin-MLL-50_TuneCP5_13p6TeV_madgraphMLM-pythia8/RunIII2024Summer24NanoAODv15-BTVNanoV15_150X_mcRun3_2024_realistic_v2-v1/NANOAODSIM
HIT|MC|dy_ll|lep|/DYto2E-4Jets_Bin-MLL-50_TuneCP5_13p6TeV_madgraphMLM-pythia8/RunIII2024Summer24NanoAODv15-EGMNanoV15_150X_mcRun3_2024_realistic_v1-v1/NANOAODSIM
HIT|MC|dy_ll|lep|/DYto2E-4Jets_Bin-MLL-50_TuneCP5_13p6TeV_madgraphMLM-pythia8/RunIII2024Summer24NanoAODv15-JMENanoV15_150X_mcRun3_2024_realistic_v2-v1/NANOAODSIM
HIT|MC|dy_ll|lep|/DYto2E-5Jets-2NLO3LO_Bin-MLL-40_TuneSherpaDef_13p6TeV_sherpaMEPS/RunIII2024Summer24NanoAODv15-150X_mcRun3_2024_realistic_v2-v4/NANOAODSIM
HIT|MC|dy_ll|lep|/DYto2E-5Jets-2NLO3LO_Bin-MLL-40_TuneSherpaDef_13p6TeV_sherpaMEPS/RunIII2024Summer24NanoAODv15-JMENanoV15_150X_mcRun3_2024_realistic_v2-v1/NANOAODSIM
HIT|MC|dy_ll|lep|/DYto2E_Bin-MLL-1000to1500_TuneCP5_13p6TeV_powhegMINNLO-pythia8-photos/RunIII2024Summer24NanoAODv15-150X_mcRun3_2024_realistic_v2-v2/NANOAODSIM
HIT|MC|dy_ll|lep|/DYto2E_Bin-MLL-10to50_TuneCP5_13p6TeV_powheg-pythia8/RunIII2024Summer24NanoAODv15-150X_mcRun3_2024_realistic_v2-v2/NANOAODSIM
HIT|MC|dy_ll|lep|/DYto2E_Bin-MLL-120to200_TuneCP5_13p6TeV_powheg-pythia8/RunIII2024Summer24NanoAODv15-150X_mcRun3_2024_realistic_v2-v2/NANOAODSIM
HIT|MC|dy_ll|lep|/DYto2E_Bin-MLL-130to200_TuneCP5_13p6TeV_powhegMINNLO-pythia8-photos/RunIII2024Summer24NanoAODv15-150X_mcRun3_2024_realistic_v2-v2/NANOAODSIM
HIT|MC|dy_ll|lep|/DYto2E_Bin-MLL-1500to2000_TuneCP5_13p6TeV_powhegMINNLO-pythia8-photos/RunIII2024Summer24NanoAODv15-150X_mcRun3_2024_realistic_v2-v2/NANOAODSIM
HIT|MC|dy_ll|lep|/DYto2E_Bin-MLL-1500to2500_TuneCP5_13p6TeV_powheg-pythia8/RunIII2024Summer24NanoAODv15-150X_mcRun3_2024_realistic_v2-v2/NANOAODSIM
HIT|MC|dy_ll|lep|/DYto2E_Bin-MLL-2000to4000_TuneCP5_13p6TeV_powhegMINNLO-pythia8-photos/RunIII2024Summer24NanoAODv15-150X_mcRun3_2024_realistic_v2-v2/NANOAODSIM
HIT|MC|dy_ll|lep|/DYto2E_Bin-MLL-200to400_TuneCP5_13p6TeV_powhegMINNLO-pythia8-photos/RunIII2024Summer24NanoAODv15-150X_mcRun3_2024_realistic_v2-v2/NANOAODSIM
HIT|MC|dy_ll|lep|/DYto2E_Bin-MLL-200to400_TuneCP5_13p6TeV_powheg-pythia8/RunIII2024Summer24NanoAODv15-150X_mcRun3_2024_realistic_v2-v2/NANOAODSIM
HIT|MC|dy_ll|lep|/DYto2E_Bin-MLL-2500to4000_TuneCP5_13p6TeV_powheg-pythia8/RunIII2024Summer24NanoAODv15-150X_mcRun3_2024_realistic_v2-v2/NANOAODSIM
HIT|MC|dy_ll|lep|/DYto2E_Bin-MLL-4000to6000_TuneCP5_13p6TeV_powhegMINNLO-pythia8-photos/RunIII2024Summer24NanoAODv15-150X_mcRun3_2024_realistic_v2-v2/NANOAODSIM
HIT|MC|dy_ll|lep|/DYto2E_Bin-MLL-4000to6000_TuneCP5_13p6TeV_powheg-pythia8/RunIII2024Summer24NanoAODv15-150X_mcRun3_2024_realistic_v2-v2/NANOAODSIM
HIT|MC|dy_ll|lep|/DYto2E_Bin-MLL-400to600_TuneCP5_13p6TeV_powhegMINNLO-pythia8-photos/RunIII2024Summer24NanoAODv15-150X_mcRun3_2024_realistic_v2-v2/NANOAODSIM
HIT|MC|dy_ll|lep|/DYto2E_Bin-MLL-400to800_TuneCP5_13p6TeV_powheg-pythia8/RunIII2024Summer24NanoAODv15-150X_mcRun3_2024_realistic_v2-v2/NANOAODSIM
HIT|MC|dy_ll|lep|/DYto2E_Bin-MLL-50to120_TuneCP5_13p6TeV_powheg-pythia8/RunIII2024Summer24NanoAODv15-150X_mcRun3_2024_realistic_v2-v2/NANOAODSIM
HIT|MC|dy_ll|lep|/DYto2E_Bin-MLL-6000to13600_TuneCP5_13p6TeV_powhegMINNLO-pythia8-photos/RunIII2024Summer24NanoAODv15-150X_mcRun3_2024_realistic_v2-v2/NANOAODSIM
HIT|MC|dy_ll|lep|/DYto2E_Bin-MLL-6000_TuneCP5_13p6TeV_powheg-pythia8/RunIII2024Summer24NanoAODv15-150X_mcRun3_2024_realistic_v2-v2/NANOAODSIM
HIT|MC|dy_ll|lep|/DYto2E_Bin-MLL-600to800_TuneCP5_13p6TeV_powhegMINNLO-pythia8-photos/RunIII2024Summer24NanoAODv15-150X_mcRun3_2024_realistic_v2-v2/NANOAODSIM
HIT|MC|dy_ll|lep|/DYto2E_Bin-MLL-800to1000_TuneCP5_13p6TeV_powhegMINNLO-pythia8-photos/RunIII2024Summer24NanoAODv15-150X_mcRun3_2024_realistic_v2-v2/NANOAODSIM
HIT|MC|dy_ll|lep|/DYto2E_Bin-MLL-800to1500_TuneCP5_13p6TeV_powheg-pythia8/RunIII2024Summer24NanoAODv15-150X_mcRun3_2024_realistic_v2-v2/NANOAODSIM
HIT|MC|dy_ll|lep|/DYto2Tau-2Jets_Bin-0J-MLL-50_TuneCP5_13p6TeV_amcatnloFXFX-pythia8/RunIII2024Summer24NanoAODv15-150X_mcRun3_2024_realistic_v2-v4/NANOAODSIM
HIT|MC|dy_ll|lep|/DYto2Tau-2Jets_Bin-0J-MLL-50_TuneCP5_13p6TeV_amcatnloFXFX-pythia8/RunIII2024Summer24NanoAODv15-JMENanoV15_150X_mcRun3_2024_realistic_v2-v1/NANOAODSIM
HIT|MC|dy_ll|lep|/DYto2Tau-2Jets_Bin-1J-MLL-50_TuneCP5_13p6TeV_amcatnloFXFX-pythia8/RunIII2024Summer24NanoAODv15-150X_mcRun3_2024_realistic_v2-v2/NANOAODSIM
HIT|MC|dy_ll|lep|/DYto2Tau-2Jets_Bin-1J-MLL-50_TuneCP5_13p6TeV_amcatnloFXFX-pythia8/RunIII2024Summer24NanoAODv15-JMENanoV15_150X_mcRun3_2024_realistic_v2-v1/NANOAODSIM
HIT|MC|dy_ll|lep|/DYto2Tau-2Jets_Bin-2J-MLL-50_TuneCP5_13p6TeV_amcatnloFXFX-pythia8/RunIII2024Summer24NanoAODv15-150X_mcRun3_2024_realistic_v2-v2/NANOAODSIM
HIT|MC|dy_ll|lep|/DYto2Tau-2Jets_Bin-2J-MLL-50_TuneCP5_13p6TeV_amcatnloFXFX-pythia8/RunIII2024Summer24NanoAODv15-JMENanoV15_150X_mcRun3_2024_realistic_v2-v1/NANOAODSIM
HIT|MC|dy_ll|lep|/DYto2Tau-2Jets_Bin-MLL-10to50_TuneCP5_13p6TeV_amcatnloFXFX-pythia8/RunIII2024Summer24NanoAODv15-150X_mcRun3_2024_realistic_v2-v2/NANOAODSIM
HIT|MC|dy_ll|lep|/DYto2Tau-2Jets_Bin-MLL-10to50_TuneCP5_13p6TeV_amcatnloFXFX-pythia8/RunIII2024Summer24NanoAODv15-BTVNanoV15_150X_mcRun3_2024_realistic_v2-v1/NANOAODSIM
HIT|MC|dy_ll|lep|/DYto2Tau-2Jets_Bin-MLL-10to50_TuneCP5_13p6TeV_amcatnloFXFX-pythia8/RunIII2024Summer24NanoAODv15-FS_150X_mcRun3_2024_realistic_v2-v1/NANOAODSIM
HIT|MC|dy_ll|lep|/DYto2Tau-2Jets_Bin-MLL-50_TuneCP5_13p6TeV_amcatnloFXFX-pythia8/RunIII2024Summer24NanoAODv15-150X_mcRun3_2024_realistic_v2-v7/NANOAODSIM
HIT|MC|dy_ll|lep|/DYto2Tau-2Jets_Bin-MLL-50_TuneCP5_13p6TeV_amcatnloFXFX-pythia8/RunIII2024Summer24NanoAODv15-BTVNanoV15_150X_mcRun3_2024_realistic_v2-v2/NANOAODSIM
HIT|MC|dy_ll|lep|/DYto2Tau-2Jets_Bin-MLL-50_TuneCP5_13p6TeV_amcatnloFXFX-pythia8/RunIII2024Summer24NanoAODv15-FS_150X_mcRun3_2024_realistic_v2-v2/NANOAODSIM
HIT|MC|dy_ll|lep|/DYto2Tau-2Jets_Bin-MLL-50_TuneCP5_13p6TeV_amcatnloFXFX-pythia8/RunIII2024Summer24NanoAODv15-JMENanoV15_150X_mcRun3_2024_realistic_v2-v1/NANOAODSIM
HIT|MC|dy_ll|lep|/DYto2Tau-4Jets_Bin-MLL-10to50_TuneCP5_13p6TeV_madgraphMLM-pythia8/RunIII2024Summer24NanoAODv15-150X_mcRun3_2024_realistic_v2-v2/NANOAODSIM
HIT|MC|dy_ll|lep|/DYto2Tau-4Jets_Bin-MLL-10to50_TuneCP5_13p6TeV_madgraphMLM-pythia8/RunIII2024Summer24NanoAODv15-BTVNanoV15_150X_mcRun3_2024_realistic_v2-v1/NANOAODSIM
HIT|MC|dy_ll|lep|/DYto2Tau-4Jets_Bin-MLL-50_Fil-MuTauh_TuneCP5_13p6TeV_madgraphMLM-pythia8/RunIII2024Summer24NanoAODv15-150X_mcRun3_2024_realistic_v2-v2/NANOAODSIM
HIT|MC|dy_ll|lep|/DYto2Tau-4Jets_Bin-MLL-50_TuneCP5_13p6TeV_madgraphMLM-pythia8/RunIII2024Summer24NanoAODv15-150X_mcRun3_2024_realistic_v2-v5/NANOAODSIM
HIT|MC|dy_ll|lep|/DYto2Tau-5Jets-2NLO3LO_Bin-MLL-40_TuneSherpaDef_13p6TeV_sherpaMEPS/RunIII2024Summer24NanoAODv15-150X_mcRun3_2024_realistic_v2-v2/NANOAODSIM
HIT|MC|dy_ll|lep|/DYto2Tau_Bin-MLL-1000to1500_TuneCP5_13p6TeV_powhegMINNLO-pythia8-photos/RunIII2024Summer24NanoAODv15-150X_mcRun3_2024_realistic_v2-v2/NANOAODSIM
HIT|MC|dy_ll|lep|/DYto2Tau_Bin-MLL-10to50_TuneCP5_13p6TeV_powheg-pythia8/RunIII2024Summer24NanoAODv15-150X_mcRun3_2024_realistic_v2-v2/NANOAODSIM
HIT|MC|dy_ll|lep|/DYto2Tau_Bin-MLL-120to200_TuneCP5_13p6TeV_powheg-pythia8/RunIII2024Summer24NanoAODv15-150X_mcRun3_2024_realistic_v2-v2/NANOAODSIM
HIT|MC|dy_ll|lep|/DYto2Tau_Bin-MLL-130to200_TuneCP5_13p6TeV_powhegMINNLO-pythia8-photos/RunIII2024Summer24NanoAODv15-150X_mcRun3_2024_realistic_v2-v2/NANOAODSIM
HIT|MC|dy_ll|lep|/DYto2Tau_Bin-MLL-1500to2000_TuneCP5_13p6TeV_powhegMINNLO-pythia8-photos/RunIII2024Summer24NanoAODv15-150X_mcRun3_2024_realistic_v2-v2/NANOAODSIM
HIT|MC|dy_ll|lep|/DYto2Tau_Bin-MLL-1500to2500_TuneCP5_13p6TeV_powheg-pythia8/RunIII2024Summer24NanoAODv15-150X_mcRun3_2024_realistic_v2-v2/NANOAODSIM
HIT|MC|dy_ll|lep|/DYto2Tau_Bin-MLL-2000to4000_TuneCP5_13p6TeV_powhegMINNLO-pythia8-photos/RunIII2024Summer24NanoAODv15-150X_mcRun3_2024_realistic_v2-v2/NANOAODSIM
HIT|MC|dy_ll|lep|/DYto2Tau_Bin-MLL-200to400_TuneCP5_13p6TeV_powhegMINNLO-pythia8-photos/RunIII2024Summer24NanoAODv15-150X_mcRun3_2024_realistic_v2-v2/NANOAODSIM
HIT|MC|dy_ll|lep|/DYto2Tau_Bin-MLL-200to400_TuneCP5_13p6TeV_powheg-pythia8/RunIII2024Summer24NanoAODv15-150X_mcRun3_2024_realistic_v2-v2/NANOAODSIM
HIT|MC|dy_ll|lep|/DYto2Tau_Bin-MLL-2500to4000_TuneCP5_13p6TeV_powheg-pythia8/RunIII2024Summer24NanoAODv15-150X_mcRun3_2024_realistic_v2-v2/NANOAODSIM
HIT|MC|dy_ll|lep|/DYto2Tau_Bin-MLL-4000to6000_TuneCP5_13p6TeV_powhegMINNLO-pythia8-photos/RunIII2024Summer24NanoAODv15-150X_mcRun3_2024_realistic_v2-v2/NANOAODSIM
HIT|MC|dy_ll|lep|/DYto2Tau_Bin-MLL-4000to6000_TuneCP5_13p6TeV_powheg-pythia8/RunIII2024Summer24NanoAODv15-150X_mcRun3_2024_realistic_v2-v2/NANOAODSIM
HIT|MC|dy_ll|lep|/DYto2Tau_Bin-MLL-400to600_TuneCP5_13p6TeV_powhegMINNLO-pythia8-photos/RunIII2024Summer24NanoAODv15-150X_mcRun3_2024_realistic_v2-v2/NANOAODSIM
HIT|MC|dy_ll|lep|/DYto2Tau_Bin-MLL-400to800_TuneCP5_13p6TeV_powheg-pythia8/RunIII2024Summer24NanoAODv15-150X_mcRun3_2024_realistic_v2-v2/NANOAODSIM
HIT|MC|dy_ll|lep|/DYto2Tau_Bin-MLL-50to120_TuneCP5_13p6TeV_powheg-pythia8/RunIII2024Summer24NanoAODv15-150X_mcRun3_2024_realistic_v2-v2/NANOAODSIM
HIT|MC|dy_ll|lep|/DYto2Tau_Bin-MLL-6000to13600_TuneCP5_13p6TeV_powhegMINNLO-pythia8-photos/RunIII2024Summer24NanoAODv15-150X_mcRun3_2024_realistic_v2-v2/NANOAODSIM
HIT|MC|dy_ll|lep|/DYto2Tau_Bin-MLL-6000_TuneCP5_13p6TeV_powheg-pythia8/RunIII2024Summer24NanoAODv15-150X_mcRun3_2024_realistic_v2-v2/NANOAODSIM
HIT|MC|dy_ll|lep|/DYto2Tau_Bin-MLL-600to800_TuneCP5_13p6TeV_powhegMINNLO-pythia8-photos/RunIII2024Summer24NanoAODv15-150X_mcRun3_2024_realistic_v2-v2/NANOAODSIM
HIT|MC|dy_ll|lep|/DYto2Tau_Bin-MLL-800to1000_TuneCP5_13p6TeV_powhegMINNLO-pythia8-photos/RunIII2024Summer24NanoAODv15-150X_mcRun3_2024_realistic_v2-v2/NANOAODSIM
HIT|MC|dy_ll|lep|/DYto2Tau_Bin-MLL-800to1500_TuneCP5_13p6TeV_powheg-pythia8/RunIII2024Summer24NanoAODv15-150X_mcRun3_2024_realistic_v2-v2/NANOAODSIM

### DATA  Run2024*  -- first every NanoAOD campaign of the PD (proc-string discovery), then the MINIv6NANOv15* match
NONE|DATA|JetMET|/JetMET/Run2024*-MINIv6NANOv15*/NANOAOD
CAMP|DATA|JetMET0|Run2024A-PromptReco-v1
CAMP|DATA|JetMET0|Run2024B-2024ECALRATIO_JMENano-v1
CAMP|DATA|JetMET0|Run2024B-2024ECALRATIO_JMENano-v2
CAMP|DATA|JetMET0|Run2024B-2024ECALRATIO_JMENano-v3
CAMP|DATA|JetMET0|Run2024B-PromptBTVJMENano-v1
CAMP|DATA|JetMET0|Run2024B-PromptJMENano-v1
CAMP|DATA|JetMET0|Run2024B-PromptReco-v1
CAMP|DATA|JetMET0|Run2024C-2024CDEReprocessing-v1
CAMP|DATA|JetMET0|Run2024C-2024ECALRATIO_JMENano-v1
CAMP|DATA|JetMET0|Run2024C-2024ECALRATIO_JMENano-v2
CAMP|DATA|JetMET0|Run2024C-2024ECALRATIO_JMENano-v3
CAMP|DATA|JetMET0|Run2024C-BTVNANOv15-v1
CAMP|DATA|JetMET0|Run2024C-ECAL_CC_HCAL_DI_JMENano-v1
CAMP|DATA|JetMET0|Run2024C-ECAL_CC_HCAL_DI_JMENano-v2
CAMP|DATA|JetMET0|Run2024C-ECAL_CC_HCAL_DI-v2
CAMP|DATA|JetMET0|Run2024C-ECAL_R_HCAL_DI_JMENano-v1
CAMP|DATA|JetMET0|Run2024C-ECAL_R_HCAL_DI_JMENano-v2
CAMP|DATA|JetMET0|Run2024C-ECAL_R_HCAL_DI-v1
CAMP|DATA|JetMET0|Run2024C-JMENANOv15-v1
CAMP|DATA|JetMET0|Run2024C-MINIv6NANOv15-v1
CAMP|DATA|JetMET0|Run2024C-PromptBTVJMENano-v1
CAMP|DATA|JetMET0|Run2024C-PromptJMENano-v1
CAMP|DATA|JetMET0|Run2024C-PromptReco-v1
CAMP|DATA|JetMET0|Run2024D-2024CDEReprocessing-v1
CAMP|DATA|JetMET0|Run2024D-BTVNANOv15-v1
CAMP|DATA|JetMET0|Run2024D-JMENANOv15-v1
CAMP|DATA|JetMET0|Run2024D-MINIv6NANOv15-v1
CAMP|DATA|JetMET0|Run2024D-PromptBTVJMENano-v1
CAMP|DATA|JetMET0|Run2024D-PromptJMENano-v1
CAMP|DATA|JetMET0|Run2024D-PromptReco-v1
CAMP|DATA|JetMET0|Run2024E-2024CDEReprocessing-v1
CAMP|DATA|JetMET0|Run2024E-BTVNANOv15-v1
CAMP|DATA|JetMET0|Run2024E-JMENANOv15-v1
CAMP|DATA|JetMET0|Run2024E-MINIv6NANOv15-v1
CAMP|DATA|JetMET0|Run2024E-PromptBTVJMENano-v1
CAMP|DATA|JetMET0|Run2024E-PromptBTVJMENano_v2-v1
CAMP|DATA|JetMET0|Run2024E-PromptJMENano-v1
CAMP|DATA|JetMET0|Run2024E-PromptJMENano_v2-v1
CAMP|DATA|JetMET0|Run2024E-PromptReco-v1
CAMP|DATA|JetMET0|Run2024E-PromptReco-v2
CAMP|DATA|JetMET0|Run2024F-BTVNANOv15-v1
CAMP|DATA|JetMET0|Run2024F-ECAL_CC_HCAL_DI_JMENano-v1
CAMP|DATA|JetMET0|Run2024F-ECAL_CC_HCAL_DI_JMENano-v2
CAMP|DATA|JetMET0|Run2024F-ECAL_CC_HCAL_DI-v1
CAMP|DATA|JetMET0|Run2024F-ECAL_CC_HCAL_DI-v2
CAMP|DATA|JetMET0|Run2024F-ECAL_R_HCAL_DI_JMENano-v1
CAMP|DATA|JetMET0|Run2024F-ECAL_R_HCAL_DI_JMENano-v3
CAMP|DATA|JetMET0|Run2024F-JMENANOv15-v1
CAMP|DATA|JetMET0|Run2024F-MINIv6NANOv15-v2
CAMP|DATA|JetMET0|Run2024F-PromptBTVJMENano-v1
CAMP|DATA|JetMET0|Run2024F-PromptJMENano-v1
CAMP|DATA|JetMET0|Run2024F-PromptReco-v1
CAMP|DATA|JetMET0|Run2024G-BTVNANOv15-v1
CAMP|DATA|JetMET0|Run2024G-JMENANOv15-v1
CAMP|DATA|JetMET0|Run2024G-MINIv6NANOv15-v2
CAMP|DATA|JetMET0|Run2024G-PromptBTVJMENano-v1
CAMP|DATA|JetMET0|Run2024G-PromptJMENano-v1
CAMP|DATA|JetMET0|Run2024G-PromptReco-v1
CAMP|DATA|JetMET0|Run2024H-BTVNANOv15-v1
CAMP|DATA|JetMET0|Run2024H-JMENANOv15-v1
CAMP|DATA|JetMET0|Run2024H-MINIv6NANOv15-v2
CAMP|DATA|JetMET0|Run2024H-PromptBTVJMENano-v1
CAMP|DATA|JetMET0|Run2024H-PromptJMENano-v1
CAMP|DATA|JetMET0|Run2024H-PromptReco-v1
CAMP|DATA|JetMET0|Run2024I-BTVNANOv15-v1
CAMP|DATA|JetMET0|Run2024I-BTVNANOv15_v2-v1
CAMP|DATA|JetMET0|Run2024I-JMENANOv15-v1
CAMP|DATA|JetMET0|Run2024I-JMENANOv15_v2-v1
CAMP|DATA|JetMET0|Run2024I-MINIv6NANOv15-v2
CAMP|DATA|JetMET0|Run2024I-MINIv6NANOv15_v2-v1
CAMP|DATA|JetMET0|Run2024I-PromptBTVJMENano-v1
CAMP|DATA|JetMET0|Run2024I-PromptBTVJMENano_v2-v1
CAMP|DATA|JetMET0|Run2024I-PromptJMENano-v1
CAMP|DATA|JetMET0|Run2024I-PromptJMENano_v2-v1
CAMP|DATA|JetMET0|Run2024I-PromptReco-v1
CAMP|DATA|JetMET0|Run2024I-PromptReco-v2
CAMP|DATA|JetMET0|Run2024J-PromptReco-v1
HIT|DATA|JetMET0|had|/JetMET0/Run2024C-MINIv6NANOv15-v1/NANOAOD
HIT|DATA|JetMET0|had|/JetMET0/Run2024D-MINIv6NANOv15-v1/NANOAOD
HIT|DATA|JetMET0|had|/JetMET0/Run2024E-MINIv6NANOv15-v1/NANOAOD
HIT|DATA|JetMET0|had|/JetMET0/Run2024F-MINIv6NANOv15-v2/NANOAOD
HIT|DATA|JetMET0|had|/JetMET0/Run2024G-MINIv6NANOv15-v2/NANOAOD
HIT|DATA|JetMET0|had|/JetMET0/Run2024H-MINIv6NANOv15-v2/NANOAOD
HIT|DATA|JetMET0|had|/JetMET0/Run2024I-MINIv6NANOv15-v2/NANOAOD
HIT|DATA|JetMET0|had|/JetMET0/Run2024I-MINIv6NANOv15_v2-v1/NANOAOD
CAMP|DATA|JetMET1|Run2024A-PromptReco-v1
CAMP|DATA|JetMET1|Run2024B-2024ECALRATIO_JMENano-v1
CAMP|DATA|JetMET1|Run2024B-2024ECALRATIO_JMENano-v2
CAMP|DATA|JetMET1|Run2024B-2024ECALRATIO_JMENano-v3
CAMP|DATA|JetMET1|Run2024B-PromptBTVJMENano-v1
CAMP|DATA|JetMET1|Run2024B-PromptJMENano-v1
CAMP|DATA|JetMET1|Run2024B-PromptReco-v1
CAMP|DATA|JetMET1|Run2024C-2024CDEReprocessing-v2
CAMP|DATA|JetMET1|Run2024C-2024ECALRATIO_JMENano-v1
CAMP|DATA|JetMET1|Run2024C-2024ECALRATIO_JMENano-v2
CAMP|DATA|JetMET1|Run2024C-2024ECALRATIO_JMENano-v3
CAMP|DATA|JetMET1|Run2024C-BTVNANOv15-v1
CAMP|DATA|JetMET1|Run2024C-ECAL_CC_HCAL_DI-v1
CAMP|DATA|JetMET1|Run2024C-ECAL_R_HCAL_DI_JMENano-v1
CAMP|DATA|JetMET1|Run2024C-ECAL_R_HCAL_DI_JMENano-v2
CAMP|DATA|JetMET1|Run2024C-ECAL_R_HCAL_DI-v1
CAMP|DATA|JetMET1|Run2024C-JMENANOv15-v1
CAMP|DATA|JetMET1|Run2024C-MINIv6NANOv15-v1
CAMP|DATA|JetMET1|Run2024C-pilot-v1
CAMP|DATA|JetMET1|Run2024C-PromptBTVJMENano-v1
CAMP|DATA|JetMET1|Run2024C-PromptJMENano-v1
CAMP|DATA|JetMET1|Run2024C-PromptReco-v1
CAMP|DATA|JetMET1|Run2024D-2024CDEReprocessing-v1
CAMP|DATA|JetMET1|Run2024D-BTVNANOv15-v1
CAMP|DATA|JetMET1|Run2024D-JMENANOv15-v1
CAMP|DATA|JetMET1|Run2024D-MINIv6NANOv15-v1
CAMP|DATA|JetMET1|Run2024D-PromptBTVJMENano-v1
CAMP|DATA|JetMET1|Run2024D-PromptJMENano-v1
CAMP|DATA|JetMET1|Run2024D-PromptReco-v1
CAMP|DATA|JetMET1|Run2024E-2024CDEReprocessing-v1
CAMP|DATA|JetMET1|Run2024E-BTVNANOv15-v1
CAMP|DATA|JetMET1|Run2024E-JMENANOv15-v1
CAMP|DATA|JetMET1|Run2024E-MINIv6NANOv15-v1
CAMP|DATA|JetMET1|Run2024E-PromptBTVJMENano-v1
CAMP|DATA|JetMET1|Run2024E-PromptBTVJMENano_v2-v1
CAMP|DATA|JetMET1|Run2024E-PromptJMENano-v1
CAMP|DATA|JetMET1|Run2024E-PromptJMENano_v2-v1
CAMP|DATA|JetMET1|Run2024E-PromptReco-v1
CAMP|DATA|JetMET1|Run2024E-PromptReco-v2
CAMP|DATA|JetMET1|Run2024F-BTVNANOv15-v1
CAMP|DATA|JetMET1|Run2024F-ECAL_CC_HCAL_DI_JMENano-v1
CAMP|DATA|JetMET1|Run2024F-ECAL_CC_HCAL_DI_JMENano-v2
CAMP|DATA|JetMET1|Run2024F-ECAL_CC_HCAL_DI-v1
CAMP|DATA|JetMET1|Run2024F-ECAL_CC_HCAL_DI-v2
CAMP|DATA|JetMET1|Run2024F-ECAL_R_HCAL_DI_JMENano-v1
CAMP|DATA|JetMET1|Run2024F-ECAL_R_HCAL_DI_JMENano-v2
CAMP|DATA|JetMET1|Run2024F-JMENANOv15-v1
CAMP|DATA|JetMET1|Run2024F-MINIv6NANOv15-v2
CAMP|DATA|JetMET1|Run2024F-PromptBTVJMENano-v1
CAMP|DATA|JetMET1|Run2024F-PromptJMENano-v1
CAMP|DATA|JetMET1|Run2024F-PromptReco-v1
CAMP|DATA|JetMET1|Run2024G-BTVNANOv15-v1
CAMP|DATA|JetMET1|Run2024G-JMENANOv15-v1
CAMP|DATA|JetMET1|Run2024G-MINIv6NANOv15-v2
CAMP|DATA|JetMET1|Run2024G-PromptBTVJMENano-v1
CAMP|DATA|JetMET1|Run2024G-PromptJMENano-v1
CAMP|DATA|JetMET1|Run2024G-PromptReco-v1
CAMP|DATA|JetMET1|Run2024H-BTVNANOv15-v1
CAMP|DATA|JetMET1|Run2024H-JMENANOv15-v1
CAMP|DATA|JetMET1|Run2024H-MINIv6NANOv15-v2
CAMP|DATA|JetMET1|Run2024H-PromptBTVJMENano-v1
CAMP|DATA|JetMET1|Run2024H-PromptJMENano-v1
CAMP|DATA|JetMET1|Run2024H-PromptReco-v1
CAMP|DATA|JetMET1|Run2024I-BTVNANOv15-v1
CAMP|DATA|JetMET1|Run2024I-BTVNANOv15_v2-v1
CAMP|DATA|JetMET1|Run2024I-JMENANOv15-v1
CAMP|DATA|JetMET1|Run2024I-JMENANOv15_v2-v1
CAMP|DATA|JetMET1|Run2024I-MINIv6NANOv15-v1
CAMP|DATA|JetMET1|Run2024I-MINIv6NANOv15_v2-v2
CAMP|DATA|JetMET1|Run2024I-PromptBTVJMENano-v1
CAMP|DATA|JetMET1|Run2024I-PromptBTVJMENano_v2-v1
CAMP|DATA|JetMET1|Run2024I-PromptJMENano-v1
CAMP|DATA|JetMET1|Run2024I-PromptJMENano_v2-v1
CAMP|DATA|JetMET1|Run2024I-PromptReco-v1
CAMP|DATA|JetMET1|Run2024I-PromptReco-v2
CAMP|DATA|JetMET1|Run2024J-PromptReco-v1
HIT|DATA|JetMET1|had|/JetMET1/Run2024C-MINIv6NANOv15-v1/NANOAOD
HIT|DATA|JetMET1|had|/JetMET1/Run2024D-MINIv6NANOv15-v1/NANOAOD
HIT|DATA|JetMET1|had|/JetMET1/Run2024E-MINIv6NANOv15-v1/NANOAOD
HIT|DATA|JetMET1|had|/JetMET1/Run2024F-MINIv6NANOv15-v2/NANOAOD
HIT|DATA|JetMET1|had|/JetMET1/Run2024G-MINIv6NANOv15-v2/NANOAOD
HIT|DATA|JetMET1|had|/JetMET1/Run2024H-MINIv6NANOv15-v2/NANOAOD
HIT|DATA|JetMET1|had|/JetMET1/Run2024I-MINIv6NANOv15-v1/NANOAOD
HIT|DATA|JetMET1|had|/JetMET1/Run2024I-MINIv6NANOv15_v2-v2/NANOAOD
NONE|DATA|JetHT|/JetHT/Run2024*-MINIv6NANOv15*/NANOAOD
CAMP|DATA|BTagMu|Run2024A-PromptReco-v1
CAMP|DATA|BTagMu|Run2024B-PromptReco-v1
CAMP|DATA|BTagMu|Run2024C-2024CDEReprocessing-v1
CAMP|DATA|BTagMu|Run2024C-BTVNANOv15-v1
CAMP|DATA|BTagMu|Run2024C-MINIv6NANOv15_pilot-v1
CAMP|DATA|BTagMu|Run2024C-MINIv6NANOv15-v1
CAMP|DATA|BTagMu|Run2024C-PromptReco-v1
CAMP|DATA|BTagMu|Run2024D-2024CDEReprocessing-v1
CAMP|DATA|BTagMu|Run2024D-BTVNANOv15-v1
CAMP|DATA|BTagMu|Run2024D-MINIv6NANOv15-v1
CAMP|DATA|BTagMu|Run2024D-PromptReco-v1
CAMP|DATA|BTagMu|Run2024E-2024CDEReprocessing-v1
CAMP|DATA|BTagMu|Run2024E-BTVNANOv15-v1
CAMP|DATA|BTagMu|Run2024E-MINIv6NANOv15-v1
CAMP|DATA|BTagMu|Run2024E-PromptReco-v1
CAMP|DATA|BTagMu|Run2024E-PromptReco-v2
CAMP|DATA|BTagMu|Run2024F-BTVNANOv15-v1
CAMP|DATA|BTagMu|Run2024F-MINIv6NANOv15-v1
CAMP|DATA|BTagMu|Run2024F-PromptReco-v1
CAMP|DATA|BTagMu|Run2024G-BTVNANOv15-v1
CAMP|DATA|BTagMu|Run2024G-MINIv6NANOv15-v1
CAMP|DATA|BTagMu|Run2024G-PromptReco-v1
CAMP|DATA|BTagMu|Run2024H-BTVNANOv15-v1
CAMP|DATA|BTagMu|Run2024H-MINIv6NANOv15-v1
CAMP|DATA|BTagMu|Run2024H-PromptReco-v1
CAMP|DATA|BTagMu|Run2024I-BTVNANOv15-v1
CAMP|DATA|BTagMu|Run2024I-BTVNANOv15_v2-v1
CAMP|DATA|BTagMu|Run2024I-JMENANOv15_v2-v1
CAMP|DATA|BTagMu|Run2024I-MINIv6NANOv15-v1
CAMP|DATA|BTagMu|Run2024I-MINIv6NANOv15_v2-v1
CAMP|DATA|BTagMu|Run2024I-PromptReco-v1
CAMP|DATA|BTagMu|Run2024I-PromptReco-v2
CAMP|DATA|BTagMu|Run2024J-PromptReco-v1
HIT|DATA|BTagMu|had|/BTagMu/Run2024C-MINIv6NANOv15_pilot-v1/NANOAOD
HIT|DATA|BTagMu|had|/BTagMu/Run2024C-MINIv6NANOv15-v1/NANOAOD
HIT|DATA|BTagMu|had|/BTagMu/Run2024D-MINIv6NANOv15-v1/NANOAOD
HIT|DATA|BTagMu|had|/BTagMu/Run2024E-MINIv6NANOv15-v1/NANOAOD
HIT|DATA|BTagMu|had|/BTagMu/Run2024F-MINIv6NANOv15-v1/NANOAOD
HIT|DATA|BTagMu|had|/BTagMu/Run2024G-MINIv6NANOv15-v1/NANOAOD
HIT|DATA|BTagMu|had|/BTagMu/Run2024H-MINIv6NANOv15-v1/NANOAOD
HIT|DATA|BTagMu|had|/BTagMu/Run2024I-MINIv6NANOv15-v1/NANOAOD
HIT|DATA|BTagMu|had|/BTagMu/Run2024I-MINIv6NANOv15_v2-v1/NANOAOD
NONE|DATA|Muon|/Muon/Run2024*-MINIv6NANOv15*/NANOAOD
CAMP|DATA|Muon0|Run2024A-PromptReco-v1
CAMP|DATA|Muon0|Run2024B-PromptMUOPOGNano-v1
CAMP|DATA|Muon0|Run2024B-PromptReco-v1
CAMP|DATA|Muon0|Run2024B-ZMu_PromptMUODPGNano-v3
CAMP|DATA|Muon0|Run2024C-2024CDEReprocessing-v1
CAMP|DATA|Muon0|Run2024C-BTVNANOv15-v1
CAMP|DATA|Muon0|Run2024C-ECAL_CC_HCAL_DI_MUOPOGNano-v1
CAMP|DATA|Muon0|Run2024C-ECAL_CC_HCAL_DI-v1
CAMP|DATA|Muon0|Run2024C-JMENANOv15-v1
CAMP|DATA|Muon0|Run2024C-MINIv6NANOv15-v1
CAMP|DATA|Muon0|Run2024C-MUOPOGNANOv15-v2
CAMP|DATA|Muon0|Run2024C-PromptMUOPOGNano-v1
CAMP|DATA|Muon0|Run2024C-PromptReco-v1
CAMP|DATA|Muon0|Run2024C-ZMu_PromptMUODPGNano-v2
CAMP|DATA|Muon0|Run2024D-2024CDEReprocessing-v1
CAMP|DATA|Muon0|Run2024D-BTVNANOv15-v1
CAMP|DATA|Muon0|Run2024D-JMENANOv15-v1
CAMP|DATA|Muon0|Run2024D-MINIv6NANOv15-v1
CAMP|DATA|Muon0|Run2024D-MUOPOGNANOv15-v2
CAMP|DATA|Muon0|Run2024D-PromptMUOPOGNano-v1
CAMP|DATA|Muon0|Run2024D-PromptReco-v1
CAMP|DATA|Muon0|Run2024D-ZMu_PromptMUODPGNano-v2
CAMP|DATA|Muon0|Run2024E-2024CDEReprocessing-v1
CAMP|DATA|Muon0|Run2024E-BTVNANOv15-v1
CAMP|DATA|Muon0|Run2024E-JMENANOv15-v1
CAMP|DATA|Muon0|Run2024E-MINIv6NANOv15-v1
CAMP|DATA|Muon0|Run2024E-MUOPOGNANOv15-v2
CAMP|DATA|Muon0|Run2024E-PromptMUOPOGNano-v1
CAMP|DATA|Muon0|Run2024E-PromptMUOPOGNano_v2-v1
CAMP|DATA|Muon0|Run2024E-PromptReco-v1
CAMP|DATA|Muon0|Run2024E-PromptReco-v2
CAMP|DATA|Muon0|Run2024E-ZMu_PromptMUODPGNano-v2
CAMP|DATA|Muon0|Run2024E-ZMu_PromptMUODPGNano_v2-v1
CAMP|DATA|Muon0|Run2024F-BTVNANOv15-v1
CAMP|DATA|Muon0|Run2024F-JMENANOv15-v1
CAMP|DATA|Muon0|Run2024F-MINIv6NANOv15-v1
CAMP|DATA|Muon0|Run2024F-MUOPOGNANOv15-v2
CAMP|DATA|Muon0|Run2024F-PromptMUOPOGNano-v1
CAMP|DATA|Muon0|Run2024F-PromptReco-v1
CAMP|DATA|Muon0|Run2024F-ZMu_PromptMUODPGNano-v1
CAMP|DATA|Muon0|Run2024G-BTVNANOv15-v1
CAMP|DATA|Muon0|Run2024G-JMENANOv15-v1
CAMP|DATA|Muon0|Run2024G-MINIv6NANOv15-v1
CAMP|DATA|Muon0|Run2024G-MUOPOGNANOv15-v2
CAMP|DATA|Muon0|Run2024G-PromptMUOPOGNano-v1
CAMP|DATA|Muon0|Run2024G-PromptReco-v1
CAMP|DATA|Muon0|Run2024G-ZMu_PromptMUODPGNano-v1
CAMP|DATA|Muon0|Run2024H-BTVNANOv15-v1
CAMP|DATA|Muon0|Run2024H-JMENANOv15-v1
CAMP|DATA|Muon0|Run2024H-MINIv6NANOv15-v1
CAMP|DATA|Muon0|Run2024H-MUOPOGNANOv15-v2
CAMP|DATA|Muon0|Run2024H-PromptMUOPOGNano-v1
CAMP|DATA|Muon0|Run2024H-PromptReco-v1
CAMP|DATA|Muon0|Run2024H-ZMu_PromptMUODPGNano-v1
CAMP|DATA|Muon0|Run2024I-BTVNANOv15-v1
CAMP|DATA|Muon0|Run2024I-BTVNANOv15_v2-v1
CAMP|DATA|Muon0|Run2024I-JMENANOv15-v1
CAMP|DATA|Muon0|Run2024I-JMENANOv15_v2-v1
CAMP|DATA|Muon0|Run2024I-MINIv6NANOv15-v1
CAMP|DATA|Muon0|Run2024I-MINIv6NANOv15_v2-v1
CAMP|DATA|Muon0|Run2024I-MUOPOGNANOv15-v2
CAMP|DATA|Muon0|Run2024I-MUOPOGNANOv15_v2-v2
CAMP|DATA|Muon0|Run2024I-PromptMUOPOGNano-v1
CAMP|DATA|Muon0|Run2024I-PromptMUOPOGNano_v2-v1
CAMP|DATA|Muon0|Run2024I-PromptReco-v1
CAMP|DATA|Muon0|Run2024I-PromptReco-v2
CAMP|DATA|Muon0|Run2024I-ZMu_PromptMUODPGNano-v3
CAMP|DATA|Muon0|Run2024J-PromptReco-v1
HIT|DATA|Muon0|had,lep|/Muon0/Run2024C-MINIv6NANOv15-v1/NANOAOD
HIT|DATA|Muon0|had,lep|/Muon0/Run2024D-MINIv6NANOv15-v1/NANOAOD
HIT|DATA|Muon0|had,lep|/Muon0/Run2024E-MINIv6NANOv15-v1/NANOAOD
HIT|DATA|Muon0|had,lep|/Muon0/Run2024F-MINIv6NANOv15-v1/NANOAOD
HIT|DATA|Muon0|had,lep|/Muon0/Run2024G-MINIv6NANOv15-v1/NANOAOD
HIT|DATA|Muon0|had,lep|/Muon0/Run2024H-MINIv6NANOv15-v1/NANOAOD
HIT|DATA|Muon0|had,lep|/Muon0/Run2024I-MINIv6NANOv15-v1/NANOAOD
HIT|DATA|Muon0|had,lep|/Muon0/Run2024I-MINIv6NANOv15_v2-v1/NANOAOD
CAMP|DATA|Muon1|Run2024A-PromptReco-v1
CAMP|DATA|Muon1|Run2024B-PromptMUOPOGNano-v1
CAMP|DATA|Muon1|Run2024B-PromptReco-v1
CAMP|DATA|Muon1|Run2024B-ZMu_PromptMUODPGNano-v3
CAMP|DATA|Muon1|Run2024C-2024CDEReprocessing-v1
CAMP|DATA|Muon1|Run2024C-BTVNANOv15-v1
CAMP|DATA|Muon1|Run2024C-ECAL_CC_HCAL_DI_MUOPOGNano-v1
CAMP|DATA|Muon1|Run2024C-ECAL_CC_HCAL_DI-v1
CAMP|DATA|Muon1|Run2024C-JMENANOv15-v1
CAMP|DATA|Muon1|Run2024C-MINIv6NANOv15-v1
CAMP|DATA|Muon1|Run2024C-MUOPOGNANOv15-v2
CAMP|DATA|Muon1|Run2024C-PromptMUOPOGNano-v1
CAMP|DATA|Muon1|Run2024C-PromptReco-v1
CAMP|DATA|Muon1|Run2024C-ZMu_PromptMUODPGNano-v2
CAMP|DATA|Muon1|Run2024D-2024CDEReprocessing-v1
CAMP|DATA|Muon1|Run2024D-BTVNANOv15-v1
CAMP|DATA|Muon1|Run2024D-JMENANOv15-v1
CAMP|DATA|Muon1|Run2024D-MINIv6NANOv15-v1
CAMP|DATA|Muon1|Run2024D-MUOPOGNANOv15-v2
CAMP|DATA|Muon1|Run2024D-PromptMUOPOGNano-v1
CAMP|DATA|Muon1|Run2024D-PromptReco-v1
CAMP|DATA|Muon1|Run2024D-ZMu_PromptMUODPGNano-v2
CAMP|DATA|Muon1|Run2024E-2024CDEReprocessing-v1
CAMP|DATA|Muon1|Run2024E-BTVNANOv15-v1
CAMP|DATA|Muon1|Run2024E-JMENANOv15-v1
CAMP|DATA|Muon1|Run2024E-MINIv6NANOv15-v1
CAMP|DATA|Muon1|Run2024E-MUOPOGNANOv15-v2
CAMP|DATA|Muon1|Run2024E-PromptMUOPOGNano-v1
CAMP|DATA|Muon1|Run2024E-PromptMUOPOGNano_v2-v1
CAMP|DATA|Muon1|Run2024E-PromptReco-v1
CAMP|DATA|Muon1|Run2024E-PromptReco-v2
CAMP|DATA|Muon1|Run2024E-ZMu_PromptMUODPGNano-v2
CAMP|DATA|Muon1|Run2024E-ZMu_PromptMUODPGNano_v2-v1
CAMP|DATA|Muon1|Run2024F-BTVNANOv15-v1
CAMP|DATA|Muon1|Run2024F-JMENANOv15-v1
CAMP|DATA|Muon1|Run2024F-MINIv6NANOv15-v1
CAMP|DATA|Muon1|Run2024F-MUOPOGNANOv15-v2
CAMP|DATA|Muon1|Run2024F-PromptMUOPOGNano-v1
CAMP|DATA|Muon1|Run2024F-PromptReco-v1
CAMP|DATA|Muon1|Run2024F-ZMu_PromptMUODPGNano-v1
CAMP|DATA|Muon1|Run2024G-BTVNANOv15-v1
CAMP|DATA|Muon1|Run2024G-JMENANOv15-v1
CAMP|DATA|Muon1|Run2024G-MINIv6NANOv15-v2
CAMP|DATA|Muon1|Run2024G-MUOPOGNANOv15-v1
CAMP|DATA|Muon1|Run2024G-PromptMUOPOGNano-v1
CAMP|DATA|Muon1|Run2024G-PromptReco-v1
CAMP|DATA|Muon1|Run2024G-ZMu_PromptMUODPGNano-v1
CAMP|DATA|Muon1|Run2024H-BTVNANOv15-v1
CAMP|DATA|Muon1|Run2024H-JMENANOv15-v1
CAMP|DATA|Muon1|Run2024H-MINIv6NANOv15-v2
CAMP|DATA|Muon1|Run2024H-MUOPOGNANOv15-v2
CAMP|DATA|Muon1|Run2024H-PromptMUOPOGNano-v1
CAMP|DATA|Muon1|Run2024H-PromptReco-v1
CAMP|DATA|Muon1|Run2024H-ZMu_PromptMUODPGNano-v1
CAMP|DATA|Muon1|Run2024I-BTVNANOv15-v1
CAMP|DATA|Muon1|Run2024I-BTVNANOv15_v2-v1
CAMP|DATA|Muon1|Run2024I-JMENANOv15-v1
CAMP|DATA|Muon1|Run2024I-JMENANOv15_v2-v1
CAMP|DATA|Muon1|Run2024I-MINIv6NANOv15-v1
CAMP|DATA|Muon1|Run2024I-MINIv6NANOv15_v2-v1
CAMP|DATA|Muon1|Run2024I-MUOPOGNANOv15-v2
CAMP|DATA|Muon1|Run2024I-MUOPOGNANOv15_v2-v2
CAMP|DATA|Muon1|Run2024I-PromptMUOPOGNano-v1
CAMP|DATA|Muon1|Run2024I-PromptMUOPOGNano_v2-v1
CAMP|DATA|Muon1|Run2024I-PromptReco-v1
CAMP|DATA|Muon1|Run2024I-PromptReco-v2
CAMP|DATA|Muon1|Run2024I-ZMu_PromptMUODPGNano-v2
CAMP|DATA|Muon1|Run2024J-PromptReco-v1
HIT|DATA|Muon1|had,lep|/Muon1/Run2024C-MINIv6NANOv15-v1/NANOAOD
HIT|DATA|Muon1|had,lep|/Muon1/Run2024D-MINIv6NANOv15-v1/NANOAOD
HIT|DATA|Muon1|had,lep|/Muon1/Run2024E-MINIv6NANOv15-v1/NANOAOD
HIT|DATA|Muon1|had,lep|/Muon1/Run2024F-MINIv6NANOv15-v1/NANOAOD
HIT|DATA|Muon1|had,lep|/Muon1/Run2024G-MINIv6NANOv15-v2/NANOAOD
HIT|DATA|Muon1|had,lep|/Muon1/Run2024H-MINIv6NANOv15-v2/NANOAOD
HIT|DATA|Muon1|had,lep|/Muon1/Run2024I-MINIv6NANOv15-v1/NANOAOD
HIT|DATA|Muon1|had,lep|/Muon1/Run2024I-MINIv6NANOv15_v2-v1/NANOAOD
NONE|DATA|SingleMuon|/SingleMuon/Run2024*-MINIv6NANOv15*/NANOAOD
NONE|DATA|EGamma|/EGamma/Run2024*-MINIv6NANOv15*/NANOAOD
CAMP|DATA|EGamma0|Run2024A-PromptReco-v1
CAMP|DATA|EGamma0|Run2024B-2024ECALRATIO_JMENano-v1
CAMP|DATA|EGamma0|Run2024B-2024ECALRATIO_JMENano-v2
CAMP|DATA|EGamma0|Run2024B-2024ECALRATIO_JMENano-v3
CAMP|DATA|EGamma0|Run2024B-2024ECALRATIO_JMENano-v4
CAMP|DATA|EGamma0|Run2024B-EGMJME_PromptJMENano-v2
CAMP|DATA|EGamma0|Run2024B-PromptEGMNano-v1
CAMP|DATA|EGamma0|Run2024B-PromptReco-v1
CAMP|DATA|EGamma0|Run2024C-2024CDEReprocessing-v2
CAMP|DATA|EGamma0|Run2024C-2024ECALRATIO_JMENano-v1
CAMP|DATA|EGamma0|Run2024C-2024ECALRATIO_JMENano-v2
CAMP|DATA|EGamma0|Run2024C-2024ECALRATIO_JMENano-v3
CAMP|DATA|EGamma0|Run2024C-2024ECALRATIO_JMENano-v4
CAMP|DATA|EGamma0|Run2024C-BTVNANOv15-v1
CAMP|DATA|EGamma0|Run2024C-ECAL_CC_HCAL_DI_JMENano-v1
CAMP|DATA|EGamma0|Run2024C-ECAL_CC_HCAL_DI_JMENano-v2
CAMP|DATA|EGamma0|Run2024C-ECAL_CC_HCAL_DI_JMENano-v3
CAMP|DATA|EGamma0|Run2024C-ECAL_CC_HCAL_DI-v1
CAMP|DATA|EGamma0|Run2024C-ECAL_R_HCAL_DI_JMENano-v1
CAMP|DATA|EGamma0|Run2024C-ECAL_R_HCAL_DI_JMENano-v2
CAMP|DATA|EGamma0|Run2024C-ECAL_R_HCAL_DI_JMENano-v3
CAMP|DATA|EGamma0|Run2024C-ECAL_R_HCAL_DI-v1
CAMP|DATA|EGamma0|Run2024C-JMENANOv15-v1
CAMP|DATA|EGamma0|Run2024C-MINIv6NANOv15-v1
CAMP|DATA|EGamma0|Run2024C-PromptEGMNano-v1
CAMP|DATA|EGamma0|Run2024C-PromptEGMNano-v2
CAMP|DATA|EGamma0|Run2024C-PromptReco-v1
CAMP|DATA|EGamma0|Run2024D-2024CDEReprocessing-v2
CAMP|DATA|EGamma0|Run2024D-BTVNANOv15-v1
CAMP|DATA|EGamma0|Run2024D-JMENANOv15-v1
CAMP|DATA|EGamma0|Run2024D-MINIv6NANOv15-v1
CAMP|DATA|EGamma0|Run2024D-PromptEGMNano-v1
CAMP|DATA|EGamma0|Run2024D-PromptReco-v1
CAMP|DATA|EGamma0|Run2024E-2024CDEReprocessing-v2
CAMP|DATA|EGamma0|Run2024E-BTVNANOv15-v1
CAMP|DATA|EGamma0|Run2024E-JMENANOv15-v1
CAMP|DATA|EGamma0|Run2024E-MINIv6NANOv15-v1
CAMP|DATA|EGamma0|Run2024E-PromptEGMNano-v1
CAMP|DATA|EGamma0|Run2024E-PromptEGMNano_v2-v1
CAMP|DATA|EGamma0|Run2024E-PromptReco-v1
CAMP|DATA|EGamma0|Run2024E-PromptReco-v2
CAMP|DATA|EGamma0|Run2024F-BTVNANOv15-v1
CAMP|DATA|EGamma0|Run2024F-ECAL_CC_HCAL_DI_JMENano-v1
CAMP|DATA|EGamma0|Run2024F-ECAL_CC_HCAL_DI_JMENano-v2
CAMP|DATA|EGamma0|Run2024F-ECAL_CC_HCAL_DI_JMENano-v3
CAMP|DATA|EGamma0|Run2024F-ECAL_CC_HCAL_DI-v1
CAMP|DATA|EGamma0|Run2024F-ECAL_CC_HCAL_DI-v2
CAMP|DATA|EGamma0|Run2024F-ECAL_R_HCAL_DI_JMENano-v1
CAMP|DATA|EGamma0|Run2024F-ECAL_R_HCAL_DI_JMENano-v3
CAMP|DATA|EGamma0|Run2024F-ECAL_R_HCAL_DI_JMENano-v4
CAMP|DATA|EGamma0|Run2024F-JMENANOv15-v1
CAMP|DATA|EGamma0|Run2024F-MINIv6NANOv15-v1
CAMP|DATA|EGamma0|Run2024F-PromptEGMNano-v1
CAMP|DATA|EGamma0|Run2024F-PromptReco-v1
CAMP|DATA|EGamma0|Run2024G-BTVNANOv15-v1
CAMP|DATA|EGamma0|Run2024G-JMENANOv15-v1
CAMP|DATA|EGamma0|Run2024G-MINIv6NANOv15-v2
CAMP|DATA|EGamma0|Run2024G-PromptEGMNano-v1
CAMP|DATA|EGamma0|Run2024G-PromptReco-v1
CAMP|DATA|EGamma0|Run2024H-BTVNANOv15-v1
CAMP|DATA|EGamma0|Run2024H-JMENANOv15-v1
CAMP|DATA|EGamma0|Run2024H-MINIv6NANOv15-v2
CAMP|DATA|EGamma0|Run2024H-PromptEGMNano-v1
CAMP|DATA|EGamma0|Run2024H-PromptReco-v1
CAMP|DATA|EGamma0|Run2024I-BTVNANOv15-v1
CAMP|DATA|EGamma0|Run2024I-BTVNANOv15_v2-v1
CAMP|DATA|EGamma0|Run2024I-JMENANOv15-v1
CAMP|DATA|EGamma0|Run2024I-JMENANOv15_v2-v1
CAMP|DATA|EGamma0|Run2024I-MINIv6NANOv15-v1
CAMP|DATA|EGamma0|Run2024I-MINIv6NANOv15_v2-v1
CAMP|DATA|EGamma0|Run2024I-PromptEGMNano-v1
CAMP|DATA|EGamma0|Run2024I-PromptEGMNano_v2-v1
CAMP|DATA|EGamma0|Run2024I-PromptReco-v1
CAMP|DATA|EGamma0|Run2024I-PromptReco-v2
CAMP|DATA|EGamma0|Run2024J-PromptReco-v1
HIT|DATA|EGamma0|lep|/EGamma0/Run2024C-MINIv6NANOv15-v1/NANOAOD
HIT|DATA|EGamma0|lep|/EGamma0/Run2024D-MINIv6NANOv15-v1/NANOAOD
HIT|DATA|EGamma0|lep|/EGamma0/Run2024E-MINIv6NANOv15-v1/NANOAOD
HIT|DATA|EGamma0|lep|/EGamma0/Run2024F-MINIv6NANOv15-v1/NANOAOD
HIT|DATA|EGamma0|lep|/EGamma0/Run2024G-MINIv6NANOv15-v2/NANOAOD
HIT|DATA|EGamma0|lep|/EGamma0/Run2024H-MINIv6NANOv15-v2/NANOAOD
HIT|DATA|EGamma0|lep|/EGamma0/Run2024I-MINIv6NANOv15-v1/NANOAOD
HIT|DATA|EGamma0|lep|/EGamma0/Run2024I-MINIv6NANOv15_v2-v1/NANOAOD
CAMP|DATA|EGamma1|Run2024A-PromptReco-v1
CAMP|DATA|EGamma1|Run2024B-2024ECALRATIO_JMENano-v1
CAMP|DATA|EGamma1|Run2024B-2024ECALRATIO_JMENano-v2
CAMP|DATA|EGamma1|Run2024B-2024ECALRATIO_JMENano-v3
CAMP|DATA|EGamma1|Run2024B-2024ECALRATIO_JMENano-v4
CAMP|DATA|EGamma1|Run2024B-EGMJME_PromptJMENano-v1
CAMP|DATA|EGamma1|Run2024B-PromptEGMNano-v1
CAMP|DATA|EGamma1|Run2024B-PromptReco-v1
CAMP|DATA|EGamma1|Run2024C-2024CDEReprocessing-v2
CAMP|DATA|EGamma1|Run2024C-2024ECALRATIO_JMENano-v1
CAMP|DATA|EGamma1|Run2024C-2024ECALRATIO_JMENano-v2
CAMP|DATA|EGamma1|Run2024C-2024ECALRATIO_JMENano-v3
CAMP|DATA|EGamma1|Run2024C-2024ECALRATIO_JMENano-v4
CAMP|DATA|EGamma1|Run2024C-BTVNANOv15-v1
CAMP|DATA|EGamma1|Run2024C-ECAL_CC_HCAL_DI_JMENano-v1
CAMP|DATA|EGamma1|Run2024C-ECAL_CC_HCAL_DI_JMENano-v2
CAMP|DATA|EGamma1|Run2024C-ECAL_CC_HCAL_DI_JMENano-v3
CAMP|DATA|EGamma1|Run2024C-ECAL_CC_HCAL_DI-v1
CAMP|DATA|EGamma1|Run2024C-ECAL_R_HCAL_DI_JMENano-v1
CAMP|DATA|EGamma1|Run2024C-ECAL_R_HCAL_DI_JMENano-v2
CAMP|DATA|EGamma1|Run2024C-ECAL_R_HCAL_DI_JMENano-v3
CAMP|DATA|EGamma1|Run2024C-ECAL_R_HCAL_DI-v1
CAMP|DATA|EGamma1|Run2024C-JMENANOv15-v1
CAMP|DATA|EGamma1|Run2024C-MINIv6NANOv15-v1
CAMP|DATA|EGamma1|Run2024C-PromptEGMNano-v1
CAMP|DATA|EGamma1|Run2024C-PromptReco-v1
CAMP|DATA|EGamma1|Run2024D-2024CDEReprocessing-v2
CAMP|DATA|EGamma1|Run2024D-BTVNANOv15-v1
CAMP|DATA|EGamma1|Run2024D-JMENANOv15-v1
CAMP|DATA|EGamma1|Run2024D-MINIv6NANOv15-v1
CAMP|DATA|EGamma1|Run2024D-PromptEGMNano-v1
CAMP|DATA|EGamma1|Run2024D-PromptReco-v1
CAMP|DATA|EGamma1|Run2024E-2024CDEReprocessing-v2
CAMP|DATA|EGamma1|Run2024E-BTVNANOv15-v1
CAMP|DATA|EGamma1|Run2024E-JMENANOv15-v1
CAMP|DATA|EGamma1|Run2024E-MINIv6NANOv15-v1
CAMP|DATA|EGamma1|Run2024E-PromptEGMNano-v1
CAMP|DATA|EGamma1|Run2024E-PromptEGMNano_v2-v1
CAMP|DATA|EGamma1|Run2024E-PromptReco-v1
CAMP|DATA|EGamma1|Run2024E-PromptReco-v2
CAMP|DATA|EGamma1|Run2024F-BTVNANOv15-v1
CAMP|DATA|EGamma1|Run2024F-ECAL_CC_HCAL_DI_JMENano-v1
CAMP|DATA|EGamma1|Run2024F-ECAL_CC_HCAL_DI_JMENano-v2
CAMP|DATA|EGamma1|Run2024F-ECAL_CC_HCAL_DI_JMENano-v3
CAMP|DATA|EGamma1|Run2024F-ECAL_CC_HCAL_DI-v2
CAMP|DATA|EGamma1|Run2024F-ECAL_CC_HCAL_DI-v3
CAMP|DATA|EGamma1|Run2024F-ECAL_R_HCAL_DI_JMENano-v1
CAMP|DATA|EGamma1|Run2024F-ECAL_R_HCAL_DI_JMENano-v2
CAMP|DATA|EGamma1|Run2024F-ECAL_R_HCAL_DI_JMENano-v3
CAMP|DATA|EGamma1|Run2024F-JMENANOv15-v1
CAMP|DATA|EGamma1|Run2024F-MINIv6NANOv15-v1
CAMP|DATA|EGamma1|Run2024F-PromptEGMNano-v1
CAMP|DATA|EGamma1|Run2024F-PromptReco-v1
CAMP|DATA|EGamma1|Run2024G-BTVNANOv15-v1
CAMP|DATA|EGamma1|Run2024G-JMENANOv15-v1
CAMP|DATA|EGamma1|Run2024G-MINIv6NANOv15-v2
CAMP|DATA|EGamma1|Run2024G-PromptEGMNano-v1
CAMP|DATA|EGamma1|Run2024G-PromptReco-v1
CAMP|DATA|EGamma1|Run2024H-BTVNANOv15-v1
CAMP|DATA|EGamma1|Run2024H-JMENANOv15-v1
CAMP|DATA|EGamma1|Run2024H-MINIv6NANOv15-v1
CAMP|DATA|EGamma1|Run2024H-PromptEGMNano-v1
CAMP|DATA|EGamma1|Run2024H-PromptReco-v1
CAMP|DATA|EGamma1|Run2024I-BTVNANOv15-v1
CAMP|DATA|EGamma1|Run2024I-BTVNANOv15_v2-v1
CAMP|DATA|EGamma1|Run2024I-JMENANOv15-v1
CAMP|DATA|EGamma1|Run2024I-JMENANOv15_v2-v1
CAMP|DATA|EGamma1|Run2024I-MINIv6NANOv15-v1
CAMP|DATA|EGamma1|Run2024I-MINIv6NANOv15_v2-v1
CAMP|DATA|EGamma1|Run2024I-PromptEGMNano-v1
CAMP|DATA|EGamma1|Run2024I-PromptEGMNano_v2-v1
CAMP|DATA|EGamma1|Run2024I-PromptReco-v1
CAMP|DATA|EGamma1|Run2024I-PromptReco-v2
CAMP|DATA|EGamma1|Run2024J-PromptReco-v1
HIT|DATA|EGamma1|lep|/EGamma1/Run2024C-MINIv6NANOv15-v1/NANOAOD
HIT|DATA|EGamma1|lep|/EGamma1/Run2024D-MINIv6NANOv15-v1/NANOAOD
HIT|DATA|EGamma1|lep|/EGamma1/Run2024E-MINIv6NANOv15-v1/NANOAOD
HIT|DATA|EGamma1|lep|/EGamma1/Run2024F-MINIv6NANOv15-v1/NANOAOD
HIT|DATA|EGamma1|lep|/EGamma1/Run2024G-MINIv6NANOv15-v2/NANOAOD
HIT|DATA|EGamma1|lep|/EGamma1/Run2024H-MINIv6NANOv15-v1/NANOAOD
HIT|DATA|EGamma1|lep|/EGamma1/Run2024I-MINIv6NANOv15-v1/NANOAOD
HIT|DATA|EGamma1|lep|/EGamma1/Run2024I-MINIv6NANOv15_v2-v1/NANOAOD

### DONE era=2024 nano=v15  2026-09-07T13:48:35Z
### next: fill script/samples_registry_run3.txt from the HIT| lines (drop JMENano/BTVNano/PFNano flavours),
###       then: bash script/das_scan.sh --era 2024 --nano v15 --registry script/samples_registry_run3.txt --workstream had --out ...
